{
"type": "FeatureCollection",
"name": "aut",
"crs": { "type": "name", "properties": { "name": "urn:ogc:def:crs:OGC:1.3:CRS84" } },
"features": [
{ "type": "Feature", "properties": { "id_poligono_aut": 71, "zona": "19", "datum": "WGS 84 (UTM)", "area_otorgada": 5.0, "bien_asociado": "Cauce (Isla)", "aaa": "MADRE DE DIOS", "ala": "TAHUAMANU - MADRE DE DIOS", "cut": "152321-2018", "numero_resolucion": "0008-2019", "fecha_resolucion": "2019-01-04T00:00:00", "resumen": "AUTORIZAR el uso temporal de un área de una isla ubicada en el cauce del rio Madre de Dios para la siembra de cultivos, a favor del señor CESAR AGUILAR HUAMAN, identificado con DNI N° 41953915; dic", "clase_resolucion": "AUTORIZACION DE USO TEMPORAL", "anio_rd": "2019", "archivo": "59-RD-0008-2019-04.pdf", "detalle_rd": "ANA-AAA.MDD", "nombre_o_razon_social": "Cesar Aguilar Huaman", "tipo_documento": "DNI", "numero_documento": "41953915", "departamento": "Madre de Dios", "provincia": "Manu", "distrito": "Manu", "sector": "Tropical", "tipo_aut": "Isla", "area_total": 19.5, "periodo_autorizacion": "", "fecha_autorizacion": "2023-12-31T00:00:00" }, "geometry": { "type": "Polygon", "coordinates": [ [ [ -71.374553133975937, -12.862143392818064 ], [ -71.375582349975886, -12.856792898818162 ], [ -71.374317982975981, -12.85718345781814 ], [ -71.373434443975981, -12.856984541818173 ], [ -71.372601399976034, -12.857373206818181 ], [ -71.372388065976097, -12.857814202818176 ], [ -71.372625265976041, -12.858182974818185 ], [ -71.371703209976118, -12.859576446818124 ], [ -71.371017705976158, -12.861675296818154 ], [ -71.37323921797605, -12.862216515818073 ], [ -71.374255221976, -12.86242368381809 ], [ -71.374553133975937, -12.862143392818064 ] ] ] } },
{ "type": "Feature", "properties": { "id_poligono_aut": 1, "zona": "19", "datum": "WGS 84 (UTM)", "area_otorgada": 0.04, "bien_asociado": "Faja Marginal y Rebera derecha", "aaa": "MADRE DE DIOS", "ala": "TAHUAMANU - MADRE DE DIOS", "cut": "163272-2019", "numero_resolucion": "0509-2019", "fecha_resolucion": "2019-09-24T00:00:00", "resumen": "AUTORIZAR el uso temporal de terreno de la faja marginal y ribera derecha del rio Madre de Dios para siembra de cultivos, a favor del señor EDGAR FRISANCHO JARAMILLO, identificado con DNI Nº 0481786", "clase_resolucion": "AUTORIZACION DE USO TEMPORAL", "anio_rd": "2019", "archivo": "59-RD-0509-2019-04.pdf", "detalle_rd": "ANA-AAA.MDD", "nombre_o_razon_social": "Edgar Frisancho Jaramillo", "tipo_documento": "DNI", "numero_documento": "04817864", "departamento": "Madre de Dios", "provincia": "Tambopata", "distrito": "Tambopata", "sector": "Rompeolas", "tipo_aut": "Faja Marginal\/Ribera", "area_total": 0.04, "periodo_autorizacion": "", "fecha_autorizacion": "2022-12-31T00:00:00" }, "geometry": { "type": "Polygon", "coordinates": [ [ [ -69.205296156999893, -12.564003220825978 ], [ -69.205260560999932, -12.564067282825961 ], [ -69.205461187999902, -12.564120653825986 ], [ -69.205619327999898, -12.564120843825975 ], [ -69.205647879999901, -12.564013918825957 ], [ -69.205508603999917, -12.564012661826014 ], [ -69.205296156999893, -12.564003220825978 ] ] ] } },
{ "type": "Feature", "properties": { "id_poligono_aut": 2, "zona": "19", "datum": "WGS 84 (UTM)", "area_otorgada": 2.43, "bien_asociado": "Isla", "aaa": "MADRE DE DIOS", "ala": "TAHUAMANU - MADRE DE DIOS", "cut": "168998-2018", "numero_resolucion": "0474-2019", "fecha_resolucion": "2019-09-13T00:00:00", "resumen": "AUTORIZAR el uso temporal de un terreno de isla ubicada en el cauce del río Sabaluyoc para siembra de cultivos, a favor del señor AGUSTÍN CCANCCAHUA CCOYO, identificado con DNI Nº 24478648; dicha", "clase_resolucion": "AUTORIZACION DE USO TEMPORAL", "anio_rd": "2019", "archivo": "59-RD-0474-2019-04.pdf", "detalle_rd": "ANA-AAA.MDD", "nombre_o_razon_social": "Agustin Ccanccahua Ccoyo", "tipo_documento": "DNI", "numero_documento": "24478648", "departamento": "Cusco", "provincia": "Paucartambo", "distrito": "Kosñipata", "sector": "Sabaluyoc", "tipo_aut": "Isla", "area_total": 2.43, "periodo_autorizacion": "", "fecha_autorizacion": "2024-12-31T00:00:00" }, "geometry": { "type": "Polygon", "coordinates": [ [ [ -71.339377540977893, -12.953400722817298 ], [ -71.339887302977857, -12.9532190938173 ], [ -71.340225530977875, -12.95311873381727 ], [ -71.341431464977788, -12.951868699817307 ], [ -71.338922292977884, -12.952085733817338 ], [ -71.339377540977893, -12.953400722817298 ] ] ] } },
{ "type": "Feature", "properties": { "id_poligono_aut": 3, "zona": "19", "datum": "WGS 84 (UTM)", "area_otorgada": 2.0, "bien_asociado": "Isla", "aaa": "MADRE DE DIOS", "ala": "TAHUAMANU - MADRE DE DIOS", "cut": "111430-2019", "numero_resolucion": "0473-2019", "fecha_resolucion": "2019-09-13T00:00:00", "resumen": "AUTORIZAR el uso temporal de un área de isla ubicada en el cauce del río Piñipiñi para siembra de cultivos, a favor del señor JUAN PUMALAURA QUISPE, identificado con DNI Nº 44260466; dicha área", "clase_resolucion": "AUTORIZACION DE USO TEMPORAL", "anio_rd": "2019", "archivo": "59-RD-0473-2019-03.pdf", "detalle_rd": "ANA-AAA.MDD", "nombre_o_razon_social": "Juan Pumalaura Quispe", "tipo_documento": "DNI", "numero_documento": "44260466", "departamento": "Cusco", "provincia": "Paucartambo", "distrito": "Kosñipata", "sector": "Pillcopata", "tipo_aut": "Isla", "area_total": 2.0, "periodo_autorizacion": "", "fecha_autorizacion": "2024-12-31T00:00:00" }, "geometry": { "type": "Polygon", "coordinates": [ [ [ -71.400939356974646, -12.883751775817435 ], [ -71.400205816974676, -12.883026589817437 ], [ -71.398262945974793, -12.883521070817487 ], [ -71.399391764974723, -12.884224770817434 ], [ -71.400939356974646, -12.883751775817435 ] ] ] } },
{ "type": "Feature", "properties": { "id_poligono_aut": 4, "zona": "19", "datum": "WGS 84 (UTM)", "area_otorgada": 0.54, "bien_asociado": "Isla", "aaa": "MADRE DE DIOS", "ala": "TAHUAMANU - MADRE DE DIOS", "cut": "149457-2019", "numero_resolucion": "0471-2019", "fecha_resolucion": "2019-09-11T00:00:00", "resumen": "AUTORIZAR el uso temporal de un área de isla ubicada en el cauce del rio Madre de Dios para la siembra de cultivos, a favor del señor VICTOR YUPANQUI HUILLCA, identificado con DNI Nº 47141200; dich", "clase_resolucion": "AUTORIZACION DE USO TEMPORAL", "anio_rd": "2019", "archivo": "59-RD-0471-2019-04.pdf", "detalle_rd": "ANA-AAA.MDD", "nombre_o_razon_social": "Victor Yupanqui Huillca", "tipo_documento": "DNI", "numero_documento": "47141200", "departamento": "Madre de Dios", "provincia": "Manu", "distrito": "Manu", "sector": "Nueva Mansilla", "tipo_aut": "Isla", "area_total": 0.54, "periodo_autorizacion": "", "fecha_autorizacion": "2022-12-31T00:00:00" }, "geometry": { "type": "Polygon", "coordinates": [ [ [ -71.372074346976092, -12.86468540181809 ], [ -71.372778781976052, -12.864357812818087 ], [ -71.373157963976055, -12.863610248818105 ], [ -71.372637551976055, -12.863663718818055 ], [ -71.372074346976092, -12.86468540181809 ] ] ] } },
{ "type": "Feature", "properties": { "id_poligono_aut": 73, "zona": "19", "datum": "WGS 84 (UTM)", "area_otorgada": 0.25, "bien_asociado": "Isla", "aaa": "MADRE DE DIOS", "ala": "TAHUAMANU - MADRE DE DIOS", "cut": "91980-2019", "numero_resolucion": "0259-2019", "fecha_resolucion": "2019-07-12T00:00:00", "resumen": "AUTORIZAR el uso temporal de un área de isla ubicada en el río Pilcopata para siembra de cultivos, a favor del señor ALBERTO TUPACYUPANQUI FLORES, identificado conDNI Nº 40228016; dichas áreas se", "clase_resolucion": "AUTORIZACION DE USO TEMPORAL", "anio_rd": "2019", "archivo": "59-RD-0259-2019-04.pdf", "detalle_rd": "ANA-AAA.MDD", "nombre_o_razon_social": "Alberto Tupacyupanqui Flores", "tipo_documento": "DNI", "numero_documento": "40228016", "departamento": "Cusco", "provincia": "Paucartambo", "distrito": "Kosñipata", "sector": "Pelayoc", "tipo_aut": "Isla", "area_total": 0.5, "periodo_autorizacion": "", "fecha_autorizacion": "2024-12-31T00:00:00" }, "geometry": { "type": "Polygon", "coordinates": [ [ [ -71.391280819504075, -12.888818050735033 ], [ -71.391587647213385, -12.889122458815304 ], [ -71.391114333210027, -12.889714102068242 ], [ -71.39049335508291, -12.889304135789748 ], [ -71.391280819504075, -12.888818050735033 ] ] ] } },
{ "type": "Feature", "properties": { "id_poligono_aut": 5, "zona": "19", "datum": "WGS 84 (UTM)", "area_otorgada": 0.5, "bien_asociado": "Isla", "aaa": "MADRE DE DIOS", "ala": "TAHUAMANU - MADRE DE DIOS", "cut": "91980-2019", "numero_resolucion": "0259-2019", "fecha_resolucion": "2019-07-12T00:00:00", "resumen": "AUTORIZAR el uso temporal de un área de isla ubicada en el río Pilcopata para siembra de cultivos, a favor del señor ALBERTO TUPACYUPANQUI FLORES, identificado conDNI Nº 40228016; dichas áreas se", "clase_resolucion": "AUTORIZACION DE USO TEMPORAL", "anio_rd": "2019", "archivo": "59-RD-0259-2019-04.pdf", "detalle_rd": "ANA-AAA.MDD", "nombre_o_razon_social": "Alberto Tupacyupanqui Flores", "tipo_documento": "DNI", "numero_documento": "40228016", "departamento": "Cusco", "provincia": "Paucartambo", "distrito": "Kosñipata", "sector": "Pelayoc", "tipo_aut": "Isla", "area_total": 0.5, "periodo_autorizacion": "", "fecha_autorizacion": "2024-12-31T00:00:00" }, "geometry": { "type": "Polygon", "coordinates": [ [ [ -71.393200276975051, -12.891110921817445 ], [ -71.392682537975105, -12.890029170817501 ], [ -71.39178133997514, -12.890408556817473 ], [ -71.392037327975117, -12.891329621817446 ], [ -71.393200276975051, -12.891110921817445 ] ] ] } },
{ "type": "Feature", "properties": { "id_poligono_aut": 6, "zona": "19", "datum": "WGS 84 (UTM)", "area_otorgada": 0.36, "bien_asociado": "Faja Marginal Derecha", "aaa": "MADRE DE DIOS", "ala": "TAHUAMANU - MADRE DE DIOS", "cut": "91990-2019", "numero_resolucion": "0256-2019", "fecha_resolucion": "2019-07-12T00:00:00", "resumen": "AUTORIZAR el uso temporal de un área de la faja marginal derecha del rio Tono para siembra de cultivos, a favor de la señora SABINA MAMAN! MURILLO, identificada con DNI Nº 25132308; dicha área se", "clase_resolucion": "AUTORIZACION DE USO TEMPORAL", "anio_rd": "2019", "archivo": "59-RD-0256-2019-04.pdf", "detalle_rd": "ANA-AAA.MDD", "nombre_o_razon_social": "Sabina Mamani Murillo", "tipo_documento": "DNI", "numero_documento": "25132308", "departamento": "Cusco", "provincia": "Paucartambo", "distrito": "Kosñipata", "sector": "Pillcopata", "tipo_aut": "Faja Marginal", "area_total": 0.36, "periodo_autorizacion": "", "fecha_autorizacion": "2023-12-31T00:00:00" }, "geometry": { "type": "Polygon", "coordinates": [ [ [ -71.406568900974392, -12.909652551817016 ], [ -71.4061629299744, -12.908793867817057 ], [ -71.405789237974417, -12.909050316817069 ], [ -71.406424433974422, -12.909774720817023 ], [ -71.406568900974392, -12.909652551817016 ] ] ] } },
{ "type": "Feature", "properties": { "id_poligono_aut": 7, "zona": "19", "datum": "WGS 84 (UTM)", "area_otorgada": 1.24, "bien_asociado": "Isla", "aaa": "MADRE DE DIOS", "ala": "TAHUAMANU - MADRE DE DIOS", "cut": "85308-2019", "numero_resolucion": "0254-2019", "fecha_resolucion": "2019-07-11T00:00:00", "resumen": "AUTORIZAR el uso temporal de un área de isla ubicada en el cauce del río Pilcopata para siembra de cultivos, a favor del señor FREDY ELEAZAR QUISPE SUMAR, identificado con DNI Nº 23989502; dicha", "clase_resolucion": "AUTORIZACION DE USO TEMPORAL", "anio_rd": "2019", "archivo": "59-RD-0254-2019-04.pdf", "detalle_rd": "ANA-AAA.MDD", "nombre_o_razon_social": "Fredy Eleazar Quispe Sumar", "tipo_documento": "DNI", "numero_documento": "23989502", "departamento": "Cusco", "provincia": "Paucartambo", "distrito": "Kosñipata", "sector": "Pelayo", "tipo_aut": "Isla", "area_total": 1.24, "periodo_autorizacion": "", "fecha_autorizacion": "2023-12-31T00:00:00" }, "geometry": { "type": "Polygon", "coordinates": [ [ [ -71.391149166975197, -12.889766931817464 ], [ -71.391480773975132, -12.89020853881749 ], [ -71.391630141975128, -12.890391209817491 ], [ -71.391897504975148, -12.890376342817488 ], [ -71.392185367975117, -12.890301571817458 ], [ -71.392649050975109, -12.890035271817485 ], [ -71.392429016975129, -12.889737717817452 ], [ -71.392159830975118, -12.88952438981749 ], [ -71.39179319097515, -12.889293748817467 ], [ -71.39144526597515, -12.889327806817514 ], [ -71.391149166975197, -12.889766931817464 ] ] ] } },
{ "type": "Feature", "properties": { "id_poligono_aut": 8, "zona": "19", "datum": "WGS 84 (UTM)", "area_otorgada": 0.25, "bien_asociado": "Ribera y Faja Marginal derecha", "aaa": "MADRE DE DIOS", "ala": "TAHUAMANU - MADRE DE DIOS", "cut": "83178-2019", "numero_resolucion": "0223-2019", "fecha_resolucion": "2019-06-07T00:00:00", "resumen": "AUTORIZAR el uso temporal de un área de la faja marginal y ribera derecha del río Madre de Dios para siembra de cultivos, a favor del señor JUAN JOSE HARO BASILIO, identificado con DNI Nº 04814147", "clase_resolucion": "AUTORIZACION DE USO TEMPORAL", "anio_rd": "2019", "archivo": "59-RD-0223-2019-03.pdf", "detalle_rd": "ANA-AAA.MDD", "nombre_o_razon_social": "Juan Jose Haro Basilio", "tipo_documento": "DNI", "numero_documento": "04814147", "departamento": "Madre de Dios", "provincia": "Tambopata", "distrito": "Tambopata", "sector": "Rompeolas", "tipo_aut": "Faja Marginal\/Ribera", "area_total": 0.47, "periodo_autorizacion": "", "fecha_autorizacion": "2022-12-31T00:00:00" }, "geometry": { "type": "Polygon", "coordinates": [ [ [ -69.205993177999915, -12.563912201825953 ], [ -69.206132574999899, -12.563362781825996 ], [ -69.205392985999865, -12.563333435825975 ], [ -69.205344666999906, -12.563920437825992 ], [ -69.205993177999915, -12.563912201825953 ] ] ] } },
{ "type": "Feature", "properties": { "id_poligono_aut": 9, "zona": "19", "datum": "WGS 84 (UTM)", "area_otorgada": 2.0, "bien_asociado": "Ribera y faja marginal derecha", "aaa": "MADRE DE DIOS", "ala": "TAHUAMANU - MADRE DE DIOS", "cut": "47931-2019", "numero_resolucion": "0188-2019", "fecha_resolucion": "2019-05-08T00:00:00", "resumen": "AUTORIZAR el uso temporal de un área de la faja marginal y ribera derecha del rio Madre de Dios para siembra de cultivos, a favor del señor RICARDO MARIÑO HUAMÁN, identificado con DNI Nº 04960372", "clase_resolucion": "AUTORIZACION DE USO TEMPORAL", "anio_rd": "2019", "archivo": "59-RD-0188-2019-04.pdf", "detalle_rd": "ANA-AAA.MDD", "nombre_o_razon_social": "Ricardo Mariño Huaman", "tipo_documento": "DNI", "numero_documento": "04960372", "departamento": "Madre de Dios", "provincia": "Manu", "distrito": "Manu", "sector": "Santa Cruz", "tipo_aut": "Faja Marginal\/Ribera", "area_total": 2.56, "periodo_autorizacion": "", "fecha_autorizacion": "2024-12-31T00:00:00" }, "geometry": { "type": "Polygon", "coordinates": [ [ [ -71.342073333977197, -12.662860231821135 ], [ -71.342143645977188, -12.663604890821135 ], [ -71.344057657977075, -12.66431808482108 ], [ -71.345821764977032, -12.665902815821065 ], [ -71.345871633976984, -12.666355520821044 ], [ -71.346320021977021, -12.665721679821013 ], [ -71.34462533197707, -12.664315324821095 ], [ -71.342073333977197, -12.662860231821135 ] ] ] } },
{ "type": "Feature", "properties": { "id_poligono_aut": 10, "zona": "19", "datum": "WGS 84 (UTM)", "area_otorgada": 3.0, "bien_asociado": "ribera y faja marginal izquierda y derecha", "aaa": "MADRE DE DIOS", "ala": "TAHUAMANU - MADRE DE DIOS", "cut": "53594-2019", "numero_resolucion": "0187-2019", "fecha_resolucion": "2019-05-08T00:00:00", "resumen": "AUTORIZAR el uso temporal de la faja faja marginal y ribera izquierda del río Salvación y derecha del río Madre de Dios para la siembra de cultivos, a favor del señor PABLO MACARIO IBARRA QUISPE,", "clase_resolucion": "AUTORIZACION DE USO TEMPORAL", "anio_rd": "2019", "archivo": "59-RD-0187-2019-04.pdf", "detalle_rd": "ANA-AAA.MDD", "nombre_o_razon_social": "Pablo Macario Ibarra Quispe", "tipo_documento": "DNI", "numero_documento": "23892070", "departamento": "Madre de Dios", "provincia": "Manu", "distrito": "Manu", "sector": "salvacion", "tipo_aut": "Faja Marginal\/Ribera", "area_total": 6.99, "periodo_autorizacion": "", "fecha_autorizacion": "2023-12-31T00:00:00" }, "geometry": { "type": "Polygon", "coordinates": [ [ [ -71.377679489975748, -12.847074569818252 ], [ -71.374293448975934, -12.850583361818234 ], [ -71.374339605975976, -12.850834145818229 ], [ -71.375323400975887, -12.851109403818207 ], [ -71.376982755975817, -12.850270474818203 ], [ -71.377993869975768, -12.847411463818231 ], [ -71.377679489975748, -12.847074569818252 ] ] ] } },
{ "type": "Feature", "properties": { "id_poligono_aut": 11, "zona": "19", "datum": "WGS 84 (UTM)", "area_otorgada": 4.0, "bien_asociado": "Isla", "aaa": "MADRE DE DIOS", "ala": "TAHUAMANU - MADRE DE DIOS", "cut": "53608-2019", "numero_resolucion": "0184-2019", "fecha_resolucion": "2019-05-06T00:00:00", "resumen": "AUTORIZAR el uso temporal de la isla ubicada en el río Madre de Dios para siembra de cultivos, a favor del señor RICARDO MARIÑO HUAMAN, identificado con DNI Nº 04960372; dicha área se ubica en el", "clase_resolucion": "AUTORIZACION DE USO TEMPORAL", "anio_rd": "2019", "archivo": "59-RD-0184-2019-04.pdf", "detalle_rd": "ANA-AAA.MDD", "nombre_o_razon_social": "Ricardo Mariño Huaman", "tipo_documento": "DNI", "numero_documento": "04960372", "departamento": "Madre de Dios", "provincia": "Manu", "distrito": "Manu", "sector": "Santa Cruz", "tipo_aut": "Isla", "area_total": 6.62, "periodo_autorizacion": "", "fecha_autorizacion": "2024-12-31T00:00:00" }, "geometry": { "type": "Polygon", "coordinates": [ [ [ -71.342499354977178, -12.661452914821119 ], [ -71.345142779977024, -12.662926799821118 ], [ -71.344993296977052, -12.661403565821098 ], [ -71.341530823977195, -12.65887250282117 ], [ -71.342499354977178, -12.661452914821119 ] ] ] } },
{ "type": "Feature", "properties": { "id_poligono_aut": 13, "zona": "19", "datum": "WGS 84 (UTM)", "area_otorgada": 3.04, "bien_asociado": "Isla", "aaa": "MADRE DE DIOS", "ala": "TAHUAMANU - MADRE DE DIOS", "cut": "152317-2018", "numero_resolucion": "0139-2019", "fecha_resolucion": "2019-03-18T00:00:00", "resumen": "AUTORIZAR el uso temporal de un área de isla en el cauce del rio Madre de Dios para siembra de cultivos, a favor del señor TITO ELIAS LEYVA RODRIGUEZ, identificado con DNI Nº 80051800; dicha área", "clase_resolucion": "AUTORIZACION DE USO TEMPORAL", "anio_rd": "2019", "archivo": "59-RD-0139-2019-04.pdf", "detalle_rd": "ANA-AAA.MDD", "nombre_o_razon_social": "Tito Elias Leyva Rodriguez", "tipo_documento": "DNI", "numero_documento": "80051800", "departamento": "Madre de Dios", "provincia": "Manu", "distrito": "Manu", "sector": "Atayala-Tropical", "tipo_aut": "Isla", "area_total": 3.04, "periodo_autorizacion": "", "fecha_autorizacion": "2024-12-31T00:00:00" }, "geometry": { "type": "Polygon", "coordinates": [ [ [ -71.359971653976714, -12.875823683818075 ], [ -71.361139181976696, -12.875632504818052 ], [ -71.361105988976647, -12.874402908818094 ], [ -71.359712896976717, -12.873981354818103 ], [ -71.359287393976771, -12.87550872681809 ], [ -71.359971653976714, -12.875823683818075 ] ] ] } },
{ "type": "Feature", "properties": { "id_poligono_aut": 14, "zona": "19", "datum": "WGS 84 (UTM)", "area_otorgada": 0.53, "bien_asociado": "Ribera y faja marginal derecha", "aaa": "MADRE DE DIOS", "ala": "TAHUAMANU - MADRE DE DIOS", "cut": "141790-2018", "numero_resolucion": "0138-2019", "fecha_resolucion": "2019-03-18T00:00:00", "resumen": "AUTORIZAR el uso temporal de un área de la faja marginal y ribera derecha del rio Salvación para siembra de cultivos, a favor del señor VALENTIN ACHAHUI SULUAGA, identificado con DNI Nº 04960411 ;", "clase_resolucion": "AUTORIZACION DE USO TEMPORAL", "anio_rd": "2019", "archivo": "59-RD-0138-2019-04.pdf", "detalle_rd": "ANA-AAA.MDD", "nombre_o_razon_social": "Valentin Achaui Suluaga", "tipo_documento": "DNI", "numero_documento": "04960411", "departamento": "Madre de Dios", "provincia": "Manu", "distrito": "Manu", "sector": "salvacion", "tipo_aut": "Faja Marginal\/Ribera", "area_total": 0.64, "periodo_autorizacion": "", "fecha_autorizacion": "2022-12-31T00:00:00" }, "geometry": { "type": "Polygon", "coordinates": [ [ [ -71.357951920976717, -12.83725591781859 ], [ -71.358140594976732, -12.837589400818604 ], [ -71.358617407976752, -12.837365234818598 ], [ -71.359438929976676, -12.837331972818587 ], [ -71.359502154976681, -12.83706747981863 ], [ -71.35839627697672, -12.837089873818623 ], [ -71.357951920976717, -12.83725591781859 ] ] ] } },
{ "type": "Feature", "properties": { "id_poligono_aut": 15, "zona": "19", "datum": "WGS 84 (UTM)", "area_otorgada": 0.54, "bien_asociado": "Faja Marginal derecha", "aaa": "MADRE DE DIOS", "ala": "TAHUAMANU - MADRE DE DIOS", "cut": "49879-2018", "numero_resolucion": "0061-2019", "fecha_resolucion": "2019-01-24T00:00:00", "resumen": "AUTORIZAR el uso temporal de un área de la faja marginal derecha del rio Madre de Dios para siembra de cultivos a favor del señor ELISEO FERNANDO ARIMUYA AREQUE, identificado con DNI Nº 47661516; d", "clase_resolucion": "AUTORIZACION DE USO TEMPORAL", "anio_rd": "2019", "archivo": "59-RD-0061-2019-04.pdf", "detalle_rd": "ANA-AAA.MDD", "nombre_o_razon_social": "Eliseo Fernando Arimuya Areque", "tipo_documento": "DNI", "numero_documento": "47661516", "departamento": "Madre de Dios", "provincia": "Tambopata", "distrito": "Tambopata", "sector": "Chorrillos", "tipo_aut": "Faja Marginal", "area_total": 0.54, "periodo_autorizacion": "", "fecha_autorizacion": "2022-12-31T00:00:00" }, "geometry": { "type": "Polygon", "coordinates": [ [ [ -69.286560119999834, -12.596859514825534 ], [ -69.28700751699985, -12.596383085825556 ], [ -69.286372653999834, -12.595801003825557 ], [ -69.286112538999888, -12.596151507825537 ], [ -69.286560119999834, -12.596859514825534 ] ] ] } },
{ "type": "Feature", "properties": { "id_poligono_aut": 16, "zona": "19", "datum": "WGS 84 (UTM)", "area_otorgada": 0.39, "bien_asociado": "Faja Marginal y ribera izquierda", "aaa": "MADRE DE DIOS", "ala": "TAHUAMANU - MADRE DE DIOS", "cut": "216542-2018", "numero_resolucion": "0028-2019", "fecha_resolucion": "2019-01-17T00:00:00", "resumen": "AUTORIZAR el uso temporal de la faja marginal y ribera izquierda del rio Tambopata para la siembra de cultivos, a favor de la señora NELL Y JAHLEELL GAHONA KROSS, identificada con DNI Nº 40218333; d", "clase_resolucion": "AUTORIZACION DE USO TEMPORAL", "anio_rd": "2019", "archivo": "59-RD-0028-2019-04.pdf", "detalle_rd": "ANA-AAA.MDD", "nombre_o_razon_social": "Nelly Jahleell Gahona Kross", "tipo_documento": "DNI", "numero_documento": "40218333", "departamento": "Madre de Dios", "provincia": "Tambopata", "distrito": "Tambopata", "sector": "Comunidad Nativa Chonta Infierno", "tipo_aut": "Faja Marginal\/Ribera", "area_total": 0.39, "periodo_autorizacion": "", "fecha_autorizacion": "2023-12-31T00:00:00" }, "geometry": { "type": "Polygon", "coordinates": [ [ [ -69.222914071999909, -12.666527771824608 ], [ -69.222780490999909, -12.666217701824602 ], [ -69.221994889999891, -12.666586589824625 ], [ -69.222352605999887, -12.666955156824622 ], [ -69.222914071999909, -12.666527771824608 ] ] ] } },
{ "type": "Feature", "properties": { "id_poligono_aut": 61, "zona": "19", "datum": "WGS 84 (UTM)", "area_otorgada": 4.0, "bien_asociado": "Faja Marginal Izquierda", "aaa": "MADRE DE DIOS", "ala": "TAHUAMANU - MADRE DE DIOS", "cut": "114382-2018", "numero_resolucion": "0368-2018", "fecha_resolucion": "2018-12-19T00:00:00", "resumen": "AUTORIZAR el uso temporal de un área de la faja marginal izquierda del ria Las Piedras para la siembra de cultivos, a favor del señor VICENTE PALOMINO CHIQUIYAURI, identificado con DNI Nº 07434580;", "clase_resolucion": "AUTORIZACION DE USO TEMPORAL", "anio_rd": "2018", "archivo": "RD N° 0368-2018-ANA-AAA-MDD.pdf", "detalle_rd": "ANA-AAA.MDD", "nombre_o_razon_social": "Vicente Palomino Chiquiyauri", "tipo_documento": "DNI", "numero_documento": "07434580", "departamento": "Madre de Dios", "provincia": "Tambopata", "distrito": "Las Piedras", "sector": "Colpayoc", "tipo_aut": "Faja Marginal", "area_total": 0.52, "periodo_autorizacion": "", "fecha_autorizacion": "2023-12-31T00:00:00" }, "geometry": { "type": "Polygon", "coordinates": [ [ [ -69.238207749999887, -12.34293243182889 ], [ -69.238518884999891, -12.342923640828923 ], [ -69.23903542799988, -12.342727315828949 ], [ -69.238992636999896, -12.342574107828918 ], [ -69.238808403999869, -12.342311393828947 ], [ -69.238476749999876, -12.342418589828929 ], [ -69.238151360999879, -12.342565465828898 ], [ -69.237859156999875, -12.342798322828923 ], [ -69.238207749999887, -12.34293243182889 ] ] ] } },
{ "type": "Feature", "properties": { "id_poligono_aut": 22, "zona": "19", "datum": "WGS 84 (UTM)", "area_otorgada": 1.28, "bien_asociado": "Ribera Izquierda", "aaa": "MADRE DE DIOS", "ala": "TAHUAMANU - MADRE DE DIOS", "cut": "103032-2018", "numero_resolucion": "0366-2018", "fecha_resolucion": "2018-12-18T00:00:00", "resumen": "AUTORIZAR el uso temporal de un área de la ribera izquierda del rio Madre de Dios para la siembra de cultivos, a favor del señor MELQUIADES CHIPANI FLORIDO, identificado con DNI Nº 04960365; dicha", "clase_resolucion": "AUTORIZACION DE USO TEMPORAL", "anio_rd": "2018", "archivo": "RD N° 0366-2018-ANA-AAA-MDD.pdf", "detalle_rd": "ANA-AAA.MDD", "nombre_o_razon_social": "Melquiades Chipani Florido", "tipo_documento": "DNI", "numero_documento": "04960365", "departamento": "Madre de Dios", "provincia": "Manu", "distrito": "Manu", "sector": "Tropical", "tipo_aut": "Ribera", "area_total": 1.78, "periodo_autorizacion": "", "fecha_autorizacion": "2023-12-31T00:00:00" }, "geometry": { "type": "Polygon", "coordinates": [ [ [ -71.365661803976451, -12.880375013817972 ], [ -71.363635215976572, -12.879442055817995 ], [ -71.363849486976562, -12.880780054817953 ], [ -71.36439273397653, -12.881062310817946 ], [ -71.364474890976538, -12.880793168817968 ], [ -71.365661803976451, -12.880375013817972 ] ] ] } },
{ "type": "Feature", "properties": { "id_poligono_aut": 23, "zona": "19", "datum": "WGS 84 (UTM)", "area_otorgada": 10.0, "bien_asociado": "Ribera Derecha", "aaa": "MADRE DE DIOS", "ala": "TAHUAMANU - MADRE DE DIOS", "cut": "54392-2018", "numero_resolucion": "0365-2018", "fecha_resolucion": "2018-12-18T00:00:00", "resumen": "AUTORIZAR el uso temporal de un área de la ribera derecha del ria Madre de Dios para la siembra de cultivos, a favor de la señora LÍA RAQUEL LLAQUI CHUSI, identificada con DNI Nº 48325785; dicha", "clase_resolucion": "AUTORIZACION DE USO TEMPORAL", "anio_rd": "2018", "archivo": "RD N° 0365-2018-ANA-AAA-MDD.pdf", "detalle_rd": "ANA-AAA.MDD", "nombre_o_razon_social": "Lia Raquel llaqui Chusi", "tipo_documento": "DNI", "numero_documento": "48325785", "departamento": "Madre de Dios", "provincia": "Manu", "distrito": "Fitzcarrald", "sector": "Eden", "tipo_aut": "Ribera", "area_total": 93.6, "periodo_autorizacion": "", "fecha_autorizacion": "2023-12-31T00:00:00" }, "geometry": { "type": "Polygon", "coordinates": [ [ [ -71.167041396984317, -12.527211489824529 ], [ -71.163415872984501, -12.528663492824535 ], [ -71.166274855984412, -12.54018973882437 ], [ -71.167045025984407, -12.545237995824294 ], [ -71.171382258984238, -12.54369818782428 ], [ -71.171277209984225, -12.538562676824345 ], [ -71.168976348984259, -12.532811377824451 ], [ -71.167041396984317, -12.527211489824529 ] ] ] } },
{ "type": "Feature", "properties": { "id_poligono_aut": 24, "zona": "19", "datum": "WGS 84 (UTM)", "area_otorgada": 5.0, "bien_asociado": "Ribera Izquierda", "aaa": "MADRE DE DIOS", "ala": "TAHUAMANU - MADRE DE DIOS", "cut": "103004-2018", "numero_resolucion": "0364-2018", "fecha_resolucion": "2018-12-18T00:00:00", "resumen": "AUTORIZAR el uso temporal de un área de la ribera izquierda del ria Madre de Dios para la siembra de cultivos, a favor de la señora FLORA GRIMANESA QUISPE RIVERA, identificada con DNI Nº 42476510;", "clase_resolucion": "AUTORIZACION DE USO TEMPORAL", "anio_rd": "2018", "archivo": "RD N° 0364-2018-ANA-AAA-MDD.pdf", "detalle_rd": "ANA-AAA.MDD", "nombre_o_razon_social": "Flora Grimanesa Quispe", "tipo_documento": "DNI", "numero_documento": "42476510", "departamento": "Madre de Dios", "provincia": "Manu", "distrito": "Manu", "sector": "Centro poblado Atalaya tropical", "tipo_aut": "Ribera", "area_total": 9.49, "periodo_autorizacion": "", "fecha_autorizacion": "2023-12-31T00:00:00" }, "geometry": { "type": "Polygon", "coordinates": [ [ [ -71.36367646397656, -12.875765340818049 ], [ -71.368139382976338, -12.878238373817968 ], [ -71.368591921976289, -12.876707875817967 ], [ -71.363950020976503, -12.87419527081807 ], [ -71.36367646397656, -12.875765340818049 ] ] ] } },
{ "type": "Feature", "properties": { "id_poligono_aut": 25, "zona": "19", "datum": "WGS 84 (UTM)", "area_otorgada": 1.5, "bien_asociado": "Ribera Derecha", "aaa": "MADRE DE DIOS", "ala": "TAHUAMANU - MADRE DE DIOS", "cut": "54409-2018", "numero_resolucion": "0361-2018", "fecha_resolucion": "2018-12-17T00:00:00", "resumen": "AUTORIZAR el uso temporal de un área de la ribera derecha del ria Madre de Dios para la siembra de cultivos, a favor del señor CLAUDIO SAMA TA PUMA, identificado con DNI N° 25136029; dicha área se", "clase_resolucion": "AUTORIZACION DE USO TEMPORAL", "anio_rd": "2018", "archivo": "RD N° 0361-2018-ANA-AAA-MDD.pdf", "detalle_rd": "ANA-AAA.MDD", "nombre_o_razon_social": "Claudio Samata Puma", "tipo_documento": "DNI", "numero_documento": "25136029", "departamento": "Madre de Dios", "provincia": "Manu", "distrito": "Manu", "sector": "Fundo Raizal", "tipo_aut": "Ribera", "area_total": 2.57, "periodo_autorizacion": "", "fecha_autorizacion": "2023-12-31T00:00:00" }, "geometry": { "type": "Polygon", "coordinates": [ [ [ -71.382837007975496, -12.838246708818321 ], [ -71.383328389975475, -12.835807918818302 ], [ -71.382576571975477, -12.83600852881834 ], [ -71.381703841975565, -12.838105338818332 ], [ -71.382837007975496, -12.838246708818321 ] ] ] } },
{ "type": "Feature", "properties": { "id_poligono_aut": 26, "zona": "19", "datum": "WGS 84 (UTM)", "area_otorgada": 5.0, "bien_asociado": "Ribera Izquierda", "aaa": "MADRE DE DIOS", "ala": "TAHUAMANU - MADRE DE DIOS", "cut": "103023-2018", "numero_resolucion": "0360-2018", "fecha_resolucion": "2018-12-17T00:00:00", "resumen": "AUTORIZAR el uso temporal de un área de la ribera izquierda del río Madre de Dios para la siembra de cultivos, a favor del señor JESÚS HUAMANTTUPA PÉREZ, identificado con DNI Nº 40036589; dicha", "clase_resolucion": "AUTORIZACION DE USO TEMPORAL", "anio_rd": "2018", "archivo": "RD N° 0360-2018-ANA-AAA-MDD.pdf", "detalle_rd": "ANA-AAA.MDD", "nombre_o_razon_social": "Jesus Huamanttupa Perez", "tipo_documento": "DNI", "numero_documento": "40036589", "departamento": "Madre de Dios", "provincia": "Manu", "distrito": "Manu", "sector": "Atayala-Tropical", "tipo_aut": "Ribera", "area_total": 9.34, "periodo_autorizacion": "", "fecha_autorizacion": "2023-12-31T00:00:00" }, "geometry": { "type": "Polygon", "coordinates": [ [ [ -71.368190982976344, -12.878272458817952 ], [ -71.363674509976533, -12.87579325381806 ], [ -71.363785110976551, -12.877832091818005 ], [ -71.367287249976357, -12.879659250817941 ], [ -71.368190982976344, -12.878272458817952 ] ] ] } },
{ "type": "Feature", "properties": { "id_poligono_aut": 27, "zona": "19", "datum": "WGS 84 (UTM)", "area_otorgada": 1.0, "bien_asociado": "Ribera y faja marginal derecha", "aaa": "MADRE DE DIOS", "ala": "TAHUAMANU - MADRE DE DIOS", "cut": "183535-2018", "numero_resolucion": "0358-2018", "fecha_resolucion": "2018-12-17T00:00:00", "resumen": "AUTORIZAR el uso temporal de un área de la faja marginal y ribera derecha del ria Madre de Dios para la siembra de cultivos, a favor de la señora MARIA VIRGINIA KURIMOTO TOULLIER, identificada con D", "clase_resolucion": "AUTORIZACION DE USO TEMPORAL", "anio_rd": "2018", "archivo": "RD N° 0358-2018-ANA-AAA-MDD.pdf", "detalle_rd": "ANA-AAA.MDD", "nombre_o_razon_social": "Maria Virginia Kurimoto Toullier", "tipo_documento": "DNI", "numero_documento": "04812837", "departamento": "Madre de Dios", "provincia": "Manu", "distrito": "Manu", "sector": "Rompeolas", "tipo_aut": "Faja Marginal\/Ribera", "area_total": 1.53, "periodo_autorizacion": "", "fecha_autorizacion": "2023-12-31T00:00:00" }, "geometry": { "type": "Polygon", "coordinates": [ [ [ -69.205070486999887, -12.56654595982593 ], [ -69.2057151919999, -12.566730059825939 ], [ -69.206100949999879, -12.565240051825988 ], [ -69.205040872999916, -12.565095921825964 ], [ -69.205070486999887, -12.56654595982593 ] ] ] } },
{ "type": "Feature", "properties": { "id_poligono_aut": 28, "zona": "19", "datum": "WGS 84 (UTM)", "area_otorgada": 3.0, "bien_asociado": "Cauce (Isla)", "aaa": "MADRE DE DIOS", "ala": "TAHUAMANU - MADRE DE DIOS", "cut": "152324-2018", "numero_resolucion": "0357-2018", "fecha_resolucion": "2018-12-17T00:00:00", "resumen": "AUTORIZAR el uso temporal de un área de isla en el cauce del rio Madre de Dios para la siembra de cultivos, a favor de la señora RINA MARITA QUISPE RIVERA, identificada con DNI Nº 44333493; dicha", "clase_resolucion": "AUTORIZACION DE USO TEMPORAL", "anio_rd": "2018", "archivo": "RD N° 0357-2018-ANA-AAA-MDD.pdf", "detalle_rd": "ANA-AAA.MDD", "nombre_o_razon_social": "Rina Marita Quispe Rivera", "tipo_documento": "DNI", "numero_documento": "44333493", "departamento": "Madre de Dios", "provincia": "Manu", "distrito": "Manu", "sector": "Tropical", "tipo_aut": "Isla", "area_total": 4.51, "periodo_autorizacion": "", "fecha_autorizacion": "2023-12-31T00:00:00" }, "geometry": { "type": "Polygon", "coordinates": [ [ [ -71.37105049997615, -12.864616639818092 ], [ -71.370921729976146, -12.863230078818111 ], [ -71.369907996976224, -12.863630504818117 ], [ -71.369247591976247, -12.865354823818089 ], [ -71.369494221976225, -12.866365827818104 ], [ -71.370616446976186, -12.865948348818078 ], [ -71.37105049997615, -12.864616639818092 ] ] ] } },
{ "type": "Feature", "properties": { "id_poligono_aut": 29, "zona": "19", "datum": "WGS 84 (UTM)", "area_otorgada": 3.0, "bien_asociado": "Ribera derecha", "aaa": "MADRE DE DIOS", "ala": "TAHUAMANU - MADRE DE DIOS", "cut": "54404-2018", "numero_resolucion": "0355-2018", "fecha_resolucion": "2018-12-17T00:00:00", "resumen": "AUTORIZAR el uso temporal de un área de la ribera derecha del ria Madre de Dios para la siembra de cultivos, a favor del señor CLAUDIO SAMA TA PUMA, identificado con DNI Nº 25136029; dicha área se", "clase_resolucion": "AUTORIZACION DE USO TEMPORAL", "anio_rd": "2018", "archivo": "RD N° 0355-2018-ANA-AAA-MDD.pdf", "detalle_rd": "ANA-AAA.MDD", "nombre_o_razon_social": "Claudio Samata Puma", "tipo_documento": "DNI", "numero_documento": "25136029", "departamento": "Madre de Dios", "provincia": "Manu", "distrito": "Manu", "sector": "Fundo Raizal", "tipo_aut": "Ribera", "area_total": 4.39, "periodo_autorizacion": "", "fecha_autorizacion": "2023-12-31T00:00:00" }, "geometry": { "type": "Polygon", "coordinates": [ [ [ -71.38040487097561, -12.842980505818252 ], [ -71.382300049975527, -12.843361821818238 ], [ -71.382818400975495, -12.842137677818249 ], [ -71.381934141975549, -12.841343599818261 ], [ -71.379661563975645, -12.84236121581829 ], [ -71.38040487097561, -12.842980505818252 ] ] ] } },
{ "type": "Feature", "properties": { "id_poligono_aut": 30, "zona": "19", "datum": "WGS 84 (UTM)", "area_otorgada": 1.24, "bien_asociado": "Cause (Isla)", "aaa": "MADRE DE DIOS", "ala": "TAHUAMANU - MADRE DE DIOS", "cut": "150309-2018", "numero_resolucion": "0354-2018", "fecha_resolucion": "2018-12-17T00:00:00", "resumen": "AUTORIZAR el uso temporal de un área de isla en el cauce del rio Madre de Dios, para la siembra de cultivos, a favor de la señora YUDID EMELENI BERRIOS SIERRA, identificada con DNI Nº 43227677; dic", "clase_resolucion": "AUTORIZACION DE USO TEMPORAL", "anio_rd": "2018", "archivo": "RD N° 0354-2018-ANA-AAA-MDD.pdf", "detalle_rd": "ANA-AAA.MDD", "nombre_o_razon_social": "Yudid Emeleni Sierra", "tipo_documento": "DNI", "numero_documento": "43227677", "departamento": "Madre de Dios", "provincia": "Manu", "distrito": "Manu", "sector": "Tropical", "tipo_aut": "Isla", "area_total": 2.24, "periodo_autorizacion": "", "fecha_autorizacion": "2023-12-31T00:00:00" }, "geometry": { "type": "Polygon", "coordinates": [ [ [ -71.363018320976607, -12.879776199818021 ], [ -71.362957870976572, -12.878899385817984 ], [ -71.36095263897667, -12.877971020818038 ], [ -71.360613200976729, -12.878657947818038 ], [ -71.363018320976607, -12.879776199818021 ] ] ] } },
{ "type": "Feature", "properties": { "id_poligono_aut": 31, "zona": "19", "datum": "WGS 84 (UTM)", "area_otorgada": 3.5, "bien_asociado": "Ribera Izquierda", "aaa": "MADRE DE DIOS", "ala": "TAHUAMANU - MADRE DE DIOS", "cut": "103028-2018", "numero_resolucion": "0353-2018", "fecha_resolucion": "2018-12-17T00:00:00", "resumen": "AUTORIZAR el uso temporal de un área de la ribera izquierda del ria Madre de Dios para la siembra de cultivos, a favor del señor AUGUSTO QUISPE AYMA, identificado con DNI Nª 42731043; dicha área s", "clase_resolucion": "AUTORIZACION DE USO TEMPORAL", "anio_rd": "2018", "archivo": "RD N° 0353-2018-ANA-AAA-MDD.pdf", "detalle_rd": "ANA-AAA.MDD", "nombre_o_razon_social": "Augusto Quispe Ayma", "tipo_documento": "DNI", "numero_documento": "42731043", "departamento": "Madre de Dios", "provincia": "Manu", "distrito": "Manu", "sector": "Tropical", "tipo_aut": "Ribera", "area_total": 5.37, "periodo_autorizacion": "", "fecha_autorizacion": "2023-12-31T00:00:00" }, "geometry": { "type": "Polygon", "coordinates": [ [ [ -71.367215241976396, -12.879649558817963 ], [ -71.363781637976558, -12.877823899818011 ], [ -71.363642716976543, -12.879433892817966 ], [ -71.365668069976465, -12.880370792817933 ], [ -71.367215241976396, -12.879649558817963 ] ] ] } },
{ "type": "Feature", "properties": { "id_poligono_aut": 32, "zona": "19", "datum": "WGS 84 (UTM)", "area_otorgada": 2.5, "bien_asociado": "Ribera Derecha", "aaa": "MADRE DE DIOS", "ala": "TAHUAMANU - MADRE DE DIOS", "cut": "54426-2018", "numero_resolucion": "0352-2018", "fecha_resolucion": "2018-12-17T00:00:00", "resumen": "AUTORIZAR el uso temporal de un área de la ribera derecha del rio Madre de Dios para la siembra de cultivos, a favor de la señora PAULINA CRUZ MAMANI, identificada con DNI Nº 46403572; dicha área", "clase_resolucion": "AUTORIZACION DE USO TEMPORAL", "anio_rd": "2018", "archivo": "RD N° 0352-2018-ANA-AAA-MDD.pdf", "detalle_rd": "ANA-AAA.MDD", "nombre_o_razon_social": "Paulina Cruz Mamani", "tipo_documento": "DNI", "numero_documento": "46403572", "departamento": "Madre de Dios", "provincia": "Manu", "distrito": "Manu", "sector": "Yunguyo", "tipo_aut": "Ribera", "area_total": 3.5, "periodo_autorizacion": "", "fecha_autorizacion": "2023-12-31T00:00:00" }, "geometry": { "type": "Polygon", "coordinates": [ [ [ -71.381619818975537, -12.822083916818492 ], [ -71.382466135975449, -12.818931668818534 ], [ -71.381503915975543, -12.818799360818552 ], [ -71.380739775975584, -12.822216467818542 ], [ -71.381619818975537, -12.822083916818492 ] ] ] } },
{ "type": "Feature", "properties": { "id_poligono_aut": 33, "zona": "19", "datum": "WGS 84 (UTM)", "area_otorgada": 0.75, "bien_asociado": "Ribera derecha", "aaa": "MADRE DE DIOS", "ala": "TAHUAMANU - MADRE DE DIOS", "cut": "54400-2018", "numero_resolucion": "0351-2018", "fecha_resolucion": "2018-12-17T00:00:00", "resumen": "AUTORIZAR el uso temporal de un área de la ribera derecha del ria Madre de Dios para la siembra de cultivos, a favor de la señora CLOTILDE CUMPA MEDINA, identificada con DNI Nº 23870866; dicha áre", "clase_resolucion": "AUTORIZACION DE USO TEMPORAL", "anio_rd": "2018", "archivo": "RD N° 0351-2018-ANA-AAA-MDD.pdf", "detalle_rd": "ANA-AAA.MDD", "nombre_o_razon_social": "Clotilde Cumpa Medina", "tipo_documento": "DNI", "numero_documento": "23870866", "departamento": "Madre de Dios", "provincia": "Manu", "distrito": "Manu", "sector": "Fubdo Raizal", "tipo_aut": "Ribera", "area_total": 1.1, "periodo_autorizacion": "", "fecha_autorizacion": "2023-12-31T00:00:00" }, "geometry": { "type": "Polygon", "coordinates": [ [ [ -71.383698381975464, -12.84027648681823 ], [ -71.383652196975433, -12.839315328818239 ], [ -71.382630656975465, -12.839101014818262 ], [ -71.382741481975501, -12.83942365081827 ], [ -71.382747140975511, -12.839710351818262 ], [ -71.382688249975487, -12.840050518818241 ], [ -71.383698381975464, -12.84027648681823 ] ] ] } },
{ "type": "Feature", "properties": { "id_poligono_aut": 34, "zona": "19", "datum": "WGS 84 (UTM)", "area_otorgada": 9.55, "bien_asociado": "Faja Marginal y ribera izquierda", "aaa": "MADRE DE DIOS", "ala": "TAHUAMANU - MADRE DE DIOS", "cut": "103026-2018", "numero_resolucion": "0260-2018", "fecha_resolucion": "2018-09-27T00:00:00", "resumen": "AUTORIZAR el uso temporal de un espacio de 9.55 ha de la faja marginal y ribera izquierda del ria Madre de Dios para la siembra de cultivos, a favor de la señora JUSTINA SANCHEZ BEJAR, identificada c", "clase_resolucion": "AUTORIZACION DE USO TEMPORAL", "anio_rd": "2018", "archivo": "RD N° 0260-2018-ANA-AAA-MDD.pdf", "detalle_rd": "ANA-AAA.MDD", "nombre_o_razon_social": "Justina Sanchez Bejar", "tipo_documento": "DNI", "numero_documento": "10333773", "departamento": "Madre de Dios", "provincia": "Manu", "distrito": "Manu", "sector": "Tropical", "tipo_aut": "Faja Marginal", "area_total": 9.55, "periodo_autorizacion": "5 años", "fecha_autorizacion": null }, "geometry": { "type": "Polygon", "coordinates": [ [ [ -71.363918459976546, -12.874201730818076 ], [ -71.368697839976321, -12.87676637781796 ], [ -71.369349536976245, -12.87538040681798 ], [ -71.364998358976493, -12.873010597818048 ], [ -71.363918459976546, -12.874201730818076 ] ] ] } },
{ "type": "Feature", "properties": { "id_poligono_aut": 35, "zona": "19", "datum": "WGS 84 (UTM)", "area_otorgada": 1.96, "bien_asociado": "Ribera Derecha", "aaa": "MADRE DE DIOS", "ala": "TAHUAMANU - MADRE DE DIOS", "cut": "54442-2018", "numero_resolucion": "0259-2018", "fecha_resolucion": "2018-09-27T00:00:00", "resumen": "AUTORIZAR el uso temporal de un espacio de 1.96 ha de la ribera derecha del rio Madre de Dios para la siembra de cultivos, a favor del señor JOSE TRUJILLO MIDOLO, identificado con DNI Nº 04960159; d", "clase_resolucion": "AUTORIZACION DE USO TEMPORAL", "anio_rd": "2018", "archivo": "RD N° 0259-2018-ANA-AAA-MDD.pdf", "detalle_rd": "ANA-AAA.MDD", "nombre_o_razon_social": "Jose Trujillo Midolo", "tipo_documento": "DNI", "numero_documento": "04960159", "departamento": "Madre de Dios", "provincia": "Manu", "distrito": "Manu", "sector": "Adanrayo", "tipo_aut": "Ribera", "area_total": 1.96, "periodo_autorizacion": "5 años", "fecha_autorizacion": null }, "geometry": { "type": "Polygon", "coordinates": [ [ [ -71.373277216975836, -12.772144241819303 ], [ -71.37361077097583, -12.772360932819291 ], [ -71.374481833975764, -12.772629137819269 ], [ -71.373011417975874, -12.770100510819326 ], [ -71.37289146597584, -12.770157396819302 ], [ -71.37281054197588, -12.770333033819339 ], [ -71.372716178975864, -12.770755153819339 ], [ -71.373277216975836, -12.772144241819303 ] ] ] } },
{ "type": "Feature", "properties": { "id_poligono_aut": 36, "zona": "19", "datum": "WGS 84 (UTM)", "area_otorgada": 5.27, "bien_asociado": "Faja Marginal", "aaa": "MADRE DE DIOS", "ala": "TAHUAMANU - MADRE DE DIOS", "cut": "184195-2017", "numero_resolucion": "0243-2018", "fecha_resolucion": "2018-09-17T00:00:00", "resumen": "AUTORIZAR el uso temporal de la faja marginal y ribera derecha del rio Alto Madre de Dios ubicado en el sector Comunidad Campesina Nuevo Edén, Distrito y Provincia de Manu, Región de Madre de Dios,", "clase_resolucion": "AUTORIZACION DE USO TEMPORAL", "anio_rd": "2018", "archivo": "RD N° 0243-2018-ANA-AAA-XIII.MDD.pdf", "detalle_rd": "ANA-AAA.MDD", "nombre_o_razon_social": "Marcelino Chuquitaipe Quispe", "tipo_documento": "DNI", "numero_documento": "24669616", "departamento": "Madre de Dios", "provincia": "Manu", "distrito": "Manu", "sector": "Comunidad Campesina Nuevo Eden", "tipo_aut": "Faja Marginal", "area_total": 5.27, "periodo_autorizacion": "8 años", "fecha_autorizacion": null }, "geometry": { "type": "Polygon", "coordinates": [ [ [ -71.16925479798428, -12.548037340824216 ], [ -71.169407281984292, -12.548338742824205 ], [ -71.171443545984232, -12.547481930824212 ], [ -71.171531072984251, -12.547258759824254 ], [ -71.171401019984216, -12.546519712824239 ], [ -71.171389185984211, -12.545551157824267 ], [ -71.171121791984234, -12.545480573824252 ], [ -71.169892333984251, -12.546482279824248 ], [ -71.169323327984301, -12.546601755824268 ], [ -71.16862883598435, -12.546904226824264 ], [ -71.16925479798428, -12.548037340824216 ] ] ] } },
{ "type": "Feature", "properties": { "id_poligono_aut": 38, "zona": "19", "datum": "WGS 84 (UTM)", "area_otorgada": 2.44, "bien_asociado": "Faja Marginal", "aaa": "MADRE DE DIOS", "ala": "TAHUAMANU - MADRE DE DIOS", "cut": "184204-2017", "numero_resolucion": "0173-2018", "fecha_resolucion": "2018-07-03T00:00:00", "resumen": "AUTORIZAR el uso temporal de una isla ubicada en el cauce del ria Alto Madre de Dios, sector Santa Cruz, Distrito y Provincia de Manu, Región de Madre de Dios, a favor del señor ROBERTO CHAMPI HUAYH", "clase_resolucion": "AUTORIZACION DE USO TEMPORAL", "anio_rd": "2018", "archivo": "RD N° 0173-2018-ANA-AAA-XIII-MDD.pdf", "detalle_rd": "ANA-AAA.MDD", "nombre_o_razon_social": "Roberto Champi Huayhua", "tipo_documento": "DNI", "numero_documento": "04960825", "departamento": "Madre de Dios", "provincia": "Manu", "distrito": "Manu", "sector": "Santa Cruz", "tipo_aut": "Isla", "area_total": 2.44, "periodo_autorizacion": "6 años", "fecha_autorizacion": null }, "geometry": { "type": "Polygon", "coordinates": [ [ [ -71.322402579978103, -12.650191067821535 ], [ -71.321186101978157, -12.649073711821551 ], [ -71.320499313978189, -12.649115997821552 ], [ -71.320889528978157, -12.649949393821561 ], [ -71.321258041978155, -12.650054598821503 ], [ -71.321067501978163, -12.651072417821528 ], [ -71.322002443978135, -12.651091463821487 ], [ -71.322402579978103, -12.650191067821535 ] ] ] } },
{ "type": "Feature", "properties": { "id_poligono_aut": 39, "zona": "19", "datum": "WGS 84 (UTM)", "area_otorgada": 1.68, "bien_asociado": "Faja Marginal", "aaa": "MADRE DE DIOS", "ala": "TAHUAMANU - MADRE DE DIOS", "cut": "184215-2017", "numero_resolucion": "0100-2018", "fecha_resolucion": "2018-03-28T00:00:00", "resumen": "OTORGAR la Autorización de Uso Temporal de Faja Marginal a favor del señor Pablo Choque Quispe, con DNI N°04960099 para desarrollar la siembra de los cultivos de plátano de seda y pastos en un ár", "clase_resolucion": "AUTORIZACION DE USO TEMPORAL", "anio_rd": "2018", "archivo": "RD N° 0100-2018-ANA-AAA-XIII-MDD.pdf", "detalle_rd": "ANA\/AAA-XIII MDD", "nombre_o_razon_social": "Pablo Choque Quispe", "tipo_documento": "DNI", "numero_documento": "04960099", "departamento": "Madre de Dios", "provincia": "Manu", "distrito": "Manu", "sector": "Mansilla", "tipo_aut": "Faja Marginal", "area_total": 1.68, "periodo_autorizacion": "9 años", "fecha_autorizacion": null }, "geometry": { "type": "Polygon", "coordinates": [ [ [ -71.373031763975789, -12.742742080819689 ], [ -71.373867450975752, -12.742753220819658 ], [ -71.374129299975706, -12.741994473819689 ], [ -71.374107977975768, -12.74180526781968 ], [ -71.372951671975784, -12.741297187819731 ], [ -71.372778512975799, -12.741985135819677 ], [ -71.373031763975789, -12.742742080819689 ] ] ] } },
{ "type": "Feature", "properties": { "id_poligono_aut": 40, "zona": "19", "datum": "WGS 84 (UTM)", "area_otorgada": 4.37, "bien_asociado": "Faja Marginal", "aaa": "MADRE DE DIOS", "ala": "TAHUAMANU - MADRE DE DIOS", "cut": "184173-2017", "numero_resolucion": "0099-2018", "fecha_resolucion": "2018-03-28T00:00:00", "resumen": "OTORGAR la Autorización de Uso Temporal de Faja Marginal a favor del señor Abdon Huamanttupa Perez, con DNI Nº23926924 para desarrollar la siembra de los cultivos de plátano de seda y palta en un", "clase_resolucion": "AUTORIZACION DE USO TEMPORAL", "anio_rd": "2018", "archivo": "RD N° 0099-2018-ANA-AAA-XIII-MDD.pdf", "detalle_rd": "ANA\/AAA-XIII MDD", "nombre_o_razon_social": "Abdon Huamanttupa Perez", "tipo_documento": "DNI", "numero_documento": "23926924", "departamento": "Madre de Dios", "provincia": "Manu", "distrito": "Manu", "sector": "Tropical", "tipo_aut": "Faja Marginal", "area_total": 4.37, "periodo_autorizacion": "11 años", "fecha_autorizacion": null }, "geometry": { "type": "Polygon", "coordinates": [ [ [ -71.367011973976375, -12.867864854818077 ], [ -71.366787047976345, -12.8676780968181 ], [ -71.365761232976411, -12.868112157818134 ], [ -71.365049405976478, -12.868397090818126 ], [ -71.362310598976606, -12.869554307818149 ], [ -71.361913847976624, -12.870382566818147 ], [ -71.362990171976577, -12.869975112818127 ], [ -71.365371448976433, -12.868878243818131 ], [ -71.366434081976379, -12.868343359818072 ], [ -71.367011973976375, -12.867864854818077 ] ] ] } },
{ "type": "Feature", "properties": { "id_poligono_aut": 62, "zona": "19", "datum": "WGS 84 (UTM)", "area_otorgada": 0.99, "bien_asociado": "Faja Marginal", "aaa": "MADRE DE DIOS", "ala": "TAHUAMANU - MADRE DE DIOS", "cut": "184199-2017", "numero_resolucion": "0098-2018", "fecha_resolucion": "2018-03-28T00:00:00", "resumen": "OTORGAR la Autorización de Uso Temporal de Faja Marginal a favor de la señora Flora Quispe Quispe, con DNI Nº80307246 para desarrollar la siembra de los cultivos de plátano de seda y plátano huay", "clase_resolucion": "AUTORIZACION DE USO TEMPORAL", "anio_rd": "2018", "archivo": "RD N° 0098-2018-ANA-AAA-XIII-MDD.pdf", "detalle_rd": "ANA\/AAA-XIII MDD", "nombre_o_razon_social": "Flora Quispe Quispe", "tipo_documento": "DNI", "numero_documento": "80307246", "departamento": "Madre de Dios", "provincia": "Manu", "distrito": "Manu", "sector": "Machuhuasi", "tipo_aut": "Faja Marginal", "area_total": 0.99, "periodo_autorizacion": "8 años", "fecha_autorizacion": null }, "geometry": { "type": "Polygon", "coordinates": [ [ [ -71.382041623975496, -12.829116205818451 ], [ -71.382453320975472, -12.828983068818417 ], [ -71.382749332975436, -12.828487012818448 ], [ -71.382008768975524, -12.827936667818426 ], [ -71.381665123975495, -12.828631499818448 ], [ -71.382041623975496, -12.829116205818451 ] ] ] } },
{ "type": "Feature", "properties": { "id_poligono_aut": 63, "zona": "19", "datum": "WGS 84 (UTM)", "area_otorgada": 0.55, "bien_asociado": "Faja Marginal", "aaa": "MADRE DE DIOS", "ala": "TAHUAMANU - MADRE DE DIOS", "cut": "184167-2017", "numero_resolucion": "0097-2018", "fecha_resolucion": "2018-03-28T00:00:00", "resumen": "OTORGAR la Autorización de Uso Temporal de Faja Marginal a favor de la señora Carmen Suma Cardenas, con DNI Nº 25132623 para desarrollar la siembra de cultivos de plátano en un área de 0.55 ha, y", "clase_resolucion": "AUTORIZACION DE USO TEMPORAL", "anio_rd": "2018", "archivo": "RD N° 0097-2018-ANA-AAA-XIII-MDD.pdf", "detalle_rd": "ANA\/AAA-XIII MDD", "nombre_o_razon_social": "Carmen suma Cardenas", "tipo_documento": "DNI", "numero_documento": "25132623", "departamento": "Madre de Dios", "provincia": "Manu", "distrito": "Manu", "sector": "Gamitana", "tipo_aut": "Faja Marginal", "area_total": 0.55, "periodo_autorizacion": "10 años", "fecha_autorizacion": null }, "geometry": { "type": "Polygon", "coordinates": [ [ [ -71.35724303597685, -12.880802766818068 ], [ -71.357533547976828, -12.881076372818017 ], [ -71.357672299976841, -12.88129466981801 ], [ -71.358101568976849, -12.881259042818021 ], [ -71.358213718976799, -12.880883683818046 ], [ -71.358180023976843, -12.880720556818055 ], [ -71.35803640297685, -12.880512878818065 ], [ -71.357779193976882, -12.880560950818046 ], [ -71.35724303597685, -12.880802766818068 ] ] ] } },
{ "type": "Feature", "properties": { "id_poligono_aut": 41, "zona": "19", "datum": "WGS 84 (UTM)", "area_otorgada": 8.94, "bien_asociado": "Isla", "aaa": "MADRE DE DIOS", "ala": "TAMBOPATA - INAMBARI", "cut": "152288-2019", "numero_resolucion": "0475-2019", "fecha_resolucion": "2019-09-16T00:00:00", "resumen": "AUTORIZAR el uso temporal de terreno de isla ubicada en el cauce del rio lnambari para la siembra de cultivos, a favor del señor OBED PEREZ BECERRA, identificado con DNI Nº 10580930; dicha área se", "clase_resolucion": "AUTORIZACION DE USO TEMPORAL", "anio_rd": "2019", "archivo": "64-RD-0475-2019-04.pdf", "detalle_rd": "ANA-AAA.MDD", "nombre_o_razon_social": "Obed Perez Becerra", "tipo_documento": "DNI", "numero_documento": "10580930", "departamento": "Madre de Dios", "provincia": "Tambopata", "distrito": "Inambari", "sector": "Ponal", "tipo_aut": "Isla", "area_total": 8.94, "periodo_autorizacion": "", "fecha_autorizacion": "2022-12-31T00:00:00" }, "geometry": { "type": "Polygon", "coordinates": [ [ [ -70.262077375998629, -12.82132046782257 ], [ -70.263828895998572, -12.820887340822567 ], [ -70.26393023699859, -12.819688654822588 ], [ -70.263723114998569, -12.817465630822614 ], [ -70.261364495998578, -12.81674929982265 ], [ -70.26219568599862, -12.819333509822627 ], [ -70.262077375998629, -12.82132046782257 ] ] ] } },
{ "type": "Feature", "properties": { "id_poligono_aut": 42, "zona": "19", "datum": "WGS 84 (UTM)", "area_otorgada": 8.0, "bien_asociado": "Isla \"El Embrujo de la Selva\"", "aaa": "MADRE DE DIOS", "ala": "TAMBOPATA - INAMBARI", "cut": "164532-2019", "numero_resolucion": "0541-2019", "fecha_resolucion": "2019-10-16T00:00:00", "resumen": "AUTORIZAR el uso temporal de terreno de isla ubicada en el cauce del rio lnambari para la siembra de cultivos, a favor del señor EDILBERTO ENCARNACION CHACON SAUCEDO, identificado con DNI Nº 0103463", "clase_resolucion": "AUTORIZACION DE USO TEMPORAL", "anio_rd": "2019", "archivo": "64-RD-0541-2019-04.pdf", "detalle_rd": "ANA-AAA.MDD", "nombre_o_razon_social": "Edilberto Encarnacion Chacon Saucedo", "tipo_documento": "DNI", "numero_documento": "01034631", "departamento": "Madre de Dios", "provincia": "Tambopata", "distrito": "Inambari", "sector": "Ponal", "tipo_aut": "Isla", "area_total": 8.0, "periodo_autorizacion": "", "fecha_autorizacion": "2023-12-31T00:00:00" }, "geometry": { "type": "Polygon", "coordinates": [ [ [ -70.249617129998626, -12.811070543822721 ], [ -70.24907958499864, -12.805931335822779 ], [ -70.246499185998644, -12.805941484822782 ], [ -70.249617129998626, -12.811070543822721 ] ] ] } },
{ "type": "Feature", "properties": { "id_poligono_aut": 43, "zona": "19", "datum": "WGS 84 (UTM)", "area_otorgada": 15.5, "bien_asociado": "Isla \"Rosita\"", "aaa": "MADRE DE DIOS", "ala": "TAMBOPATA - INAMBARI", "cut": "164539-2019", "numero_resolucion": "0514-2019", "fecha_resolucion": "2019-10-01T00:00:00", "resumen": "AUTORIZAR el uso temporal de terreno de isla ubicada en el cauce del rio lnambari para la siembra de cultivos, a favor del señor JUAN EUSEBIO CHACON SAUCEDO, identificado con DNI N° 41905885; dicha", "clase_resolucion": "AUTORIZACION DE USO TEMPORAL", "anio_rd": "2019", "archivo": "64-RD-0514-2019-04.pdf", "detalle_rd": "ANA-AAA.MDD", "nombre_o_razon_social": "Juan Eusebio Chacon", "tipo_documento": "DNI", "numero_documento": "41905885", "departamento": "Madre de Dios", "provincia": "Tambopata", "distrito": "Inambari", "sector": "Ponal", "tipo_aut": "Isla", "area_total": 15.5, "periodo_autorizacion": "", "fecha_autorizacion": "2024-12-31T00:00:00" }, "geometry": { "type": "Polygon", "coordinates": [ [ [ -70.255415094998597, -12.810687947822721 ], [ -70.25064152099867, -12.808969996822754 ], [ -70.250384049998672, -12.812815289822685 ], [ -70.25143455699866, -12.813745138822657 ], [ -70.255415094998597, -12.810687947822721 ] ] ] } },
{ "type": "Feature", "properties": { "id_poligono_aut": 44, "zona": "19", "datum": "WGS 84 (UTM)", "area_otorgada": 4.0, "bien_asociado": "Cauce (Isla)", "aaa": "MADRE DE DIOS", "ala": "TAHUAMANU - MADRE DE DIOS", "cut": "141761-2018", "numero_resolucion": "0356-2018", "fecha_resolucion": "2018-12-17T00:00:00", "resumen": "AUTORIZAR el uso temporal de un área de isla en el cauce del rio Madre de Dios para la siembra de cultivos, a favor del señor WILSON WILBERT CHACON PU ELLES, identificado con DNI Nº 04960818; dicha área se ubica en el sector Gamitana, Distrito y Provincia de Manu, Región de Madre de Dios", "clase_resolucion": "AUTORIZACION DE USO TEMPORAL", "anio_rd": "2018", "archivo": "RD N° 0356-2018-ANA-AAA-MDD.pdf", "detalle_rd": "ANA-AAA.MDD", "nombre_o_razon_social": "Wilson Wilbert Chacon Puelles", "tipo_documento": "DNI", "numero_documento": "04960818", "departamento": "Madre de Dios", "provincia": "Manu", "distrito": "Manu", "sector": "Gamitana", "tipo_aut": "Isla", "area_total": null, "periodo_autorizacion": null, "fecha_autorizacion": "2023-12-31T00:00:00" }, "geometry": { "type": "Polygon", "coordinates": [ [ [ -71.356453636804162, -12.884561856655498 ], [ -71.35672409277484, -12.884920856228922 ], [ -71.35550015627831, -12.887001087402185 ], [ -71.354983997022131, -12.88696055320279 ], [ -71.354394171291943, -12.884950859839542 ], [ -71.356453636804162, -12.884561856655498 ] ] ] } },
{ "type": "Feature", "properties": { "id_poligono_aut": 45, "zona": "19", "datum": "WGS 84 (UTM)", "area_otorgada": 13.0, "bien_asociado": "Isla", "aaa": "MADRE DE DIOS", "ala": "TAMBOPATA - INAMBARI", "cut": "110559-2019", "numero_resolucion": "0293-2019", "fecha_resolucion": "2019-08-20T00:00:00", "resumen": "AUTORIZAR el uso temporal de un área de isla ubicada en el cauce del río lnambari para siembra de cultivos, a favor del señor NIXON JAIRO MEGO REQUEJO, identificado con DNI Nº 47768066; dicha áre", "clase_resolucion": "AUTORIZACION DE USO TEMPORAL", "anio_rd": "2019", "archivo": "64-RD-0293-2019-04.pdf", "detalle_rd": "ANA-AAA.MDD", "nombre_o_razon_social": "Nixon Jairo Mego Requejo", "tipo_documento": "DNI", "numero_documento": "47768066", "departamento": "Madre de Dios", "provincia": "Tambopata", "distrito": "Inambari", "sector": "Centromin y Ponal", "tipo_aut": "Isla", "area_total": 13.0, "periodo_autorizacion": "", "fecha_autorizacion": "2024-12-31T00:00:00" }, "geometry": { "type": "Polygon", "coordinates": [ [ [ -70.252641364998667, -12.827034996822485 ], [ -70.251166512998665, -12.825580583822539 ], [ -70.249448026998664, -12.824167317822569 ], [ -70.248057242998641, -12.823602911822549 ], [ -70.246833805998691, -12.825272354822557 ], [ -70.248218159998657, -12.826297735822513 ], [ -70.249891791998664, -12.826732807822523 ], [ -70.25100853599865, -12.827321635822509 ], [ -70.251901689998633, -12.827942138822495 ], [ -70.252911020998667, -12.827540399822524 ], [ -70.252641364998667, -12.827034996822485 ] ] ] } },
{ "type": "Feature", "properties": { "id_poligono_aut": 46, "zona": "19", "datum": "WGS 84 (UTM)", "area_otorgada": 7.0, "bien_asociado": "Cauce (Isla)", "aaa": "MADRE DE DIOS", "ala": "TAMBOPATA - INAMBARI", "cut": "201507-2018", "numero_resolucion": "0004-2019", "fecha_resolucion": "2019-01-02T00:00:00", "resumen": "AUTORIZAR el uso temporal de un área de isla en el cauce del rio lnambari para siembra de cultivos a favor del señor EXMAR DIAZ CORCOVA, identificado con DNI Nº 48581253; dicha área se ubica en el", "clase_resolucion": "AUTORIZACION DE USO TEMPORAL", "anio_rd": "2019", "archivo": "64-RD-0004-2019-04.pdf", "detalle_rd": "ANA-AAA.MDD", "nombre_o_razon_social": "Exmar Diaz Cordova", "tipo_documento": "DNI", "numero_documento": "48581253", "departamento": "Madre de Dios", "provincia": "Tambopata", "distrito": "Inambari", "sector": "Puerto Carlos", "tipo_aut": "Isla", "area_total": 7.5, "periodo_autorizacion": "", "fecha_autorizacion": "2023-12-31T00:00:00" }, "geometry": { "type": "Polygon", "coordinates": [ [ [ -70.348111474998177, -12.904349070821469 ], [ -70.347440939998208, -12.902840289821505 ], [ -70.346436478998228, -12.901957658821484 ], [ -70.344648053998213, -12.902124666821484 ], [ -70.345363505998208, -12.903655754821457 ], [ -70.346177619998187, -12.905090509821488 ], [ -70.348111474998177, -12.904349070821469 ] ] ] } },
{ "type": "Feature", "properties": { "id_poligono_aut": 49, "zona": "19", "datum": "WGS 84 (UTM)", "area_otorgada": 8.5, "bien_asociado": "Ribera Derecha", "aaa": "MADRE DE DIOS", "ala": "TAMBOPATA - INAMBARI", "cut": "136495-2019", "numero_resolucion": "0613-2019", "fecha_resolucion": "2019-11-04T00:00:00", "resumen": "AUTORIZAR el uso temporal de la ribera derecha del rio lnambari para la siembra de cultivos, a favor del Sr. ICIDRO TORRES MONTECINO, identificado con DNI Nº 23002487; dicha área se ubica en el sect", "clase_resolucion": "AUTORIZACION DE USO TEMPORAL", "anio_rd": "2019", "archivo": "64-RD-0613-2019-04.pdf", "detalle_rd": "ANA-AAA.MDD", "nombre_o_razon_social": "Icidro Torres Montecino", "tipo_documento": "DNI", "numero_documento": "23002487", "departamento": "Madre de Dios", "provincia": "Tambopata", "distrito": "Inambari", "sector": "Sarayacu", "tipo_aut": "Ribera", "area_total": 8.5, "periodo_autorizacion": "", "fecha_autorizacion": "2022-12-31T00:00:00" }, "geometry": { "type": "Polygon", "coordinates": [ [ [ -70.075921387999188, -12.796603544822949 ], [ -70.077602123999171, -12.797813372822878 ], [ -70.078415111999178, -12.796197504822917 ], [ -70.079889109999158, -12.794745123822965 ], [ -70.078816056999202, -12.793388397822952 ], [ -70.075921387999188, -12.796603544822949 ] ] ] } },
{ "type": "Feature", "properties": { "id_poligono_aut": 50, "zona": "19", "datum": "WGS 84 (UTM)", "area_otorgada": 8.0, "bien_asociado": "Isla \"Gloria\"", "aaa": "MADRE DE DIOS", "ala": "TAMBOPATA - INAMBARI", "cut": "164537-2019", "numero_resolucion": "0542-2019", "fecha_resolucion": "2019-10-16T00:00:00", "resumen": "AUTORIZAR el uso temporal de terreno de isla ubicada en el cauce del rio lnambari para la siembra de cultivos, a favor del señor ADRIANO CHACON SAUCEDO, identificado con DNI Nº 33418847; dicha área", "clase_resolucion": "AUTORIZACION DE USO TEMPORAL", "anio_rd": "2019", "archivo": "64-RD-0542-2019-04.pdf", "detalle_rd": "ANA-AAA.MDD", "nombre_o_razon_social": "Adriano Chacon Saucedo", "tipo_documento": "DNI", "numero_documento": "33418847", "departamento": "Madre de Dios", "provincia": "Tambopata", "distrito": "Inambari", "sector": "Ponal", "tipo_aut": "Isla", "area_total": 8.0, "periodo_autorizacion": "", "fecha_autorizacion": "2023-12-31T00:00:00" }, "geometry": { "type": "Polygon", "coordinates": [ [ [ -70.260692153998605, -12.814267823822675 ], [ -70.260715881998578, -12.811784461822679 ], [ -70.257860498998596, -12.811756392822696 ], [ -70.258097616998626, -12.814144109822688 ], [ -70.260692153998605, -12.814267823822675 ] ] ] } },
{ "type": "Feature", "properties": { "id_poligono_aut": 51, "zona": "19", "datum": "WGS 84 (UTM)", "area_otorgada": 4.5, "bien_asociado": "Isla", "aaa": "MADRE DE DIOS", "ala": "TAMBOPATA - INAMBARI", "cut": "150883-2019", "numero_resolucion": "0476-2019", "fecha_resolucion": "2019-09-16T00:00:00", "resumen": "AUTORIZAR el uso temporal de terreno de isla ubicada en el río lnambari para la siembra de cultivos, a favor del señor NOLBER DIAZ CORDOVA, identificado con DNI N° 46919736; dicha área se ubica en", "clase_resolucion": "AUTORIZACION DE USO TEMPORAL", "anio_rd": "2019", "archivo": "64-RD-0476-2019-04.pdf", "detalle_rd": "ANA-AAA.MDD", "nombre_o_razon_social": "Nolber Diaz Cordova", "tipo_documento": "DNI", "numero_documento": "46919736", "departamento": "Madre de Dios", "provincia": "Tambopata", "distrito": "Inambari", "sector": "", "tipo_aut": "Isla", "area_total": 4.5, "periodo_autorizacion": "", "fecha_autorizacion": "2024-12-31T00:00:00" }, "geometry": { "type": "Polygon", "coordinates": [ [ [ -70.210752951998785, -12.815897393822631 ], [ -70.21012875299877, -12.815714373822692 ], [ -70.210159091998804, -12.81786616982262 ], [ -70.212575697998787, -12.818956291822603 ], [ -70.213075256998778, -12.818305700822609 ], [ -70.211207592998804, -12.817191858822621 ], [ -70.210752951998785, -12.815897393822631 ] ] ] } },
{ "type": "Feature", "properties": { "id_poligono_aut": 52, "zona": "19", "datum": "WGS 84 (UTM)", "area_otorgada": 11.0, "bien_asociado": "Cauce (Isla)", "aaa": "MADRE DE DIOS", "ala": "TAMBOPATA - INAMBARI", "cut": "201516-2018", "numero_resolucion": "0002-2019", "fecha_resolucion": "2019-01-02T00:00:00", "resumen": "AUTORIZAR el uso temporal de un área de isla en el cauce del rio lnambari para siembra de cultivos a favor del señor JUAN ALVAREZ RIVERA, identificado con ONI Nº 43219150; dicha área se ubica en el sector Puerto Carlos, Distrito de lnambari, Provincia de Tambopata, Región de Madre de Dios", "clase_resolucion": "AUTORIZACION DE USO TEMPORAL", "anio_rd": "2019", "archivo": "64-RD-0002-2019-04.pdf", "detalle_rd": "ANA-AAA.MDD", "nombre_o_razon_social": "Juan Alvarez Rivera", "tipo_documento": "DNI", "numero_documento": "43219150", "departamento": "Madre de Dios", "provincia": "Tambopata", "distrito": "Inambari", "sector": "Puerto Carlos", "tipo_aut": "Isla", "area_total": 12.5, "periodo_autorizacion": "", "fecha_autorizacion": "2023-12-31T00:00:00" }, "geometry": { "type": "Polygon", "coordinates": [ [ [ -70.354635245998196, -12.904835141821458 ], [ -70.353608664998191, -12.903524248821435 ], [ -70.349656103998214, -12.904098344821483 ], [ -70.350438410998194, -12.90551820082144 ], [ -70.351044333998175, -12.906616425821444 ], [ -70.352008369998202, -12.907088223821416 ], [ -70.354635245998196, -12.904835141821458 ] ] ] } },
{ "type": "Feature", "properties": { "id_poligono_aut": 53, "zona": "19", "datum": "WGS 84 (UTM)", "area_otorgada": 9.8, "bien_asociado": "Isla", "aaa": "MADRE DE DIOS", "ala": "TAHUAMANU - MADRE DE DIOS", "cut": "193458-2019", "numero_resolucion": "0617-2019", "fecha_resolucion": "2019-11-06T00:00:00", "resumen": "AUTORIZAR el uso temporal de terreno de isla ubicada en el cauce del rio Madre de Dios para la siembra de cultivos, a favor del señor SANTIAGO QUISPE CONDORI, identificado con DNI N° 25136348; dicha área se ubica en el sector Adan Rayo, Distrito y Pro", "clase_resolucion": "AUTORIZACION DE USO TEMPORAL", "anio_rd": "2019", "archivo": "59-RD-0617-2019-04.pdf", "detalle_rd": "ANA-AAA.MDD", "nombre_o_razon_social": "Santiago Quispe Condori", "tipo_documento": "DNI", "numero_documento": "25136348", "departamento": "Madre De Dios", "provincia": "Manu", "distrito": "Manu", "sector": "Adanrayo", "tipo_aut": "Isla", "area_total": 9.8, "periodo_autorizacion": "", "fecha_autorizacion": "2024-12-31T00:00:00" }, "geometry": { "type": "Polygon", "coordinates": [ [ [ -71.384609814352075, -12.778137065576217 ], [ -71.381594591550638, -12.77566139614215 ], [ -71.381716825301183, -12.77691626558417 ], [ -71.38197019841742, -12.777429017056106 ], [ -71.381801926715369, -12.779120226251706 ], [ -71.383092643086087, -12.779316390451786 ], [ -71.383678641200078, -12.780937532447908 ], [ -71.384396333817747, -12.780894901650841 ], [ -71.384609814352075, -12.778137065576217 ] ] ] } },
{ "type": "Feature", "properties": { "id_poligono_aut": 54, "zona": "19", "datum": "WGS 84 (UTM)", "area_otorgada": 0.11, "bien_asociado": "Faja Marginal y Ribera derecha", "aaa": "MADRE DE DIOS", "ala": "TAHUAMANU - MADRE DE DIOS", "cut": "163260-2019", "numero_resolucion": "0510-2019", "fecha_resolucion": "2019-09-25T00:00:00", "resumen": "AUTORIZAR el uso temporal de un terreno de la faja marginal y ribera derecha del rio Madre de Dios para siembra de cultivos, a favor de la señora MERCEDES CABRERA ALVAREZ, identificada con DNI Nº 04800142; dicha área se ubica en el sector Rompeolas, Dist", "clase_resolucion": "AUTORIZACION DE USO TEMPORAL", "anio_rd": "2019", "archivo": "59-RD-0510-2019-04.pdf", "detalle_rd": "ANA-AAA.MDD", "nombre_o_razon_social": "Mercedes Cabrera Alvarez", "tipo_documento": "DNI", "numero_documento": "04800142", "departamento": "Madre De Dios", "provincia": "Tambopata", "distrito": "Tambopata", "sector": "Rompeola", "tipo_aut": "Faja Marginal\/Ribera", "area_total": 0.11, "periodo_autorizacion": "", "fecha_autorizacion": "2023-12-31T00:00:00" }, "geometry": { "type": "Polygon", "coordinates": [ [ [ -69.205325678737594, -12.564772114458831 ], [ -69.20558350403671, -12.564853303543792 ], [ -69.20591496823441, -12.564925392871004 ], [ -69.205960860163259, -12.564753541356797 ], [ -69.205647822017212, -12.564699523873221 ], [ -69.205334812704123, -12.56468167784687 ], [ -69.205325678737594, -12.564772114458831 ] ] ] } },
{ "type": "Feature", "properties": { "id_poligono_aut": 55, "zona": "19", "datum": "WGS 84 (UTM)", "area_otorgada": 8.4, "bien_asociado": "Ribera Izquierda", "aaa": "MADRE DE DIOS", "ala": "TAHUAMANU - MADRE DE DIOS", "cut": "159445-2019", "numero_resolucion": "0614-2019", "fecha_resolucion": "2019-11-05T00:00:00", "resumen": "AUTORIZAR el uso temporal de terreno de la ribera izquierda del ria Madre de Dios para siembra de cultivos, a favor del señor BORIZ ARTILIO HUAMANI CHOQUEPUMA, identificado con DNI Nº 41980558; dicha área se ubica en el sector Bonanza, Distrito y Provinc", "clase_resolucion": "AUTORIZACION DE USO TEMPORAL", "anio_rd": "2019", "archivo": "59-RD-0614-2019-04.pdf", "detalle_rd": "ANA-AAA.MDD", "nombre_o_razon_social": "Boriz Artilio Huamani", "tipo_documento": "DNI", "numero_documento": "41980558", "departamento": "Madre De Dios", "provincia": "Manu", "distrito": "Manu", "sector": "Bonanza", "tipo_aut": "Ribera", "area_total": 8.4, "periodo_autorizacion": "", "fecha_autorizacion": "2024-12-31T00:00:00" }, "geometry": { "type": "Polygon", "coordinates": [ [ [ -71.187264787593719, -12.524571267311069 ], [ -71.18999745116092, -12.529022339518933 ], [ -71.19179845496042, -12.528799803519554 ], [ -71.18853451609624, -12.52461515407019 ], [ -71.187264787593719, -12.524571267311069 ] ] ] } },
{ "type": "Feature", "properties": { "id_poligono_aut": 56, "zona": "19", "datum": "WGS 84 (UTM)", "area_otorgada": 8.0, "bien_asociado": "Cauce (Isla)", "aaa": "MADRE DE DIOS", "ala": "TAMBOPATA - INAMBARI", "cut": "201497-2018", "numero_resolucion": "0001-2019", "fecha_resolucion": "2019-01-02T00:00:00", "resumen": "AUTORIZAR el uso temporal de un área de isla en el cauce del rio lnambari para siembra de cultivos a favor del señor ENGELS DELGADO ABARCA, identificado con DNI N° 43611038; dicha área se ubica en el sector Puerto Carlos, Distrito de lnambari, Provincia de Tambopata, Región de Madre de Dios", "clase_resolucion": "AUTORIZACION DE USO TEMPORAL", "anio_rd": "2019", "archivo": "64-RD-0001-2019-04.pdf", "detalle_rd": "ANA-AAA.MDD", "nombre_o_razon_social": "Engels Delgado Abarca", "tipo_documento": "DNI", "numero_documento": "43611038", "departamento": "Madre de Dios", "provincia": "Tambopata", "distrito": "Inambari", "sector": "Puerto Carlos", "tipo_aut": "Isla", "area_total": 12.6, "periodo_autorizacion": "", "fecha_autorizacion": "2023-12-31T00:00:00" }, "geometry": { "type": "Polygon", "coordinates": [ [ [ -70.353611009998161, -12.903524800821463 ], [ -70.352847744998172, -12.901678339821474 ], [ -70.350870386998224, -12.900586755821488 ], [ -70.348997019998194, -12.901854236821483 ], [ -70.349658921998198, -12.904094895821455 ], [ -70.353611009998161, -12.903524800821463 ] ] ] } },
{ "type": "Feature", "properties": { "id_poligono_aut": 57, "zona": "19", "datum": "WGS 84 (UTM)", "area_otorgada": 1.09, "bien_asociado": "Faja Marginal", "aaa": "MADRE DE DIOS", "ala": "TAHUAMANU - MADRE DE DIOS", "cut": "184185-2017", "numero_resolucion": "0096-2018", "fecha_resolucion": "2018-03-28T00:00:00", "resumen": "OTORGAR la Autorización de Uso Temporal de Faja Marginal a favor de la señora Yanet Rivera Huanca, con DNI Nº 40956436 para desarrollar la siembra de cultivos de plátano en un área de 6.09 ha, y", "clase_resolucion": "AUTORIZACION DE USO TEMPORAL", "anio_rd": "2018", "archivo": "RD N° 0096-2018-ANA-AAA-XIII-MDD.pdf", "detalle_rd": "ANA\/AAA-XIII MDD", "nombre_o_razon_social": "Yanet Rivera Huanca", "tipo_documento": "DNI", "numero_documento": "40956436", "departamento": "Madre de Dios", "provincia": "Manu", "distrito": "Manu", "sector": "Tropical", "tipo_aut": "Faja Maginal", "area_total": 6.09, "periodo_autorizacion": "9 años", "fecha_autorizacion": null }, "geometry": { "type": "Polygon", "coordinates": [ [ [ -71.367673233976291, -12.863895204818133 ], [ -71.366583575976392, -12.865126859818155 ], [ -71.365898182976409, -12.865637341818145 ], [ -71.365109144976444, -12.866417982818151 ], [ -71.364636138976479, -12.867280731818102 ], [ -71.364976430976455, -12.867389736818113 ], [ -71.365607319976448, -12.86721521881811 ], [ -71.366712726976345, -12.867148050818123 ], [ -71.366920516976393, -12.867047599818134 ], [ -71.3674874669763, -12.866600992818125 ], [ -71.367819526976291, -12.865567740818122 ], [ -71.367673233976291, -12.863895204818133 ] ] ] } },
{ "type": "Feature", "properties": { "id_poligono_aut": 60, "zona": "19", "datum": "WGS 84 (UTM)", "area_otorgada": 6.0, "bien_asociado": "Ribera Izquierda", "aaa": "MADRE DE DIOS", "ala": "TAHUAMANU - MADRE DE DIOS", "cut": "159438-2019", "numero_resolucion": "0626-2019", "fecha_resolucion": "2019-11-11T00:00:00", "resumen": "AUTORIZAR el uso temporal de terreno de la ribera izquierda del rio Madre de Dios para la siembra de cultivos, a favor del Sr. WILLIAM HUAMANI CHOQUEPUMA, identificado con DNI N° 42600705; dicha área se ubica en el sector Bonanza, Distrito y Provincia de Manu, Departamento de Madre de Dios", "clase_resolucion": "AUTORIZACION DE USO TEMPORAL", "anio_rd": "2019", "archivo": "59-RD-0626-2019-04.pdf", "detalle_rd": "ANA-AAA.MDD", "nombre_o_razon_social": "William Huamani Choquepuma", "tipo_documento": "DNI", "numero_documento": "42600705", "departamento": "Madre De Dios", "provincia": "Manu", "distrito": "Manu", "sector": "Bonanza", "tipo_aut": "Ribera", "area_total": 6.0, "periodo_autorizacion": null, "fecha_autorizacion": "2024-12-31T00:00:00" }, "geometry": { "type": "Polygon", "coordinates": [ [ [ -71.187458582650777, -12.522464061734393 ], [ -71.184311953786803, -12.522363128512819 ], [ -71.184321690477219, -12.523519791768754 ], [ -71.186896788236808, -12.523471743379099 ], [ -71.187255132891096, -12.524517123679523 ], [ -71.188524861133033, -12.524561010528691 ], [ -71.187458582650777, -12.522464061734393 ] ] ] } },
{ "type": "Feature", "properties": { "id_poligono_aut": 64, "zona": "19", "datum": "WGS 84 (UTM)", "area_otorgada": 6.0, "bien_asociado": "Ribera Izquierda", "aaa": "MADRE DE DIOS", "ala": "TAHUAMANU - MADRE DE DIOS", "cut": "159469-2019", "numero_resolucion": "0630-2019", "fecha_resolucion": "2019-11-11T00:00:00", "resumen": "AUTORIZAR el uso temporal de terreno de la ribera izquierda del rio Madre de Dios para siembra de cultivos, a favor de la Señora LOURDES HUAMANI CHOQUEPUMA, identificada con DNI Nº 42553049; dicha área se ubica en el sector Bonanza, Distrito y Provincia de Manu, Departamento de Madre de Dios", "clase_resolucion": "AUTORIZACION DE USO TEMPORAL", "anio_rd": "2019", "archivo": "59-RD-0630-2019-04.pdf", "detalle_rd": "ANA-AAA.MDD", "nombre_o_razon_social": "Lourdes Huamani Choquepuma", "tipo_documento": "DNI", "numero_documento": "42553049", "departamento": "Madre De Dios", "provincia": "Manu", "distrito": "Manu", "sector": "Bonanza", "tipo_aut": "Ribera", "area_total": 6.0, "periodo_autorizacion": null, "fecha_autorizacion": "2024-12-31T00:00:00" }, "geometry": { "type": "Polygon", "coordinates": [ [ [ -71.180440836755125, -12.515951120873872 ], [ -71.180594812071888, -12.517856695113034 ], [ -71.183347043396338, -12.518096439027751 ], [ -71.182898656498338, -12.516184222187245 ], [ -71.180440836755125, -12.515951120873872 ] ] ] } },
{ "type": "Feature", "properties": { "id_poligono_aut": 65, "zona": "19", "datum": "WGS 84 (UTM)", "area_otorgada": 6.5, "bien_asociado": "Ribera Izquierda", "aaa": "MADRE DE DIOS", "ala": "TAHUAMANU - MADRE DE DIOS", "cut": "159449-2019", "numero_resolucion": "0618-2019", "fecha_resolucion": "2019-11-06T00:00:00", "resumen": "AUTORIZAR el uso temporal de terreno de la ribera izquierda del rio Madre de Dios para la siembra de cultivos, a favor del Sr. RYSE HUAMANI CHOQUEPUMA, identificado con DNI Nº 41158143; dicha área se ubica en el sector Bonanza, Distrito y Provincia de", "clase_resolucion": "AUTORIZACION DE USO TEMPORAL", "anio_rd": "2019", "archivo": "59-RD-0618-2019-04.pdf", "detalle_rd": "ANA-AAA.MDD", "nombre_o_razon_social": "Ryse Huamani Choquepuma", "tipo_documento": "DNI", "numero_documento": "41158143", "departamento": "Madre De Dios", "provincia": "Manu", "distrito": "Manu", "sector": "Bonanza", "tipo_aut": "Ribera", "area_total": 6.5, "periodo_autorizacion": "", "fecha_autorizacion": "2024-12-31T00:00:00" }, "geometry": { "type": "Polygon", "coordinates": [ [ [ -71.181220445990945, -12.520065703297 ], [ -71.181237838286805, -12.522135050712338 ], [ -71.183851163083943, -12.52225842747896 ], [ -71.183723227874609, -12.520171907234239 ], [ -71.181220445990945, -12.520065703297 ] ] ] } },
{ "type": "Feature", "properties": { "id_poligono_aut": 66, "zona": "19", "datum": "WGS 84 (UTM)", "area_otorgada": 6.3, "bien_asociado": "Ribera Izquierda", "aaa": "MADRE DE DIOS", "ala": "TAHUAMANU - MADRE DE DIOS", "cut": "159451-2019", "numero_resolucion": "0659-2019", "fecha_resolucion": "2019-11-20T00:00:00", "resumen": "AUTORIZAR el uso temporal de terreno de la ribera izquierda del rio Madre de Dios para siembra de cultivos, a favor del señor SERAPIO HUAMANI MERMA, identificado con DNI Nº 04960252; dicha área se ubica en el sector Bonanza, Distrito y Provincia de Manu, Departamento de Madre de Dios", "clase_resolucion": "AUTORIZACION DE USO TEMPORAL", "anio_rd": "2019", "archivo": "59-RD-0659-2019-04.pdf", "detalle_rd": "ANA-AAA.MDD", "nombre_o_razon_social": "Serapio Huamani Merma", "tipo_documento": "DNI", "numero_documento": "04960252", "departamento": "Madre de Dios", "provincia": "Manu", "distrito": "Manu", "sector": "Bonanza", "tipo_aut": "Ribera", "area_total": 6.3, "periodo_autorizacion": null, "fecha_autorizacion": "2024-12-31T00:00:00" }, "geometry": { "type": "Polygon", "coordinates": [ [ [ -71.178146702856296, -12.517686755845146 ], [ -71.179333591731947, -12.519918335887811 ], [ -71.183290413812117, -12.520112162641876 ], [ -71.18315822859077, -12.519706568346709 ], [ -71.180257909183581, -12.519359581074532 ], [ -71.179515281783793, -12.518552264393591 ], [ -71.181446670223309, -12.518527566522447 ], [ -71.181524435083006, -12.517930489196374 ], [ -71.178146702856296, -12.517686755845146 ] ] ] } },
{ "type": "Feature", "properties": { "id_poligono_aut": 67, "zona": "19", "datum": "WGS 84 (UTM)", "area_otorgada": 3.0, "bien_asociado": "Ribera Derecha", "aaa": "MADRE DE DIOS", "ala": "TAHUAMANU - MADRE DE DIOS", "cut": "199711-2019", "numero_resolucion": "0658-2019", "fecha_resolucion": "2019-11-20T00:00:00", "resumen": "AUTORIZAR el uso temporal de terreno de la ribera derecha del río Madre de Dios para la siembra de cultivos, a favor de la señora JUANA FRANCISCA VILCA PAUCAR, identificada con DNI Nº 04960992; dicha área se ubica en el sector Gamitama, Distrito y Provincia de Manu, Departamento de Madre de Dios", "clase_resolucion": "AUTORIZACION DE USO TEMPORAL", "anio_rd": "2019", "archivo": "59-RD-0658-2019-04.pdf", "detalle_rd": "ANA-AAA.MDD", "nombre_o_razon_social": "Juana Francisca Vilca Paucar", "tipo_documento": "DNI", "numero_documento": "04960992", "departamento": "Madre de Dios", "provincia": "Manu", "distrito": "Manu", "sector": "Gamitama", "tipo_aut": "Ribera", "area_total": 3.0, "periodo_autorizacion": null, "fecha_autorizacion": "2023-12-31T00:00:00" }, "geometry": { "type": "Polygon", "coordinates": [ [ [ -71.35716106153231, -12.87846531632754 ], [ -71.356205916104969, -12.878754024027328 ], [ -71.355884778167265, -12.877898505615327 ], [ -71.356181842831901, -12.877163927605261 ], [ -71.3564134283139, -12.876321508208022 ], [ -71.357487439298723, -12.876926281786199 ], [ -71.35716106153231, -12.87846531632754 ] ] ] } },
{ "type": "Feature", "properties": { "id_poligono_aut": 68, "zona": "19", "datum": "WGS 84 (UTM)", "area_otorgada": 1.4, "bien_asociado": "Isla Paucar", "aaa": "MADRE DE DIOS", "ala": "TAHUAMANU - MADRE DE DIOS", "cut": "193484-2019", "numero_resolucion": "0657-2019", "fecha_resolucion": "2019-11-20T00:00:00", "resumen": "AUTORIZAR el uso temporal de terreno de isla ubicada en el cauce del rio Madre de Dios para la siembra de cultivos, a favor de la señora YSABEL QUISPE PAUCAR, identificada con DNI Nº 46107633; dicha área se ubica en el sector Tropical, Distrito y Provincia de Manu, Departamento de Madre de Dios.", "clase_resolucion": "AUTORIZACION DE USO TEMPORAL", "anio_rd": "2019", "archivo": "59-RD-0657-2019-04.pdf", "detalle_rd": "ANA-AAA.MDD", "nombre_o_razon_social": "Ysabel Quispe Paucar", "tipo_documento": "DNI", "numero_documento": "46107633", "departamento": "Madre de Dios", "provincia": "Manu", "distrito": "Manu", "sector": "Tropical", "tipo_aut": "Isla", "area_total": 1.4, "periodo_autorizacion": null, "fecha_autorizacion": "2022-12-31T00:00:00" }, "geometry": { "type": "Polygon", "coordinates": [ [ [ -71.372861997703495, -12.863559061413282 ], [ -71.37220810102329, -12.863555943567984 ], [ -71.372342917874576, -12.863202328061245 ], [ -71.372503151886747, -12.862613552197031 ], [ -71.372710022741472, -12.862087604747424 ], [ -71.373532558329629, -12.862396411697446 ], [ -71.373754923565613, -12.862538970854301 ], [ -71.373142621881286, -12.863041481862178 ], [ -71.372861997703495, -12.863559061413282 ] ] ] } },
{ "type": "Feature", "properties": { "id_poligono_aut": 69, "zona": "19", "datum": "WGS 84 (UTM)", "area_otorgada": 1.0, "bien_asociado": "Isla", "aaa": "MADRE DE DIOS", "ala": "TAHUAMANU - MADRE DE DIOS", "cut": "199700-2019", "numero_resolucion": "0773-2019", "fecha_resolucion": "2019-12-27T00:00:00", "resumen": "AUTORIZAR el uso temporal de terreno de isla ubicada en el cauce del ria Madre de  Dios para la siembra  de cultivos,  a favor  del señor CIRILO  DANIEL  SIERRA  GUTIERREZ,  identificada con DNI Nº 48658574 ; dicha área se ubica en el sector Gamitama, Distrito y Provincia de Manu, Departamento de Madre de Dios.", "clase_resolucion": "AUTORIZACION DE USO TEMPORAL", "anio_rd": "2019", "archivo": "59-RD-0773-2019-04.pdf", "detalle_rd": "ANA-AAA.MDD", "nombre_o_razon_social": "CIRILO DANIEL SIERRA GUTIERREZ", "tipo_documento": "DNI", "numero_documento": "48658574", "departamento": "Madre de Dios", "provincia": "Manu", "distrito": "Manu", "sector": "Gamitana", "tipo_aut": "Isla", "area_total": 1.0, "periodo_autorizacion": null, "fecha_autorizacion": "2022-12-31T00:00:00" }, "geometry": { "type": "Polygon", "coordinates": [ [ [ -71.353703111407043, -12.885905842309922 ], [ -71.354042085625892, -12.886697950941993 ], [ -71.354805298401644, -12.886564582761034 ], [ -71.354259828048242, -12.885358682657138 ], [ -71.353703111407043, -12.885905842309922 ] ] ] } },
{ "type": "Feature", "properties": { "id_poligono_aut": 75, "zona": "19", "datum": "WGS 84 (UTM)", "area_otorgada": 9.13, "bien_asociado": "Faja Margina Izquierda", "aaa": "MADRE DE DIOS", "ala": "TAMBOPATA - INAMBARI", "cut": "207251-2019", "numero_resolucion": "0028-2020", "fecha_resolucion": "2020-01-17T00:00:00", "resumen": "AUTORIZAR el uso temporal de 9.13 ha de terreno de faja marginal izquierda del rio lnambari para siembra de cultivos, a favor del señor LUCIANO CONDORI CHAVEZ, identificado con DNI Nº 42874557; dicha área se ubica en el sector Ponal, Distrito de lnambari, Provincia de Tambopata, Departamento de Madre de Dios", "clase_resolucion": "AUTORIZACION DE USO TEMPORAL", "anio_rd": "2020", "archivo": "64-RD-0028-2020-04.pdf", "detalle_rd": "ANA-AAA.MDD", "nombre_o_razon_social": "Luciano Condori Chavez", "tipo_documento": "DNI", "numero_documento": "42874557", "departamento": "Madre de Dios", "provincia": "Tambopata", "distrito": "Inambari", "sector": "Ponal", "tipo_aut": "Faja Marginal", "area_total": null, "periodo_autorizacion": "5 años", "fecha_autorizacion": "2023-06-30T00:00:00" }, "geometry": { "type": "Polygon", "coordinates": [ [ [ -70.267258428151266, -12.814052395207959 ], [ -70.267002338282921, -12.816268633317177 ], [ -70.270743049032575, -12.816331964340048 ], [ -70.270890233227149, -12.814450761940979 ], [ -70.267258428151266, -12.814052395207959 ] ] ] } },
{ "type": "Feature", "properties": { "id_poligono_aut": 76, "zona": "19", "datum": "WGS 84 (UTM)", "area_otorgada": 1.0, "bien_asociado": "faja Marginal Izquierda", "aaa": "MADRE DE DIOS", "ala": "TAHUAMANU - MADRE DE DIOS", "cut": "26904-2020", "numero_resolucion": "0236-2020", "fecha_resolucion": "2020-09-22T00:00:00", "resumen": "AUTORIZAR el uso temporal de 1.00 ha de terreno de faja marginal izquierda de la quebrada Teparo Grande para siembra de cultivos, a favor de la señora DELIA TORRES PUMAYALLI, identificada con DNI N° 24466289; dicha área se ubica en el sector Santa Elena, distrito y provincia de Manu, departamento de Madre de Dios", "clase_resolucion": "AUTORIZACION DE USO TEMPORAL", "anio_rd": "2020", "archivo": "59-RD-0236-2020-04.pdf", "detalle_rd": "ANA-AAA.MDD", "nombre_o_razon_social": "DELIA TORRES PUMAYALLI", "tipo_documento": "DNI", "numero_documento": "24466289", "departamento": "Madre de Dios", "provincia": "Manu", "distrito": "Manu", "sector": "Santa Elena", "tipo_aut": "Faja Marginal", "area_total": 1.0, "periodo_autorizacion": null, "fecha_autorizacion": "2023-12-31T00:00:00" }, "geometry": { "type": "Polygon", "coordinates": [ [ [ -71.387321827657388, -12.734542129455013 ], [ -71.386781311519911, -12.732848280478256 ], [ -71.387461023016826, -12.731712678852556 ], [ -71.386923739768847, -12.731347058152952 ], [ -71.387608521812368, -12.73075355710569 ], [ -71.387521037488114, -12.730257379015278 ], [ -71.386960024376847, -12.729322718298532 ], [ -71.387125774633304, -12.729330259485069 ], [ -71.387649466185721, -12.730211041787122 ], [ -71.387765322977842, -12.730788285749057 ], [ -71.387153663750425, -12.731326913067649 ], [ -71.387635471072954, -12.731665926401575 ], [ -71.386937944885176, -12.732864939384879 ], [ -71.387459800618117, -12.734531848918698 ], [ -71.387321827657388, -12.734542129455013 ] ] ] } },
{ "type": "Feature", "properties": { "id_poligono_aut": 77, "zona": "19", "datum": "WGS 84 (UTM)", "area_otorgada": 0.85, "bien_asociado": "Ribera Derecha", "aaa": "MADRE DE DIOS", "ala": "TAHUAMANU - MADRE DE DIOS", "cut": "81021-2020", "numero_resolucion": "0249-2020", "fecha_resolucion": "2020-10-02T00:00:00", "resumen": "AUTORIZAR el uso temporal de terreno de la ribera derecha del rio Madre de Dios para la siembra de cultivos, a favor de la señora RUPERTINA CHILLIHUANI HANCCO, identificada con DNI N° 25134853; dicha área se ubica en el sector Gamitama, Distrito y Provincia de Manu, Departamento de Madre de Dios", "clase_resolucion": "AUTORIZACION DE USO TEMPORAL", "anio_rd": "2020", "archivo": "59-RD-0249-2020-04.pdf", "detalle_rd": "ANA-AAA.MDD", "nombre_o_razon_social": "RUPERTINA CHILLIHUANI HANCCO", "tipo_documento": "DNI", "numero_documento": "25134853", "departamento": "Madre de Dios", "provincia": "Manu", "distrito": "Manu", "sector": "Gamitana", "tipo_aut": "Ribera", "area_total": 0.85, "periodo_autorizacion": null, "fecha_autorizacion": "2023-10-31T00:00:00" }, "geometry": { "type": "Polygon", "coordinates": [ [ [ -71.356650241504127, -12.8799789034695 ], [ -71.356573356657918, -12.879636232531286 ], [ -71.356799449543985, -12.879191440265368 ], [ -71.357311874200903, -12.878834429141081 ], [ -71.357807234492725, -12.879607053296112 ], [ -71.357503581092303, -12.879636894938509 ], [ -71.356650241504127, -12.8799789034695 ] ] ] } },
{ "type": "Feature", "properties": { "id_poligono_aut": 78, "zona": "19", "datum": "WGS 84 (UTM)", "area_otorgada": 2.38, "bien_asociado": "Isla", "aaa": "MADRE DE DIOS", "ala": "TAHUAMANU - MADRE DE DIOS", "cut": "81170-2020", "numero_resolucion": "0250-2020", "fecha_resolucion": "2020-10-02T00:00:00", "resumen": "AUTORIZAR el uso temporal de terreno de isla ubicada en el cauce del rio Yunguyo para la siembra de cultivos, a favor del señor ALEJANDRO CUSIQUISPE FERNANDEZ, identificado con DNI N° 24490932; dicha área se ubica en el sector Yunguyo, Distrito y Provincia de Manu, Departamento de Madre de Dios", "clase_resolucion": "AUTORIZACION DE USO TEMPORAL", "anio_rd": "2020", "archivo": "59-RD-0250-2020-04.pdf", "detalle_rd": "ANA-AAA.MDD", "nombre_o_razon_social": "ALEJANDRO CUSIQUISPE FERNANDEZ", "tipo_documento": "DNI", "numero_documento": "24490932", "departamento": "Madre de Dios", "provincia": "Manu", "distrito": "Manu", "sector": "Yunguyo", "tipo_aut": "Isla", "area_total": 2.38, "periodo_autorizacion": null, "fecha_autorizacion": "2023-12-31T00:00:00" }, "geometry": { "type": "Polygon", "coordinates": [ [ [ -71.363463741467598, -12.806889781946767 ], [ -71.362926726072729, -12.806569311723219 ], [ -71.361921606226105, -12.80640665047537 ], [ -71.36014128126503, -12.806052146939287 ], [ -71.361200258662421, -12.807054669246311 ], [ -71.362703381474233, -12.807303222042419 ], [ -71.363144794544624, -12.807245044339327 ], [ -71.363463741467598, -12.806889781946767 ] ] ] } },
{ "type": "Feature", "properties": { "id_poligono_aut": 79, "zona": "19", "datum": "WGS 84 (UTM)", "area_otorgada": 2.38, "bien_asociado": "Isla", "aaa": "MADRE DE DIOS", "ala": "TAHUAMANU - MADRE DE DIOS", "cut": "81035-2020", "numero_resolucion": "0251-2020", "fecha_resolucion": "2020-10-02T00:00:00", "resumen": "AUTORIZAR el uso temporal de 2.96 ha de terreno de faja marginal izquierda del rio “Pillcopata” para siembra de cultivos, a favor del señor MARCO ANGEL NORIEGA SUCNO, identificado con DNI N° 25132993; dicha área se ubica en el sector Pillcopata, distrito de Kosñipata, provincia de Paucartambo, departamento de Cusco.", "clase_resolucion": "AUTORIZACION DE USO TEMPORAL", "anio_rd": "2020", "archivo": "59-RD-0251-2020-04.pdf", "detalle_rd": "ANA-AAA.MDD", "nombre_o_razon_social": "MARCO ANGEL NORIEGA SUCNO", "tipo_documento": "DNI", "numero_documento": "25132993", "departamento": "Cusco", "provincia": "Paucartambo", "distrito": "Kosñipata", "sector": "Pilcopata", "tipo_aut": "Faja Marginal", "area_total": 2.96, "periodo_autorizacion": null, "fecha_autorizacion": "2023-12-31T00:00:00" }, "geometry": { "type": "Polygon", "coordinates": [ [ [ -71.398137500741655, -12.916322936371255 ], [ -71.397587882252452, -12.915677419568608 ], [ -71.398833228649693, -12.913940185066485 ], [ -71.399654821706562, -12.91316461296819 ], [ -71.399861826761054, -12.912656718138457 ], [ -71.399944546271001, -12.91263788698887 ], [ -71.400073316881716, -12.912618632704536 ], [ -71.40036243615431, -12.912028662940093 ], [ -71.400158690301865, -12.911913072353286 ], [ -71.400463468548239, -12.911033819948178 ], [ -71.40091692359475, -12.911255542660751 ], [ -71.40017488814425, -12.912644806220193 ], [ -71.399980630990186, -12.913523043227849 ], [ -71.399141393773718, -12.914380098778647 ], [ -71.398137500741655, -12.916322936371255 ] ] ] } },
{ "type": "Feature", "properties": { "id_poligono_aut": 80, "zona": "19", "datum": "WGS 84 (UTM)", "area_otorgada": 3.89, "bien_asociado": "Ribera Derecha", "aaa": "MADRE DE DIOS", "ala": "TAHUAMANU - MADRE DE DIOS", "cut": "26884-2019", "numero_resolucion": "0267-2020", "fecha_resolucion": "2020-10-21T00:00:00", "resumen": "AUTORIZAR el uso temporal de 3.89 ha de terreno de la ribera derecha del ria \"Pillcopata\" para siembra de cultivos, a favor del señor AUGUSTO CLAUDIO MAMANI MELO, identificado con DNI Nº 41176280; dicha área se ubica en el sector Patria, distrito de Kosñipata, provincia de Paucartambo, departamento de Cusco", "clase_resolucion": "AUTORIZACION DE USO TEMPORAL", "anio_rd": "2020", "archivo": "59-RD-0267-2020-04.pdf", "detalle_rd": "ANA-AAA.MDD", "nombre_o_razon_social": "AUGUSTO CLAUDIO MAMANI MELO", "tipo_documento": "DNI", "numero_documento": "41176280", "departamento": "CUSCO", "provincia": "PAUCARTAMBO", "distrito": "KOSÑIPATA", "sector": "PATRIA", "tipo_aut": "RIBERA", "area_total": 3.89, "periodo_autorizacion": "5 AÑOS", "fecha_autorizacion": "2025-10-31T00:00:00" }, "geometry": { "type": "Polygon", "coordinates": [ [ [ -71.405792881772882, -12.982636592883892 ], [ -71.405798273211033, -12.983196744897819 ], [ -71.405227344972161, -12.984186900622825 ], [ -71.404722203253499, -12.983396449470698 ], [ -71.404635376783816, -12.982990654360988 ], [ -71.404564716546588, -12.982349786018712 ], [ -71.404318233000055, -12.981629224279132 ], [ -71.404362384903308, -12.98143003433921 ], [ -71.404223154003091, -12.98036513018884 ], [ -71.404853787907967, -12.980793001891822 ], [ -71.405235854593272, -12.981241242896791 ], [ -71.405573597936254, -12.981870603644023 ], [ -71.405792881772882, -12.982636592883892 ] ] ] } },
{ "type": "Feature", "properties": { "id_poligono_aut": 81, "zona": "19", "datum": "WGS 84 (UTM)", "area_otorgada": 3.23, "bien_asociado": "RIBERA IZQUIERDA", "aaa": "MADRE DE DIOS", "ala": "TAHUAMANU - MADRE DE DIOS", "cut": "110283-2020", "numero_resolucion": "0268-2020", "fecha_resolucion": "2020-10-21T00:00:00", "resumen": "AUTORIZAR el uso temporal de 3.23 ha de terreno de la ribera izquierda del rio Tono para la siembra de cultivos, a favor de la señora CARMEN PACHECO RAMOS, identificada con DNI Nº 25133023; dicha área se ubica en el sector de Pillcopata, Distrito de Kosñipata, Provincia de Paucartambo, Departamento de Cusco", "clase_resolucion": "AUTORIZACION DE USO TEMPORAL", "anio_rd": "2020", "archivo": "59-RD-0268-2020-04.pdf", "detalle_rd": "ANA-AAA.MDD", "nombre_o_razon_social": "CARMEN PACHECO RAMOS", "tipo_documento": "DNI", "numero_documento": "25133023", "departamento": "CUSCO", "provincia": "PAUCARTAMBO", "distrito": "KOSÑIPATA", "sector": "PILLCOPATA", "tipo_aut": "RIBERA", "area_total": 3.23, "periodo_autorizacion": "5 AÑOS", "fecha_autorizacion": null }, "geometry": { "type": "Polygon", "coordinates": [ [ [ -71.432181531955834, -12.917264012673707 ], [ -71.432059672960719, -12.917997014528739 ], [ -71.429584871644252, -12.917351433233783 ], [ -71.42909489702997, -12.917166247961212 ], [ -71.428212245554164, -12.916379340363425 ], [ -71.428847659748826, -12.916364395900253 ], [ -71.432181531955834, -12.917264012673707 ] ] ] } },
{ "type": "Feature", "properties": { "id_poligono_aut": 83, "zona": "19", "datum": "WGS 84 (UTM)", "area_otorgada": 3.82, "bien_asociado": "ISLA", "aaa": "MADRE DE DIOS", "ala": "TAHUAMANU - MADRE DE DIOS", "cut": "111819-2020", "numero_resolucion": "0269-2020", "fecha_resolucion": "2020-10-22T00:00:00", "resumen": "AUTORIZAR el uso temporal de 7.79 ha de terreno de isla del rio Pillcopata para la siembra de cultivos, a favor del señor DALMIRO ORUE ESPINOZA, identificadO con DNI Nº 23955157; dicha área se ubica en el sector de Tupac Amaru, Distrito de Kosñipata, Provincia de Paucartambo, Departamento de Cusco", "clase_resolucion": "AUTORIZACION DE USO TEMPORAL", "anio_rd": "2020", "archivo": "59-RD-0269-2020-05.pdf", "detalle_rd": "ANA-AAA.MDD", "nombre_o_razon_social": "DALMIRO ORUE ESPINOZA", "tipo_documento": "DNI", "numero_documento": "23955157", "departamento": "CUSCO", "provincia": "PAUCARTAMBO", "distrito": "KOSÑIPATA", "sector": "TUPAC AMARU", "tipo_aut": "ISLA", "area_total": 7.79, "periodo_autorizacion": "3 AÑOS", "fecha_autorizacion": null }, "geometry": { "type": "Polygon", "coordinates": [ [ [ -71.403912030689057, -12.962369226335266 ], [ -71.404297926385922, -12.960341701967684 ], [ -71.404481731516015, -12.960294826642061 ], [ -71.404612433906379, -12.960474330078812 ], [ -71.40456731340808, -12.961531904416301 ], [ -71.404979583479005, -12.962250938242109 ], [ -71.404942537508262, -12.964148742083646 ], [ -71.404684326654518, -12.965081787814537 ], [ -71.404198007355433, -12.964327296223074 ], [ -71.404003614355872, -12.963271934190402 ], [ -71.404090616110494, -12.96273803392813 ], [ -71.403912030689057, -12.962369226335266 ] ] ] } },
{ "type": "Feature", "properties": { "id_poligono_aut": 82, "zona": "19", "datum": "WGS 84 (UTM)", "area_otorgada": 3.97, "bien_asociado": "ISLA", "aaa": "MADRE DE DIOS", "ala": "TAHUAMANU - MADRE DE DIOS", "cut": "111819-2020", "numero_resolucion": "0269-2020", "fecha_resolucion": "2020-10-22T00:00:00", "resumen": "AUTORIZAR el uso temporal de 7.79 ha de terreno de isla del rio Pillcopata para la siembra de cultivos, a favor del señor DALMIRO ORUE ESPINOZA, identificadO con DNI Nº 23955157; dicha área se ubica en el sector de Tupac Amaru, Distrito de Kosñipata, Provincia de Paucartambo, Departamento de Cusco", "clase_resolucion": "AUTORIZACION DE USO TEMPORAL", "anio_rd": "2020", "archivo": "59-RD-0269-2020-05.pdf", "detalle_rd": "ANA-AAA.MDD", "nombre_o_razon_social": "DALMIRO ORUE ESPINOZA", "tipo_documento": "DNI", "numero_documento": "23955157", "departamento": "CUSCO", "provincia": "PAUCARTAMBO", "distrito": "KOSÑIPATA", "sector": "TUPAC AMARU", "tipo_aut": "ISLA", "area_total": 7.79, "periodo_autorizacion": "3 AÑOS", "fecha_autorizacion": null }, "geometry": { "type": "Polygon", "coordinates": [ [ [ -71.403780199853756, -12.962072271065312 ], [ -71.403657928327277, -12.961811369556722 ], [ -71.403585050786305, -12.959977827766471 ], [ -71.403389345571625, -12.959744710495688 ], [ -71.402490984081268, -12.957331475505057 ], [ -71.403537753011534, -12.956969428861763 ], [ -71.4038740611458, -12.957454243528417 ], [ -71.403960763964179, -12.958808774049857 ], [ -71.403714991261694, -12.959118251659842 ], [ -71.403625473702562, -12.959390144375504 ], [ -71.403702724600976, -12.959759888309318 ], [ -71.404104995957667, -12.960397696985153 ], [ -71.403780199853756, -12.962072271065312 ] ] ] } },
{ "type": "Feature", "properties": { "id_poligono_aut": 85, "zona": "19", "datum": "WGS 84 (UTM)", "area_otorgada": 0.29, "bien_asociado": "FAJA MARGINAL", "aaa": "MADRE DE DIOS", "ala": "TAHUAMANU - MADRE DE DIOS", "cut": "81145-2020", "numero_resolucion": "0271-2020", "fecha_resolucion": "2020-10-23T00:00:00", "resumen": "AUTORIZAR el uso temporal de 1.63 ha de terreno de la Faja Marginal izquierda del Rio Pillcopata para la siembra de cultivos, a favor del señor FAUSTINO HUAMAN PEREZ, identificado con DNI Nº 44506628; dicha área se ubica en el sector de Pillcopata, Distrito de Kosñipata, Provincia de Paucartambo, Departamento de Cusco.", "clase_resolucion": "AUTORIZACION DE USO TEMPORAL", "anio_rd": "2020", "archivo": "59-RD-0271-2020-04.pdf", "detalle_rd": "ANA-AAA.MDD", "nombre_o_razon_social": "FAUSTINO HUAMAN PEREZ", "tipo_documento": "DNI", "numero_documento": "44506628", "departamento": "CUSCO", "provincia": "PAUCARTAMBO", "distrito": "KOSÑIPATA", "sector": "PILLCOPATA", "tipo_aut": "FAJA MARGINAL", "area_total": 1.63, "periodo_autorizacion": "5 AÑOS", "fecha_autorizacion": null }, "geometry": { "type": "Polygon", "coordinates": [ [ [ -71.408498434989681, -12.989948358693002 ], [ -71.408318510412187, -12.989444039050012 ], [ -71.407970227943053, -12.988679250234645 ], [ -71.407884873211984, -12.988427047374138 ], [ -71.408032611825746, -12.987504057209184 ], [ -71.408101090865813, -12.986961292612515 ], [ -71.408463354767434, -12.987265141751687 ], [ -71.408639358028523, -12.987362900648273 ], [ -71.408588522251023, -12.987824182177759 ], [ -71.408433731322773, -12.988015362543432 ], [ -71.40845381191771, -12.988186850817161 ], [ -71.408698748723367, -12.988744780721717 ], [ -71.408498434989681, -12.989948358693002 ] ] ] } },
{ "type": "Feature", "properties": { "id_poligono_aut": 86, "zona": "19", "datum": "WGS 84 (UTM)", "area_otorgada": 2.61, "bien_asociado": "ISLA", "aaa": "MADRE DE DIOS", "ala": "TAHUAMANU - MADRE DE DIOS", "cut": "26876-2020", "numero_resolucion": "0272-2020", "fecha_resolucion": "2020-10-23T00:00:00", "resumen": "AUTORIZAR el uso temporal de 2.61 ha de terreno de una isla del rio Pillcopata para la siembra de cultivos, a favor del señor NASARIO LAURA SUMA, identificado con DNI Nº 25132981; dicha área se ubica en el sector de Pillcopata, Distrito de Kosñipata, Provincia de Paucartambo, Departamento de Cusco", "clase_resolucion": "AUTORIZACION DE USO TEMPORAL", "anio_rd": "2020", "archivo": "59-RD-0272-2020-04.pdf", "detalle_rd": "ANA-AAA.MDD", "nombre_o_razon_social": "NASARIO LAURA SUMA", "tipo_documento": "DNI", "numero_documento": "25132981", "departamento": "CUSCO", "provincia": "PAUCARTAMBO", "distrito": "KOSÑIPATA", "sector": "PILLCOPATA", "tipo_aut": "ISLA", "area_total": 2.61, "periodo_autorizacion": "3 AÑOS", "fecha_autorizacion": null }, "geometry": { "type": "Polygon", "coordinates": [ [ [ -71.395179029852969, -12.890996127485797 ], [ -71.394747817504935, -12.891171751862601 ], [ -71.396439154185359, -12.893722381760597 ], [ -71.397289702507308, -12.89405794149722 ], [ -71.397690534628509, -12.893593451248028 ], [ -71.396828799806997, -12.893050175882486 ], [ -71.395768080468173, -12.891921403710267 ], [ -71.395179029852969, -12.890996127485797 ] ] ] } },
{ "type": "Feature", "properties": { "id_poligono_aut": 87, "zona": "19", "datum": "WGS 84 (UTM)", "area_otorgada": 2.9, "bien_asociado": "ISLA", "aaa": "MADRE DE DIOS", "ala": "TAHUAMANU - MADRE DE DIOS", "cut": "84012-2020", "numero_resolucion": "0273-2020", "fecha_resolucion": "2020-10-23T00:00:00", "resumen": "AUTORIZAR el uso temporal de un área de isla ubicada en el cauce del río Pillcopata para siembra de cultivos, a favor del señor CESAR MAMANI TAPARA, identificado con DNI Nº 44106441; dicha área se ubica en el sector de Asunción, distrito de Kosñipata, provincia de Paucartambo y departamento de Cusco", "clase_resolucion": "AUTORIZACION DE USO TEMPORAL", "anio_rd": "2020", "archivo": "59-RD-0273-2020-04.pdf", "detalle_rd": "ANA-AAA.MDD", "nombre_o_razon_social": "CESAR MAMANI TAPARA", "tipo_documento": "DNI", "numero_documento": "44106441", "departamento": "CUSCO", "provincia": "PAUCARTAMBO", "distrito": "KOSÑIPATA", "sector": "ASUNCION", "tipo_aut": "ISLA", "area_total": 2.9, "periodo_autorizacion": "3 AÑOS", "fecha_autorizacion": null }, "geometry": { "type": "Polygon", "coordinates": [ [ [ -71.433981828740656, -13.014323087608519 ], [ -71.433470929039984, -13.013903221965835 ], [ -71.432803574255445, -13.013502893441995 ], [ -71.432202127309338, -13.013246510136735 ], [ -71.431609806991119, -13.012981004307598 ], [ -71.43127961132403, -13.013137700891054 ], [ -71.431237506874169, -13.01354468610127 ], [ -71.431629064767975, -13.014010852699558 ], [ -71.432796254016893, -13.014641414236943 ], [ -71.433395941366868, -13.014717105380232 ], [ -71.433981828740656, -13.014323087608519 ] ] ] } },
{ "type": "Feature", "properties": { "id_poligono_aut": 137, "zona": "19", "datum": "WGS 84 (UTM)", "area_otorgada": 1.17, "bien_asociado": "FAJA MARGINAL", "aaa": "MADRE DE DIOS", "ala": "TAHUAMANU - MADRE DE DIOS", "cut": "72504-2019", "numero_resolucion": "0276-2020", "fecha_resolucion": "2020-10-26T00:00:00", "resumen": "AUTORIZAR el uso temporal de un tramo de terreno de la faja marginal derecha de la quebrada Pampa Hermosa con fines de mantenimiento (forestación con plantaciones de aguaje), área ubicada en el sector Pampa Hermosa, distrito de Las Piedras, provincia de Tambopata, departamento de Madre de Dios\", a favor de la Sra. MILAGROS YABAR MACEDA, identificada con DNI Nº 04820448", "clase_resolucion": "AUTORIZACION DE USO TEMPORAL", "anio_rd": "2020", "archivo": "59-RD-0276-2020-04.pdf", "detalle_rd": "ANA-AAA.MDD", "nombre_o_razon_social": "MILAGROS YABAR MACEDA", "tipo_documento": "DNI", "numero_documento": "04820448", "departamento": "MADRE DE DIOS", "provincia": "TAMBOPATA", "distrito": "LAS PIEDRAS", "sector": "PAMPA HERMOSA", "tipo_aut": "FAJA MARGINAL", "area_total": 1.17, "periodo_autorizacion": "2 AÑOS", "fecha_autorizacion": null }, "geometry": { "type": "Polygon", "coordinates": [ [ [ -69.11374175903191, -12.191996749521417 ], [ -69.112896315112422, -12.192675340341779 ], [ -69.112400116099153, -12.193172921534311 ], [ -69.111591292491411, -12.193507850106771 ], [ -69.110819144110778, -12.193616680442871 ], [ -69.110570995175522, -12.19375242874035 ], [ -69.110534328910219, -12.19400565431217 ], [ -69.1102219680714, -12.194476028101844 ], [ -69.109725768147683, -12.194991690976458 ], [ -69.10915570165362, -12.194720619894419 ], [ -69.109118985841022, -12.194856283105285 ], [ -69.109670663201712, -12.195118318328776 ], [ -69.109826930230597, -12.195091126393102 ], [ -69.110323130140387, -12.194575463340239 ], [ -69.110644672465384, -12.194077956020081 ], [ -69.110865186924286, -12.193806570089434 ], [ -69.111628135482363, -12.193679656855421 ], [ -69.112519675454436, -12.193299478209939 ], [ -69.113126195193288, -12.192819938063696 ], [ -69.113870511216675, -12.192123301829676 ], [ -69.11374175903191, -12.191996749521417 ] ] ] } },
{ "type": "Feature", "properties": { "id_poligono_aut": 133, "zona": "19", "datum": "WGS 84 (UTM)", "area_otorgada": 3.88, "bien_asociado": "FAJA MARGINAL DERECHA", "aaa": "MADRE DE DIOS", "ala": "TAHUAMANU - MADRE DE DIOS", "cut": "91842-2020", "numero_resolucion": "0280-2020", "fecha_resolucion": "2020-10-26T00:00:00", "resumen": "AUTORIZAR el uso temporal de 3.89 ha de terreno de faja marginal derecha del rio Madre de Dios para siembra de cultivos, a favor del señor HERNÁN CUSIHUATA KGALLISANA, identificado con DNI Nº 42730237; dicha área se ubica en el sector Nuevo Edén, distrito de Fitzcarrald, provincia de Manu, departamento de Madre de Dios", "clase_resolucion": "AUTORIZACION DE USO TEMPORAL", "anio_rd": "2020", "archivo": "59-RD-0280-2020-04.pdf", "detalle_rd": "ANA-AAA.MDD", "nombre_o_razon_social": "HERNAN CUSIHUATA KGALLISANA", "tipo_documento": "DNI", "numero_documento": "04820448", "departamento": "MADRE DE DIOS", "provincia": "MANU", "distrito": "FITZCARRALD", "sector": "NUEVO EDEN", "tipo_aut": "FAJA MARGINAL", "area_total": 3.89, "periodo_autorizacion": "3 AÑOS", "fecha_autorizacion": null }, "geometry": { "type": "Polygon", "coordinates": [ [ [ -71.177088668622474, -12.559265893227218 ], [ -71.176841969637863, -12.558373226506284 ], [ -71.176882870133582, -12.55776741071681 ], [ -71.176581285184497, -12.556911337203919 ], [ -71.175773920201308, -12.556077441377919 ], [ -71.175648941710776, -12.555436822824149 ], [ -71.176023584575461, -12.555135559605375 ], [ -71.177540701276101, -12.557228882099279 ], [ -71.177705523662354, -12.558230657851563 ], [ -71.177896803633232, -12.559096662348152 ], [ -71.177218822296865, -12.559427503494666 ], [ -71.177088668622474, -12.559265893227218 ] ] ] } },
{ "type": "Feature", "properties": { "id_poligono_aut": 89, "zona": "19", "datum": "WGS 84 (UTM)", "area_otorgada": 5.37, "bien_asociado": "FAJA MARGINAL", "aaa": "MADRE DE DIOS", "ala": "TAHUAMANU - MADRE DE DIOS", "cut": "91862-2020", "numero_resolucion": "0281-2020", "fecha_resolucion": "2020-10-27T00:00:00", "resumen": "AUTORIZAR el uso temporal de 5.37 ha de terreno de faja marginal derecha del rio Madre de Dios para siembra de cultivos, a favor del señor JESÚS DÍAZ CUBAS, identificado con DNI Nº 48851521; dicha área se ubica en el sector Nuevo Edén, distrito de Fitzcarrald, provincia de Manu, departamento de Madre de Dios", "clase_resolucion": "AUTORIZACION DE USO TEMPORAL", "anio_rd": "2020", "archivo": "59-RD-0281-2020-04.pdf", "detalle_rd": "ANA-AAA.MDD", "nombre_o_razon_social": "JESÚS DÍAZ CUBAS", "tipo_documento": "DNI", "numero_documento": "48851521", "departamento": "MADRE DE DIOS", "provincia": "MANU", "distrito": "FITZCARRALD", "sector": "NUEVO EDEN", "tipo_aut": "FAJA MARGINAL", "area_total": 5.37, "periodo_autorizacion": "2 AÑOS", "fecha_autorizacion": null }, "geometry": { "type": "Polygon", "coordinates": [ [ [ -71.168178571134973, -12.526804445068178 ], [ -71.166816518239813, -12.524519995787424 ], [ -71.166666788591186, -12.524213939818338 ], [ -71.16633167133115, -12.523737672028348 ], [ -71.1663006077234, -12.523322213566749 ], [ -71.165565691065595, -12.521231515606459 ], [ -71.165346154142284, -12.521377878283619 ], [ -71.165476433939844, -12.523762637355102 ], [ -71.165813360230871, -12.524455783478459 ], [ -71.166146667069498, -12.524715174937107 ], [ -71.166952165941296, -12.526443813759354 ], [ -71.167344136569241, -12.527118438552009 ], [ -71.168178571134973, -12.526804445068178 ] ] ] } },
{ "type": "Feature", "properties": { "id_poligono_aut": 90, "zona": "19", "datum": "WGS 84 (UTM)", "area_otorgada": 1.7, "bien_asociado": "RIBERA DERECHA", "aaa": "MADRE DE DIOS", "ala": "TAHUAMANU - MADRE DE DIOS", "cut": "91866-2020", "numero_resolucion": "0282-2020", "fecha_resolucion": "2020-10-27T00:00:00", "resumen": "AUTORIZAR el uso temporal de 1.70 ha de terreno de la ribera derecha del rio Madre de Dios para siembra de cultivos, a favor de la señora NANCY CAJA CHUCTAYA, identificada con DNI Nº 47645128; dicha área se ubica en el sector Nuevo Edén, distrito de Fitzcarrald, provincia de Manu, departamento de Madre de Dios", "clase_resolucion": "AUTORIZACION DE USO TEMPORAL", "anio_rd": "2020", "archivo": "59-RD-0282-2020-04.pdf", "detalle_rd": "ANA-AAA.MDD", "nombre_o_razon_social": " NANCY CAJA CHUCTAYA", "tipo_documento": "DNI", "numero_documento": "47645128", "departamento": "MADRE DE DIOS", "provincia": "MANU", "distrito": "FITZCARRALD", "sector": "NUEVO EDEN", "tipo_aut": "RIBERA", "area_total": 5.37, "periodo_autorizacion": "2 AÑOS", "fecha_autorizacion": null }, "geometry": { "type": "Polygon", "coordinates": [ [ [ -71.172745405767657, -12.547082974372032 ], [ -71.172204436983691, -12.547295207396731 ], [ -71.171984382816333, -12.546284833071013 ], [ -71.172022266500605, -12.545317556332083 ], [ -71.172931851472782, -12.54518367391891 ], [ -71.172709622593118, -12.546107257338065 ], [ -71.172745405767657, -12.547082974372032 ] ] ] } },
{ "type": "Feature", "properties": { "id_poligono_aut": 91, "zona": "19", "datum": "WGS 84 (UTM)", "area_otorgada": 0.44, "bien_asociado": "FAJA MARGINAL IZQUIERDA", "aaa": "MADRE DE DIOS", "ala": "TAHUAMANU - MADRE DE DIOS", "cut": "105621-2020", "numero_resolucion": "0283-2020", "fecha_resolucion": "2020-10-28T00:00:00", "resumen": "AUTORIZAR el uso temporal de 0.44 ha de terreno de faja marginal izquierda del rio Tambopata para la siembra de cultivos, a favor del señor VIDELMO ACUÑA RUIZ, identificado con DNI Nº 27577687; dicha área se ubica en el sector Chanta, distrito y provincia de Tambopata, departamento de Madre de Dios", "clase_resolucion": "AUTORIZACION DE USO TEMPORAL", "anio_rd": "2020", "archivo": "59-RD-0283-2020-04.pdf", "detalle_rd": "ANA-AAA.MDD", "nombre_o_razon_social": "VIDELMO ACUÑA RUIZ", "tipo_documento": "DNI", "numero_documento": "27577687", "departamento": "MADRE DE DIOS", "provincia": "TAMBOPATA", "distrito": "TAMBOPATA", "sector": "CHONTA", "tipo_aut": "FAJA MARGINAL", "area_total": 0.44, "periodo_autorizacion": "4 AÑOS", "fecha_autorizacion": null }, "geometry": { "type": "Polygon", "coordinates": [ [ [ -69.226655773404076, -12.669878814503283 ], [ -69.226407348905099, -12.670141269534094 ], [ -69.225310696696894, -12.669319298495104 ], [ -69.225329004409929, -12.669192682665273 ], [ -69.22552246660436, -12.669264861786852 ], [ -69.225605327877759, -12.669237662894531 ], [ -69.226655773404076, -12.669878814503283 ] ] ] } },
{ "type": "Feature", "properties": { "id_poligono_aut": 92, "zona": "19", "datum": "WGS 84 (UTM)", "area_otorgada": 0.44, "bien_asociado": "ISLA", "aaa": "MADRE DE DIOS", "ala": "TAHUAMANU - MADRE DE DIOS", "cut": "26894-2020", "numero_resolucion": "0302-2020", "fecha_resolucion": "2020-11-04T00:00:00", "resumen": "AUTORIZAR el uso temporal de un área de isla ubicada en el cauce del río Queros para siembra de cultivos, a favor del señor BELTRÁN LIPA QUISPE, identificado con DNI N° 80097292; dicha área se ubica en el sector Bajo Queros, distrito de Kosñipata, provincia de Paucartambo y departamento de Cusco", "clase_resolucion": "AUTORIZACION DE USO TEMPORAL", "anio_rd": "2020", "archivo": "59-RD-0302-2020-05.pdf", "detalle_rd": "ANA-AAA.MDD", "nombre_o_razon_social": "BELTRÁN LIPA QUISPE", "tipo_documento": "DNI", "numero_documento": "80097292", "departamento": "CUSCO", "provincia": "PAUCARTAMBO", "distrito": "KOSÑIPATA", "sector": "BAJO QUEROS", "tipo_aut": "ISLA", "area_total": 3.52, "periodo_autorizacion": "1 AÑOS 5 MESES", "fecha_autorizacion": null }, "geometry": { "type": "Polygon", "coordinates": [ [ [ -71.374013221256433, -12.939701945215365 ], [ -71.375417087403221, -12.939110871993828 ], [ -71.373449509280448, -12.938541468147235 ], [ -71.373016917494169, -12.938581548556385 ], [ -71.372496997283179, -12.9391284242558 ], [ -71.372197037686277, -12.939555833368013 ], [ -71.372374276102761, -12.939789149869071 ], [ -71.372938137744356, -12.939991840278015 ], [ -71.372895157896167, -12.940317517940647 ], [ -71.373145063106676, -12.940441743479552 ], [ -71.374013221256433, -12.939701945215365 ] ] ] } },
{ "type": "Feature", "properties": { "id_poligono_aut": 93, "zona": "19", "datum": "WGS 84 (UTM)", "area_otorgada": 5.5, "bien_asociado": "RIBERA DERECHA", "aaa": "MADRE DE DIOS", "ala": "TAMBOPATA - INAMBARI", "cut": "111924-2020", "numero_resolucion": "0303-2020", "fecha_resolucion": "2020-11-05T00:00:00", "resumen": "AUTORIZAR el uso temporal de terreno de la ribera derecha del rio Inambari para la siembra de cultivos, a favor del señor ALEJANDRO LIRA CARDENAS, identificado con DNI Nº 20580839; dicha área se ubica en el sector Sarayacu, Distrito de Inambari, Provincia de Tambopata, Departamento de Madre de Dios", "clase_resolucion": "AUTORIZACION DE USO TEMPORAL", "anio_rd": "2020", "archivo": "64-RD-0303-2020-04.pdf", "detalle_rd": "ANA-AAA.MDD", "nombre_o_razon_social": "ALEJANDRO LIRA CARDENAS,", "tipo_documento": "DNI", "numero_documento": "20580839", "departamento": "MADRE DE DIOS", "provincia": "TAMBOPATA", "distrito": "INAMBARI", "sector": "SARAYACU", "tipo_aut": "RIBERA", "area_total": 5.5, "periodo_autorizacion": "3 AÑOS", "fecha_autorizacion": null }, "geometry": { "type": "Polygon", "coordinates": [ [ [ -70.142125126939803, -12.800990979537767 ], [ -70.141359171233134, -12.802748296474899 ], [ -70.141307049120357, -12.801401379822293 ], [ -70.138185408396907, -12.799669926269013 ], [ -70.139941566871244, -12.798902871004538 ], [ -70.142125126939803, -12.800990979537767 ] ] ] } },
{ "type": "Feature", "properties": { "id_poligono_aut": 94, "zona": "19", "datum": "WGS 84 (UTM)", "area_otorgada": 0.34, "bien_asociado": "FAJA MARGINAL DERECHA", "aaa": "MADRE DE DIOS", "ala": "TAHUAMANU - MADRE DE DIOS", "cut": "5680-2020", "numero_resolucion": "0308-2020", "fecha_resolucion": "2020-11-06T00:00:00", "resumen": "AUTORIZAR el uso temporal de 0.34 ha de terreno de la Faja Marginal derecha del Rio Madre de Dios para la siembra de cultivos, a favor del señor BENITO LAIME CABRERA, identificado con DNI Nº 04810804; dicha área se ubica en el sector de Tres Islas, Distrito y Provincia de Tambopata, Departamento de Madre de Dios", "clase_resolucion": "AUTORIZACION DE USO TEMPORAL", "anio_rd": "2020", "archivo": "59-RD-0308-2020-04.pdf", "detalle_rd": "ANA-AAA.MDD", "nombre_o_razon_social": "BENITO LAYME CABRERA", "tipo_documento": "DNI", "numero_documento": "04810804", "departamento": "MADRE DE DIOS", "provincia": "TAMBOPATA", "distrito": "TAMBOPATA", "sector": "TRES ISLAS", "tipo_aut": "FAJA MARGINAL", "area_total": 0.34, "periodo_autorizacion": "4 AÑOS", "fecha_autorizacion": null }, "geometry": { "type": "Polygon", "coordinates": [ [ [ -69.408654117869801, -12.525673274272178 ], [ -69.408901590551991, -12.525012771393257 ], [ -69.408349298966996, -12.524986482144236 ], [ -69.40835030905869, -12.52562852165779 ], [ -69.408654117869801, -12.525673274272178 ] ] ] } },
{ "type": "Feature", "properties": { "id_poligono_aut": 95, "zona": "19", "datum": "WGS 84 (UTM)", "area_otorgada": 1.92, "bien_asociado": "RIBERA DERECHA", "aaa": "MADRE DE DIOS", "ala": "TAHUAMANU - MADRE DE DIOS", "cut": "111909-2020", "numero_resolucion": "0309-2020", "fecha_resolucion": "2020-11-06T00:00:00", "resumen": "AUTORIZAR el uso temporal de 1.92 ha de terreno de la ribera derecha del río Madre de Dios para siembra de cultivos, a favor de la KELLY ARELI COPA CHILLIHUANI, identificada con DNI Nº 76847726; dicha área se ubica en el sector Gamitana, distrito y provincia de Manu, departamento de Madre de Dios.", "clase_resolucion": "AUTORIZACION DE USO TEMPORAL", "anio_rd": "2020", "archivo": "59-RD-0309-2020-04.pdf", "detalle_rd": "ANA-AAA.MDD", "nombre_o_razon_social": "KELLY ARELI COPA CHILLIHUANI", "tipo_documento": "DNI", "numero_documento": "76847726", "departamento": "MADRE DE DIOS", "provincia": "MANU", "distrito": "MANU", "sector": "GAMITANA", "tipo_aut": "RIBERA", "area_total": 1.92, "periodo_autorizacion": "5 AÑOS", "fecha_autorizacion": null }, "geometry": { "type": "Polygon", "coordinates": [ [ [ -71.353525700700004, -12.883675575028681 ], [ -71.35346841835397, -12.883459228859733 ], [ -71.353894763995442, -12.882759632746083 ], [ -71.354389963186165, -12.882529282734406 ], [ -71.354699622087907, -12.882156026793558 ], [ -71.355382980668637, -12.881363758747312 ], [ -71.355577728941398, -12.881506580590324 ], [ -71.355412209474807, -12.8825200873739 ], [ -71.354909997639197, -12.882985434978027 ], [ -71.354010341929467, -12.883300746255822 ], [ -71.353525700700004, -12.883675575028681 ] ] ] } },
{ "type": "Feature", "properties": { "id_poligono_aut": 98, "zona": "19", "datum": "WGS 84 (UTM)", "area_otorgada": 2.46, "bien_asociado": "FAJA MARGINAL DERECHA", "aaa": "MADRE DE DIOS", "ala": "TAHUAMANU - MADRE DE DIOS", "cut": "91845-2020", "numero_resolucion": "0317-2020", "fecha_resolucion": "2020-11-12T00:00:00", "resumen": "AUTORIZAR el uso temporal de 2.46 ha de terreno de la faja marginal derecha del río Madre de Dios para la siembra de cultivos, a favor de la señora SABINA RIVERA HUANCA, identificada con DNI Nº 10541710; dicha área se ubica en el sector Nuevo Edén, Distrito de Fitzcarrald, Provincia de Manu, Departamento de Madre de Dios.", "clase_resolucion": "AUTORIZACION DE USO TEMPORAL", "anio_rd": "2020", "archivo": "59-RD-0317-2020-04.pdf", "detalle_rd": "ANA-AAA.MDD", "nombre_o_razon_social": "SABINA RIVERA HUANCA", "tipo_documento": "DNI", "numero_documento": "10541710", "departamento": "MADRE DE DIOS", "provincia": "MANU", "distrito": "FITZCARRALD", "sector": "NUEVO EDEN", "tipo_aut": "FAJA MARGINAL", "area_total": 2.46, "periodo_autorizacion": "4 AÑOS", "fecha_autorizacion": null }, "geometry": { "type": "Polygon", "coordinates": [ [ [ -71.153864696461255, -12.501172502726179 ], [ -71.154420171283064, -12.500499304172175 ], [ -71.153186421028778, -12.499234922496155 ], [ -71.152331928906293, -12.499341162782509 ], [ -71.151456947939607, -12.499194521363833 ], [ -71.152705119009255, -12.499979823581812 ], [ -71.153864696461255, -12.501172502726179 ] ] ] } },
{ "type": "Feature", "properties": { "id_poligono_aut": 100, "zona": "19", "datum": "WGS 84 (UTM)", "area_otorgada": 1.8, "bien_asociado": "RIBERA DERECHA", "aaa": "MADRE DE DIOS", "ala": "TAHUAMANU - MADRE DE DIOS", "cut": "129692-2020", "numero_resolucion": "0322-2020", "fecha_resolucion": "2020-11-16T00:00:00", "resumen": "AUTORIZAR el uso temporal de terreno de la ribera derecha del rio Pilcomayo para la siembra de cultivos, a favor de la señora GRACIELA YUCRA CHAHUAYO, identificada con DNI Nº 73988456; dicha área se ubica en el sector Lastenia, Distrito de Kosñipata, Provincia de Paucartambo, Departamento de Cusco", "clase_resolucion": "AUTORIZACION DE USO TEMPORAL", "anio_rd": "2020", "archivo": "59-RD-0322-2020-04.pdf", "detalle_rd": "ANA-AAA.MDD", "nombre_o_razon_social": "GRACIELA YUCRA CHAHUAYO", "tipo_documento": "DNI", "numero_documento": "73988456", "departamento": "CUSCO", "provincia": "PAUCARTAMBO", "distrito": "KOSÑIPATA", "sector": "LASTENIA", "tipo_aut": "RIBERA", "area_total": 1.8, "periodo_autorizacion": "2 AÑOS", "fecha_autorizacion": null }, "geometry": { "type": "Polygon", "coordinates": [ [ [ -71.408817196022213, -13.006751410564268 ], [ -71.407517725529473, -13.006727329584947 ], [ -71.407039985224898, -13.005918567605848 ], [ -71.408529012709295, -13.005534295389639 ], [ -71.408817196022213, -13.006751410564268 ] ] ] } },
{ "type": "Feature", "properties": { "id_poligono_aut": 135, "zona": "19", "datum": "WGS 84 (UTM)", "area_otorgada": 2.1, "bien_asociado": "RIBERA DERECHA", "aaa": "MADRE DE DIOS", "ala": "TAHUAMANU - MADRE DE DIOS", "cut": "129695-2020", "numero_resolucion": "0324-2020", "fecha_resolucion": "2020-11-16T00:00:00", "resumen": "AUTORIZAR el uso temporal de 2.10 ha de terreno de la ribera derecha del rio Pilcomayo para la siembra de cultivos, a favor del señor GERARDO JESÚS YUCRA CHAHUAYO, identificado con DNI Nº 73980164; dicha área se ubica en el sector Lastenia, distrito de Kosñipata, provincia de Paucartambo y departamento de Cusco", "clase_resolucion": "AUTORIZACION DE USO TEMPORAL", "anio_rd": "2020", "archivo": "59-RD-0324-2020-04.pdf", "detalle_rd": "ANA-AAA.MDD", "nombre_o_razon_social": "GERARDO JESÚS YUCRA CHAHUAYO", "tipo_documento": "DNI", "numero_documento": "73980164", "departamento": "CUSCO", "provincia": "PAUCARTAMBO", "distrito": "KOSÑIPATA", "sector": "LASTENIA", "tipo_aut": "RIBERA", "area_total": 2.1, "periodo_autorizacion": "3 AÑOS", "fecha_autorizacion": null }, "geometry": { "type": "Polygon", "coordinates": [ [ [ -71.412915057618463, -13.021721223272165 ], [ -71.412774337657055, -13.020511782848295 ], [ -71.413298957064612, -13.019494928717886 ], [ -71.413943853935677, -13.019479888655823 ], [ -71.413549433663931, -13.021570749490504 ], [ -71.412915057618463, -13.021721223272165 ] ] ] } },
{ "type": "Feature", "properties": { "id_poligono_aut": 136, "zona": "19", "datum": "WGS 84 (UTM)", "area_otorgada": 9.97, "bien_asociado": "RIBERA IZQUIERDA", "aaa": "MADRE DE DIOS", "ala": "TAMBOPATA - INAMBARI", "cut": "142328-2020", "numero_resolucion": "0339-2020", "fecha_resolucion": "2020-11-23T00:00:00", "resumen": "AUTORIZAR el uso temporal de terreno de la ribera izquierda del rio lnambari para la siembra de cultivos, a favor de la señora MARIA MERCEDES ROJAS SAUCEDO, identificada con DNI Nº 10580931; dicha área se ubica en el sector Panal, Distrito de lnambari, Provincia de Tambopata, Departamento de Madre de Dios", "clase_resolucion": "AUTORIZACION DE USO TEMPORAL", "anio_rd": "2020", "archivo": "64-RD-0339-2020-04.pdf", "detalle_rd": "ANA-AAA.MDD", "nombre_o_razon_social": "MARIA MERCEDES ROJAS SAUCEDO", "tipo_documento": "DNI", "numero_documento": "10580931", "departamento": "MADRE DE DIOS", "provincia": "TAMBOPTA", "distrito": "INAMBARI", "sector": "PONAL", "tipo_aut": "RIBERA", "area_total": 9.97, "periodo_autorizacion": "2 AÑOS", "fecha_autorizacion": null }, "geometry": { "type": "Polygon", "coordinates": [ [ [ -70.26354274797454, -12.828237262664048 ], [ -70.262470656171985, -12.827564349216736 ], [ -70.263663191238649, -12.820985928506381 ], [ -70.264871867941267, -12.821341753472737 ], [ -70.26354274797454, -12.828237262664048 ] ] ] } },
{ "type": "Feature", "properties": { "id_poligono_aut": 126, "zona": "19", "datum": "WGS 84 (UTM)", "area_otorgada": 6.37, "bien_asociado": "RIBERA IZQUIERDA", "aaa": "MADRE DE DIOS", "ala": "TAMBOPATA - INAMBARI", "cut": "142337-2020", "numero_resolucion": "0341-2020", "fecha_resolucion": "2020-11-24T00:00:00", "resumen": "AUTORIZAR el uso temporal de terreno de la ribera izquierda del ria lnambari para la siembra de cultivos, a favor del señor FAUSTO MARCELINO COLONIA VEGA, identificado con DNI Nº 80512617; dicha área se ubica en el sector Panal, Distrito de lnambari, Provincia de Tambopata, Departamento de Madre de Dios.", "clase_resolucion": "AUTORIZACION DE USO TEMPORAL", "anio_rd": "2020", "archivo": "64-RD-0341-2020-04.pdf", "detalle_rd": "ANA-AAA.MDD", "nombre_o_razon_social": " FAUSTO MARCELINO COLONIA VEGA", "tipo_documento": "DNI", "numero_documento": "80512617", "departamento": "MADRE DE DIOS", "provincia": "TAMBOPATA", "distrito": "INAMBARI", "sector": "PONAL", "tipo_aut": "RIBERA", "area_total": 6.37, "periodo_autorizacion": "2 AÑOS Y 8 MESES", "fecha_autorizacion": null }, "geometry": { "type": "Polygon", "coordinates": [ [ [ -70.264503927462982, -12.82883837795903 ], [ -70.26546542765368, -12.829502773596079 ], [ -70.266850884944859, -12.826512627462881 ], [ -70.26543393960489, -12.825045793637628 ], [ -70.264503927462982, -12.82883837795903 ] ] ] } },
{ "type": "Feature", "properties": { "id_poligono_aut": 101, "zona": "19", "datum": "WGS 84 (UTM)", "area_otorgada": 9.53, "bien_asociado": "RIBERA IZQUIERDA", "aaa": "MADRE DE DIOS", "ala": "TAHUAMANU - MADRE DE DIOS", "cut": "142304-2020", "numero_resolucion": "0343-2020", "fecha_resolucion": "2020-11-24T00:00:00", "resumen": "AUTORIZAR el uso temporal de 9.53 ha de terreno de la ribera izquierda del rio lnambari para la siembra de cultivos, a favor del señor EDUARDO ALBERTO GARCIA HUAMAN, identificado con DNI N° 00948205; dicha área se ubica en el sector Ponal, distrito de lnambari, provincia de Tambopata y departamento de Madre de Dios", "clase_resolucion": "AUTORIZACION DE USO TEMPORAL", "anio_rd": "2020", "archivo": "59-RD-0343-2020-04.pdf", "detalle_rd": "ANA-AAA.MDD", "nombre_o_razon_social": " EDUARDO ALBERTO GARCIA HUAMAN", "tipo_documento": "DNI", "numero_documento": "00948205", "departamento": "MADRE DE DIOS", "provincia": "TAMBOPATA", "distrito": "INAMBARI", "sector": "PONAL", "tipo_aut": "RIBERA", "area_total": 9.53, "periodo_autorizacion": "2.5 AÑOS", "fecha_autorizacion": null }, "geometry": { "type": "Polygon", "coordinates": [ [ [ -70.26354274797454, -12.828237262664048 ], [ -70.264503927462982, -12.82883837795903 ], [ -70.265930165425544, -12.822945931715763 ], [ -70.264871867941267, -12.821341753472737 ], [ -70.26354274797454, -12.828237262664048 ] ] ] } },
{ "type": "Feature", "properties": { "id_poligono_aut": 102, "zona": "19", "datum": "WGS 84 (UTM)", "area_otorgada": 15.0, "bien_asociado": "RIBERA IZQUIERDA", "aaa": "MADRE DE DIOS", "ala": "TAMBOPATA - INAMBARI", "cut": "140489-2020", "numero_resolucion": "0346-2020", "fecha_resolucion": "2020-11-26T00:00:00", "resumen": "AUTORIZAR el uso temporal de terreno de la ribera izquierda del rio lnambari para la siembra de cultivos, a favor del señor MIGUEL TORRES CHAMOLI, identificado con DNI Nº 33720582; dicha área se ubica en el sector Ponal, Distrito de lnambari, Provincia de Tambopata, Departamento de Madre de Dios.", "clase_resolucion": "AUTORIZACION DE USO TEMPORAL", "anio_rd": "2020", "archivo": "64-RD-0346-2020-04.pdf", "detalle_rd": "ANA-AAA.MDD", "nombre_o_razon_social": "MIGUEL TORRES CHAMOLI,", "tipo_documento": "DNI", "numero_documento": "33720582", "departamento": "MADRE DE DIOS", "provincia": "TAMBOPATA", "distrito": "INAMBARI", "sector": "PONAL", "tipo_aut": "RIBERA", "area_total": 9.53, "periodo_autorizacion": "2.5 AÑOS", "fecha_autorizacion": null }, "geometry": { "type": "Polygon", "coordinates": [ [ [ -70.261816658578482, -12.803536899020207 ], [ -70.26007888817243, -12.804214242044045 ], [ -70.258657103416695, -12.805450598490232 ], [ -70.25866770635146, -12.805730814794689 ], [ -70.256518046994188, -12.806952557120793 ], [ -70.25795029885974, -12.80782268381345 ], [ -70.25945199323337, -12.807833587368791 ], [ -70.260375334441605, -12.808254090065109 ], [ -70.262103772908674, -12.805696289018559 ], [ -70.261816658578482, -12.803536899020207 ] ] ] } },
{ "type": "Feature", "properties": { "id_poligono_aut": 103, "zona": "19", "datum": "WGS 84 (UTM)", "area_otorgada": 3.28, "bien_asociado": "FAJA MARGINAL DERECHA", "aaa": "MADRE DE DIOS", "ala": "TAHUAMANU - MADRE DE DIOS", "cut": "137502-2020", "numero_resolucion": "0347-2020", "fecha_resolucion": "2020-11-26T00:00:00", "resumen": "AUTORIZAR el uso temporal de 3.28 ha de terreno de la faja marginal derecha del Rio Queros para la siembra de cultivos, a favor del señor AQUILES ALEJANDRO NORIEGA SUCNO, identificado con DNI Nº 25133049; dicha área se ubica en el sector de Pampa Azul-Pillcopata, Distrito de Kosñipata, Provincia de Paucartambo, Departamento de Cusco.", "clase_resolucion": "AUTORIZACION DE USO TEMPORAL", "anio_rd": "2020", "archivo": "59-RD-0347-2020-04.pdf", "detalle_rd": "ANA-AAA.MDD", "nombre_o_razon_social": "AQUILES ALEJANDRO NORIEGA SUCNO", "tipo_documento": "DNI", "numero_documento": "25133049", "departamento": "CUSCO", "provincia": "PAUCARTAMBO", "distrito": "KOSÑIPATA", "sector": "PAMPA AZUL", "tipo_aut": "FAJA MARGINAL", "area_total": 3.28, "periodo_autorizacion": "3 AÑOS", "fecha_autorizacion": null }, "geometry": { "type": "Polygon", "coordinates": [ [ [ -71.266518577614875, -13.022699425064051 ], [ -71.265169945576844, -13.023370865798737 ], [ -71.264370194796257, -13.023594725995354 ], [ -71.263545751696697, -13.024144107070127 ], [ -71.262256439848883, -13.024245728350099 ], [ -71.262167924159002, -13.023632030834541 ], [ -71.263245857790096, -13.023595510723217 ], [ -71.263850449199765, -13.023192632292373 ], [ -71.264309237950101, -13.022971752869182 ], [ -71.264851701423751, -13.022831468386075 ], [ -71.266117970887905, -13.022224003852504 ], [ -71.266518577614875, -13.022699425064051 ] ] ] } },
{ "type": "Feature", "properties": { "id_poligono_aut": 105, "zona": "19", "datum": "WGS 84 (UTM)", "area_otorgada": 2.93, "bien_asociado": "ISLA", "aaa": "MADRE DE DIOS", "ala": "TAHUAMANU - MADRE DE DIOS", "cut": "135701-2020", "numero_resolucion": "0351-2020", "fecha_resolucion": "2020-11-27T00:00:00", "resumen": "AUTORIZAR el uso temporal de 2.93 ha de terreno de una isla del rio Sabaluyoc para la siembra de cultivos, a favor del señor HUMBERTO TEVES CUTIPA, identificado con DNI Nº 3893541; dicha área se ubica en el sector de Sabaluyoc, Distrito de Kosñipata, Provincia de Paucartambo, Departamento de Cusco", "clase_resolucion": "AUTORIZACION DE USO TEMPORAL", "anio_rd": "2020", "archivo": "59-RD-0351-2020-04.pdf", "detalle_rd": "ANA-AAA.MDD", "nombre_o_razon_social": "HUMBERTO TEVES CUTIPA", "tipo_documento": "DNI", "numero_documento": "23893541", "departamento": "CUSCO", "provincia": "PAUCARTAMBO", "distrito": "KOSÑIPATA", "sector": "SABALUYOC", "tipo_aut": "ISLA", "area_total": 2.93, "periodo_autorizacion": "3 AÑOS", "fecha_autorizacion": null }, "geometry": { "type": "Polygon", "coordinates": [ [ [ -71.340783567350385, -12.951441886468478 ], [ -71.341360370158199, -12.952042109051133 ], [ -71.342804302774312, -12.950791207357545 ], [ -71.343604989135869, -12.949717769057942 ], [ -71.343505181676093, -12.948896399695654 ], [ -71.342400248198629, -12.949945465334494 ], [ -71.342165465325493, -12.950453587135305 ], [ -71.341938542691366, -12.950817063621363 ], [ -71.341425793279882, -12.951156001453416 ], [ -71.340783567350385, -12.951441886468478 ] ] ] } },
{ "type": "Feature", "properties": { "id_poligono_aut": 107, "zona": "19", "datum": "WGS 84 (UTM)", "area_otorgada": 3.38, "bien_asociado": "RIBERA IZQUIERDA", "aaa": "MADRE DE DIOS", "ala": "TAMBOPATA - INAMBARI", "cut": "142314-2020", "numero_resolucion": "0356-2020", "fecha_resolucion": "2020-11-30T00:00:00", "resumen": "AUTORIZAR el uso temporal de 3.38 ha de terreno de la ribera izquierda del rio lnambari para la siembra de cultivos, a favor del señor EDINSON PEREZ BECERRA, identificado con DNI Nº 00959930; dicha área se ubica en el sector Panal, distrito de lnambari, provincia de Tambopata y departamento de Madre de Dios.", "clase_resolucion": "AUTORIZACION DE USO TEMPORAL", "anio_rd": "2020", "archivo": "64-RD-0356-2020-04.pdf", "detalle_rd": "ANA-AAA.MDD", "nombre_o_razon_social": "EDINSON PEREZ BECERRA", "tipo_documento": "DNI", "numero_documento": "00959930", "departamento": "MADRE DE DIOS", "provincia": "TAMBOPATA", "distrito": "INAMBARI", "sector": "PONAL", "tipo_aut": "RIBERA", "area_total": 3.38, "periodo_autorizacion": "2 A;OS", "fecha_autorizacion": null }, "geometry": { "type": "Polygon", "coordinates": [ [ [ -70.260111999888977, -12.818290705733004 ], [ -70.258151181029007, -12.81859843739522 ], [ -70.258802447456333, -12.819879124669029 ], [ -70.259912066840315, -12.820696531171167 ], [ -70.260111999888977, -12.818290705733004 ] ] ] } },
{ "type": "Feature", "properties": { "id_poligono_aut": 108, "zona": "19", "datum": "WGS 84 (UTM)", "area_otorgada": 7.91, "bien_asociado": "RIBERA IZQUIERDA", "aaa": "MADRE DE DIOS", "ala": "TAMBOPATA - INAMBARI", "cut": "142333-2020", "numero_resolucion": "0358-2020", "fecha_resolucion": "2020-11-30T00:00:00", "resumen": "AUTORIZAR el uso temporal de terreno de la ribera izquierda del rio lnambari para la siembra de cultivos, a favor del señor SANTOS SAIRE HUAMAN, identificado con DNI Nº 24491825; dicha área se ubica en el sector Penal, Distrito de lnambari, Provincia de Tambopata, Departamento de Madre de Dios.", "clase_resolucion": "AUTORIZACION DE USO TEMPORAL", "anio_rd": "2020", "archivo": "64-RD-0358-2020-04.pdf", "detalle_rd": "ANA-AAA.MDD", "nombre_o_razon_social": "SANTOS SAIRE HUAMAN", "tipo_documento": "DNI", "numero_documento": "24491825", "departamento": "MADRE DE DIOS", "provincia": "TAMBOPATA", "distrito": "INAMBARI", "sector": "PONAL", "tipo_aut": "RIBERA", "area_total": 7.91, "periodo_autorizacion": "5 AÑOS", "fecha_autorizacion": null }, "geometry": { "type": "Polygon", "coordinates": [ [ [ -70.266753260947482, -12.821730497305159 ], [ -70.268514463133727, -12.823873727362175 ], [ -70.270591712883771, -12.822896332834709 ], [ -70.268866356827914, -12.820554046392855 ], [ -70.266753260947482, -12.821730497305159 ] ] ] } },
{ "type": "Feature", "properties": { "id_poligono_aut": 109, "zona": "19", "datum": "WGS 84 (UTM)", "area_otorgada": 2.68, "bien_asociado": "RIBERA IZQUIERDA", "aaa": "MADRE DE DIOS", "ala": "TAHUAMANU - MADRE DE DIOS", "cut": "142333-2020", "numero_resolucion": "0361-2020", "fecha_resolucion": "2020-12-01T00:00:00", "resumen": "AUTORIZAR el uso temporal de 2.68 ha de terreno de la ribera izquierda del rio Madre de Dios para la siembra de cultivos, a favor del señor PORFIRIO QUISPE CCAMA, identificado con DNI N° 04960174; dicha área se ubica en el sector Tropical, distrito y provincia de Manu, departamento de Madre de Dios", "clase_resolucion": "AUTORIZACION DE USO TEMPORAL", "anio_rd": "2020", "archivo": "59-RD-0361-2020-04.pdf", "detalle_rd": "ANA-AAA.MDD", "nombre_o_razon_social": "PORFIRIO QUISPE CCAMA", "tipo_documento": "DNI", "numero_documento": "04960174", "departamento": "MADRE DE DIOS", "provincia": "MANU", "distrito": "MANU", "sector": "TROPICAL", "tipo_aut": "RIBERA", "area_total": 2.68, "periodo_autorizacion": "2 AÑOS", "fecha_autorizacion": null }, "geometry": { "type": "Polygon", "coordinates": [ [ [ -71.361855804323838, -12.881160873711199 ], [ -71.363142568143815, -12.880878187908214 ], [ -71.363156411757387, -12.880390128309527 ], [ -71.361526008710868, -12.87938378875034 ], [ -71.360722771198965, -12.879174171338601 ], [ -71.361293170389473, -12.880090683899526 ], [ -71.361855804323838, -12.881160873711199 ] ] ] } },
{ "type": "Feature", "properties": { "id_poligono_aut": 113, "zona": "19", "datum": "WGS 84 (UTM)", "area_otorgada": 0.21, "bien_asociado": "ISLA", "aaa": "MADRE DE DIOS", "ala": "TAHUAMANU - MADRE DE DIOS", "cut": "162093-2020", "numero_resolucion": "0390-2020", "fecha_resolucion": "2020-12-17T00:00:00", "resumen": "AUTORIZAR el uso temporal de un área de terreno de isla ubicada en el cauce del río Pillcopata para siembra de cultivos, a favor de la señora HILARIA MAMANI CHOCCAYQUILLO, identificada con DNI Nº 43472264; dicha área se ubica en el sector Túpac Amaru, distrito de Kosñipata, provincia de Paucartambo y departamento de Cusco.", "clase_resolucion": "AUTORIZACION DE USO TEMPORAL", "anio_rd": "2020", "archivo": "59-RD-0390-2020-05.pdf", "detalle_rd": "ANA-AAA.MDD", "nombre_o_razon_social": "HILARIA MAMANI CHOCCAYQUILLO", "tipo_documento": "DNI", "numero_documento": "43472264", "departamento": "CUSCO", "provincia": "PAUCARTAMBO", "distrito": "KOSÑIPATA", "sector": "TUPAC AMARU", "tipo_aut": "ISLA", "area_total": 0.21, "periodo_autorizacion": "3 AÑOS", "fecha_autorizacion": null }, "geometry": { "type": "Polygon", "coordinates": [ [ [ -71.404647768948735, -12.957438063794198 ], [ -71.40465045794312, -12.95771814058163 ], [ -71.404756732908709, -12.958232184580774 ], [ -71.404915763795231, -12.95848371065601 ], [ -71.404978251445215, -12.958275316179286 ], [ -71.404882402379414, -12.957887673538917 ], [ -71.404815056702418, -12.957590122903957 ], [ -71.404748752171628, -12.957400989032239 ], [ -71.404647768948735, -12.957438063794198 ] ] ] } },
{ "type": "Feature", "properties": { "id_poligono_aut": 114, "zona": "19", "datum": "WGS 84 (UTM)", "area_otorgada": 0.34, "bien_asociado": "RIBERA Y FAJA MARGINAL DERECHA", "aaa": "MADRE DE DIOS", "ala": "TAHUAMANU - MADRE DE DIOS", "cut": "162091-2020", "numero_resolucion": "0396-2020", "fecha_resolucion": "2020-12-21T00:00:00", "resumen": "AUTORIZAR el uso temporal de 0.34 ha de terreno de la ribera y faja marginal derecha del rio Madre de Dios para la siembra de cultivos, a favor de la señora CAROLINA ELEONORA CABRERA VILCA, identificada con DNI N° 45007128; dicha área se ubica en el sector Gamitana, distrito y provincia de Manu, departamento de Madre de Dios", "clase_resolucion": "AUTORIZACION DE USO TEMPORAL", "anio_rd": "2020", "archivo": "59-RD-396-2020-04_0.pdf", "detalle_rd": "ANA-AAA.MDD", "nombre_o_razon_social": "CAROLINA ELEONORA CABRERA VILCA", "tipo_documento": "DNI", "numero_documento": "45007128", "departamento": "MADRE DE DIOS", "provincia": "MANU", "distrito": "MANU", "sector": "GAMITANA", "tipo_aut": "RIBERA Y FAJA MARGINAL", "area_total": 0.34, "periodo_autorizacion": "3 AÑOS Y 8 MESES", "fecha_autorizacion": null }, "geometry": { "type": "Polygon", "coordinates": [ [ [ -71.35338384531039, -12.883279271533144 ], [ -71.353568635876996, -12.882355950242317 ], [ -71.354141055327716, -12.882504413482058 ], [ -71.353811541414188, -12.882724237510494 ], [ -71.353485908952578, -12.883359676907794 ], [ -71.35338384531039, -12.883279271533144 ] ] ] } },
{ "type": "Feature", "properties": { "id_poligono_aut": 115, "zona": "19", "datum": "WGS 84 (UTM)", "area_otorgada": 85.0, "bien_asociado": "FAJA MARGINAL IZQUIERDA", "aaa": "MADRE DE DIOS", "ala": "TAHUAMANU - MADRE DE DIOS", "cut": "169858-2020", "numero_resolucion": "0398-2020", "fecha_resolucion": "2020-12-22T00:00:00", "resumen": "AUTORIZAR el uso temporal de 0.85 ha de terreno de la faja marginal izquierda del rio Salvación para la siembra de cultivos, a favor de la señora LID NACCHA MIDOLO, identificada con DNI N° 04960653; dicha área se ubica en el sector Salvación, distrito y provincia de Manu, departamento de Madre de Dios.", "clase_resolucion": "AUTORIZACION DE USO TEMPORAL", "anio_rd": "2020", "archivo": "59-RD-398-2020-04.pdf", "detalle_rd": "ANA-AAA.MDD", "nombre_o_razon_social": "LID NACCHA MIDOLO", "tipo_documento": "DNI", "numero_documento": "04960653", "departamento": "MADRE DE DIOS", "provincia": "MANU", "distrito": "MANU", "sector": "SALVACION", "tipo_aut": "FAJA MARGINAL", "area_total": 0.85, "periodo_autorizacion": "4 AÑOS", "fecha_autorizacion": null }, "geometry": { "type": "Polygon", "coordinates": [ [ [ -71.36167468135568, -12.840148798047297 ], [ -71.361983527555495, -12.839694227402873 ], [ -71.361566475361045, -12.839408830695698 ], [ -71.361106253540598, -12.839431040617841 ], [ -71.360367857080305, -12.839247925210872 ], [ -71.360296303070058, -12.839474465006312 ], [ -71.36167468135568, -12.840148798047297 ] ] ] } },
{ "type": "Feature", "properties": { "id_poligono_aut": 116, "zona": "19", "datum": "WGS 84 (UTM)", "area_otorgada": 9.0, "bien_asociado": "RIBERA IZQUIERDA", "aaa": "MADRE DE DIOS", "ala": "TAHUAMANU - MADRE DE DIOS", "cut": "162086-2020", "numero_resolucion": "0399-2020", "fecha_resolucion": "2020-12-22T00:00:00", "resumen": "AUTORIZAR el uso temporal de 9.00 ha de terreno de la ribera izquierda del rio Madre de Dios para la siembra de cultivos, a favor del señor WILLARAY PACORI CUTIPA, identificado con DNI N° 47197743; dicha área se ubica en el sector PalotoaLlactapampa, distrito y provincia de Manu, departamento de Madre de Dios", "clase_resolucion": "AUTORIZACION DE USO TEMPORAL", "anio_rd": "2020", "archivo": "59-RD-0399-2020-04.pdf", "detalle_rd": "ANA-AAA.MDD", "nombre_o_razon_social": "WILLARAY PACORI CUTIPA", "tipo_documento": "DNI", "numero_documento": "47197743", "departamento": "MADRE DE DIOS", "provincia": "MANU", "distrito": "MANU", "sector": "PALOTOA LLACTAPAMPA", "tipo_aut": "RIBERA", "area_total": 9.0, "periodo_autorizacion": "5 AÑOS", "fecha_autorizacion": null }, "geometry": { "type": "Polygon", "coordinates": [ [ [ -71.356110250637755, -12.672798977577838 ], [ -71.356198070117642, -12.674343352693279 ], [ -71.356242271677658, -12.675147163475552 ], [ -71.356476806317175, -12.675633027227585 ], [ -71.356924067045441, -12.67623447187667 ], [ -71.358262452531463, -12.677668354395038 ], [ -71.359217662036286, -12.678464076546197 ], [ -71.357748666390791, -12.678838554086191 ], [ -71.35581312377947, -12.676515401571232 ], [ -71.354830296485162, -12.673713918375263 ], [ -71.355389518855986, -12.672480068944612 ], [ -71.356110250637755, -12.672798977577838 ] ] ] } },
{ "type": "Feature", "properties": { "id_poligono_aut": 117, "zona": "19", "datum": "WGS 84 (UTM)", "area_otorgada": 4.37, "bien_asociado": "FAJA MARGINAL DERECHA", "aaa": "MADRE DE DIOS", "ala": "TAHUAMANU - MADRE DE DIOS", "cut": "177763-2020", "numero_resolucion": "0404-2020", "fecha_resolucion": "2020-12-29T00:00:00", "resumen": "AUTORIZAR el uso temporal de 4.37 ha de terreno de la faja marginal derecha del Rio Madre de Dios para la siembra de cultivos, a favor de la señora EMILIA PLACIDA YANCA QUISPE, identificado con DNI Nº 25123893; dicha área se ubica en el sector de Nuevo Edén, Distrito de Fitzcarrald, Provincia de Manu, Departamento de Madre de Dios.", "clase_resolucion": "AUTORIZACION DE USO TEMPORAL", "anio_rd": "2020", "archivo": "59-RD-0404-2020-04.pdf", "detalle_rd": "ANA-AAA.MDD", "nombre_o_razon_social": "EMILIA PLACIDA YANCA QUISPE", "tipo_documento": "DNI", "numero_documento": "25123893", "departamento": "MADRE DE DIOS", "provincia": "MANU", "distrito": "FITZCARRALD", "sector": "NUEVO EDEN", "tipo_aut": "FAJA MARGINAL", "area_total": 4.37, "periodo_autorizacion": "3 AÑOS", "fecha_autorizacion": null }, "geometry": { "type": "Polygon", "coordinates": [ [ [ -71.175536960995061, -12.555247952621775 ], [ -71.175188099754379, -12.554238629348662 ], [ -71.173623756123988, -12.550898551419147 ], [ -71.17356712280349, -12.550727305529438 ], [ -71.174089016500503, -12.55043388962811 ], [ -71.17508138056148, -12.552486300789806 ], [ -71.176059549346206, -12.553942373637975 ], [ -71.17636203941413, -12.554906886267077 ], [ -71.175536960995061, -12.555247952621775 ] ] ] } },
{ "type": "Feature", "properties": { "id_poligono_aut": 119, "zona": "19", "datum": "WGS 84 (UTM)", "area_otorgada": 0.95, "bien_asociado": "ISLA", "aaa": "MADRE DE DIOS", "ala": "TAHUAMANU - MADRE DE DIOS", "cut": "177165-2020", "numero_resolucion": "0406-2020", "fecha_resolucion": "2020-12-29T00:00:00", "resumen": "AUTORIZAR el uso temporal de 0.95 ha de terreno de una isla del rio Pillcopata para la siembra de cultivos, a favor de la señora BLANCA NIEVE HUAMAN BEJAR, identificada con DNI Nº 80097216; dicha área se ubica en el sector de Túpac Amaru, Distrito de Kosñipata, Provincia de Paucartambo, Departamento de Cusco", "clase_resolucion": "AUTORIZACION DE USO TEMPORAL", "anio_rd": "2020", "archivo": "59-RD-0406-2020-04.pdf", "detalle_rd": "ANA-AAA.MDD", "nombre_o_razon_social": "BLANCA NIEVE HUAMAN BEJAR", "tipo_documento": "DNI", "numero_documento": "80097216", "departamento": "CUSCO", "provincia": "PAUCARTAMBO", "distrito": "KOSÑIPATA", "sector": "TUPAC AMARU", "tipo_aut": "ISLA", "area_total": 0.95, "periodo_autorizacion": "2 AÑOS", "fecha_autorizacion": null }, "geometry": { "type": "Polygon", "coordinates": [ [ [ -71.404279035245423, -12.957414362245446 ], [ -71.404516270239156, -12.958135014514001 ], [ -71.404653737688832, -12.959019227430606 ], [ -71.40482354271613, -12.959433293583059 ], [ -71.404883152394405, -12.959884519628829 ], [ -71.404616266810194, -12.959914091512058 ], [ -71.404245205018412, -12.958688685525981 ], [ -71.404059251903362, -12.957551924675972 ], [ -71.404279035245423, -12.957414362245446 ] ] ] } },
{ "type": "Feature", "properties": { "id_poligono_aut": 120, "zona": "19", "datum": "WGS 84 (UTM)", "area_otorgada": 14.0, "bien_asociado": "RIBERA Y FAJA MARGINAL IZQUIERDA", "aaa": "MADRE DE DIOS", "ala": "TAHUAMANU - MADRE DE DIOS", "cut": "172652-2020", "numero_resolucion": "0407-2020", "fecha_resolucion": "2020-12-30T00:00:00", "resumen": "AUTORIZAR el uso temporal de 0.14 ha de terreno de la ribera y faja marginal izquierda del Rio Tambopata para la siembra de cultivos, a favor de la señora SOFIA CANDELARIA COPA RAMOS, identificada con DNI N° 40244983; dicha área se ubica en el sector de Bajo Tambopata, distrito y provincia de Tambopata, departamento de Madre de Dios.", "clase_resolucion": "AUTORIZACION DE USO TEMPORAL", "anio_rd": "2020", "archivo": "59-RD-0407-2020-04.pdf", "detalle_rd": "ANA-AAA.MDD", "nombre_o_razon_social": "SOFIA CANDELARIA COPA RAMOS", "tipo_documento": "DNI", "numero_documento": "40244983", "departamento": "MADRE DE DIOS", "provincia": "TAMBOPTA", "distrito": "TAMBOPATA", "sector": "BAJO TAMBOPATA", "tipo_aut": "RIBERA Y FAJA MARGINAL", "area_total": 0.14, "periodo_autorizacion": "1 AÑO CON 6 MESES", "fecha_autorizacion": null }, "geometry": { "type": "Polygon", "coordinates": [ [ [ -69.166161185524658, -12.645498556568807 ], [ -69.166253096435383, -12.645227211485274 ], [ -69.166013613645703, -12.645136931505954 ], [ -69.165755947053214, -12.645408379650934 ], [ -69.166023067611832, -12.645516728493989 ], [ -69.166161185524658, -12.645498556568807 ] ] ] } },
{ "type": "Feature", "properties": { "id_poligono_aut": 121, "zona": "19", "datum": "WGS 84 (UTM)", "area_otorgada": 1.64, "bien_asociado": "RIBERA Y FAJA MARGINAL DERECHA", "aaa": "MADRE DE DIOS", "ala": "TAHUAMANU - MADRE DE DIOS", "cut": "177181-2020", "numero_resolucion": "0408-2020", "fecha_resolucion": "2020-12-30T00:00:00", "resumen": "AUTORIZAR el uso temporal de 1.64 ha de terreno de la ribera y faja marginal derecha del Rio Madre de Dios para la siembra de cultivos, a favor del señor FREDY ANGEL AÑAZGO TORRES, identificado con DNI Nº 08758982; dicha área se ubica en el sector Nuevo Edén, distrito de Fitzcarrald, provincia de Manu, departamento de Madre de Dios", "clase_resolucion": "AUTORIZACION DE USO TEMPORAL", "anio_rd": "2020", "archivo": "59-RD-0408-2020-04.pdf", "detalle_rd": "ANA-AAA.MDD", "nombre_o_razon_social": "FREDY ANGEL AÑAZGO TORRES", "tipo_documento": "DNI", "numero_documento": "08758982", "departamento": "MADRE DE DIOS", "provincia": "MANU", "distrito": "FITZCARRALD", "sector": "NUEVO EDEN", "tipo_aut": "RIBERA Y FAJA MARGINAL", "area_total": 1.64, "periodo_autorizacion": "2 AÑOS", "fecha_autorizacion": null }, "geometry": { "type": "Polygon", "coordinates": [ [ [ -71.179266842484225, -12.560106716749326 ], [ -71.178663736891465, -12.559497098784677 ], [ -71.178452306165269, -12.55842340662384 ], [ -71.177929567527755, -12.558617431789935 ], [ -71.177938239737173, -12.5596475866317 ], [ -71.178423432195416, -12.560456979976598 ], [ -71.179266842484225, -12.560106716749326 ] ] ] } },
{ "type": "Feature", "properties": { "id_poligono_aut": 122, "zona": "19", "datum": "WGS 84 (UTM)", "area_otorgada": 0.38, "bien_asociado": "RIBERA Y FAJA MARGINAL IZQUIERDA", "aaa": "MADRE DE DIOS", "ala": "TAHUAMANU - MADRE DE DIOS", "cut": "170699-2020", "numero_resolucion": "0006-2021", "fecha_resolucion": "2021-01-11T00:00:00", "resumen": "AUTORIZAR el uso temporal de 0.38 ha de terreno de la ribera y faja marginal izquierda del rio Madre de Dios para la siembra de cultivos, a favor del señor RAFAEL GERMAN MUÑOZ DEL RIO, identificado con DNI N° 29260068; dicha área se ubica en el sector El Triunfo, distrito de Las Piedras, provincia de Tambopata y departamento de Madre de Dios", "clase_resolucion": "AUTORIZACION DE USO TEMPORAL", "anio_rd": "2021", "archivo": "59-RD-0006-2021-04.pdf", "detalle_rd": "ANA-AAA.MDD", "nombre_o_razon_social": "RAFAEL GERMAN MUÑOZ DEL RIO", "tipo_documento": "DNI", "numero_documento": "29260068", "departamento": "MADRE DE DIOS", "provincia": "TAMBOPATA", "distrito": "LAS PIEDRAS", "sector": "EL TRIUNFO", "tipo_aut": "RIBERA Y FAJA MARGINAL", "area_total": 0.38, "periodo_autorizacion": "2 AÑOS", "fecha_autorizacion": null }, "geometry": { "type": "Polygon", "coordinates": [ [ [ -69.166908945375326, -12.59152980316763 ], [ -69.165942560504448, -12.592027767117596 ], [ -69.166062399225481, -12.592262809770109 ], [ -69.167065623312126, -12.591782908312732 ], [ -69.166908945375326, -12.59152980316763 ] ] ] } },
{ "type": "Feature", "properties": { "id_poligono_aut": 123, "zona": "19", "datum": "WGS 84 (UTM)", "area_otorgada": null, "bien_asociado": "RIBERA Y FAJA MARGINAL DERECHA", "aaa": "MADRE DE DIOS", "ala": "TAMBOPATA - INAMBARI", "cut": "81871-2020", "numero_resolucion": "0015-2021", "fecha_resolucion": "2021-01-19T00:00:00", "resumen": "AUTORIZAR la ocupación y utilización de un área de terreno de la ribera y faja marginal derecha del rio lnambari, en el sector de Dos de Mayo, distrito de lnambari, provincia de Tambopata , departamento de Madre de Dios, a favor de la EMPRESA TRANSP. FLUVIAL HIDROCARBUROS  INAMBARI S.R.L., con  RUC  Nº 20563987163.", "clase_resolucion": "AUTORIZACION DE USO DE AGUA", "anio_rd": "2021", "archivo": "64-RD-0015-2021-07.pdf", "detalle_rd": "ANA-AAA.MDD", "nombre_o_razon_social": "EMPRESA TRANSP. FLUVIAL HIDROCARBUROS INAMBARI", "tipo_documento": "RUC", "numero_documento": "20563987163", "departamento": "MADRE DE DIOS", "provincia": "TAMBOPATA", "distrito": "INAMBARI", "sector": "DOS DE MAYO", "tipo_aut": "RIBERA Y FAJA MARGINAL", "area_total": 0.0, "periodo_autorizacion": null, "fecha_autorizacion": null }, "geometry": { "type": "Polygon", "coordinates": [ [ [ -70.39044129375003, -13.087036366496529 ], [ -70.390505594774609, -13.086990818811799 ], [ -70.39046809828875, -13.086882537826591 ], [ -70.390513600345926, -13.086773809671167 ], [ -70.390375016092946, -13.086729355034649 ], [ -70.39027387755398, -13.086784141373945 ], [ -70.39044129375003, -13.087036366496529 ] ] ] } },
{ "type": "Feature", "properties": { "id_poligono_aut": 125, "zona": "19", "datum": "WGS 84 (UTM)", "area_otorgada": null, "bien_asociado": "RIBERA Y FAJA MARGINAL IZQUIERDA", "aaa": "MADRE DE DIOS", "ala": "TAMBOPATA - INAMBARI", "cut": "81871-2020", "numero_resolucion": "0015-2021", "fecha_resolucion": "2021-01-19T00:00:00", "resumen": "AUTORIZAR la ocupación y utilización de un área de terreno de la ribera y faja marginal derecha del rio lnambari, en el sector de Dos de Mayo, distrito de lnambari, provincia de Tambopata , departamento de Madre de Dios, a favor de la EMPRESA TRANSP. FLUVIAL HIDROCARBUROS  INAMBARI S.R.L., con  RUC  Nº 20563987163.", "clase_resolucion": "AUTORIZACION DE USO DE AGUA", "anio_rd": "2021", "archivo": "64-RD-0015-2021-07.pdf", "detalle_rd": "ANA-AAA.MDD", "nombre_o_razon_social": "EMPRESA TRANSP. FLUVIAL HIDROCARBUROS INAMBARI", "tipo_documento": "RUC", "numero_documento": "20563987163", "departamento": "MADRE DE DIOS", "provincia": "MANU", "distrito": "HUEPETUHE", "sector": "BOCA KIMIRI", "tipo_aut": "RIBERA Y FAJA MARGINAL", "area_total": 0.0, "periodo_autorizacion": null, "fecha_autorizacion": null }, "geometry": { "type": "Polygon", "coordinates": [ [ [ -70.392810575639047, -13.078670404568832 ], [ -70.392663078433401, -13.078680240306289 ], [ -70.392642960807635, -13.07838202060006 ], [ -70.392790457839212, -13.07837218489162 ], [ -70.392810575639047, -13.078670404568832 ] ] ] } },
{ "type": "Feature", "properties": { "id_poligono_aut": 124, "zona": "19", "datum": "WGS 84 (UTM)", "area_otorgada": null, "bien_asociado": "RIBERA Y FAJA MARGINAL IZQUIERDA", "aaa": "MADRE DE DIOS", "ala": "TAMBOPATA - INAMBARI", "cut": "81871-2020", "numero_resolucion": "0015-2021", "fecha_resolucion": "2021-01-19T00:00:00", "resumen": "AUTORIZAR la ocupación y utilización de un área de terreno de la ribera y faja marginal derecha del rio lnambari, en el sector de Dos de Mayo, distrito de lnambari, provincia de Tambopata , departamento de Madre de Dios, a favor de la EMPRESA TRANSP. FLUVIAL HIDROCARBUROS  INAMBARI S.R.L., con  RUC  Nº 20563987163.", "clase_resolucion": "AUTORIZACION DE USO DE AGUA", "anio_rd": "2021", "archivo": "64-RD-0015-2021-07.pdf", "detalle_rd": "ANA-AAA.MDD", "nombre_o_razon_social": "EMPRESA TRANSP. FLUVIAL HIDROCARBUROS INAMBARI", "tipo_documento": "RUC", "numero_documento": "20563987163", "departamento": "MADRE DE DIOS", "provincia": "MANU", "distrito": "HUEPETUHE", "sector": "BOCA KIMIRI", "tipo_aut": "RIBERA Y FAJA MARGINAL", "area_total": 0.0, "periodo_autorizacion": null, "fecha_autorizacion": null }, "geometry": { "type": "Polygon", "coordinates": [ [ [ -70.394388228383633, -13.083715385153976 ], [ -70.394268495762191, -13.083743152589877 ], [ -70.394184024976184, -13.083481441860105 ], [ -70.394322150511044, -13.083444534891019 ], [ -70.394388228383633, -13.083715385153976 ] ] ] } },
{ "type": "Feature", "properties": { "id_poligono_aut": 128, "zona": "19", "datum": "WGS 84 (UTM)", "area_otorgada": 0.83, "bien_asociado": "RIBERA Y FAJA MARGINAL IZQUIERDA", "aaa": "MADRE DE DIOS", "ala": "TAHUAMANU - MADRE DE DIOS", "cut": "180837-2020", "numero_resolucion": "0030-2021", "fecha_resolucion": "2021-01-29T00:00:00", "resumen": "AUTORIZAR el uso temporal de 0.83 ha de terreno de la ribera y faja marginal izquierda del rio Salvación para la siembra de cultivos, a favor del señor WILLIAM WIDMAN LOAIZA CHÁVEZ, identificado con DNI Nº 44904728; dicha área se ubica en el sector Salvación, distrito y provincia de Manu, departamento de Madre de Dios.", "clase_resolucion": "AUTORIZACION DE USO TEMPORAL", "anio_rd": "2021", "archivo": "59-RD-0030-2021-04.pdf", "detalle_rd": "ANA-AAA.MDD", "nombre_o_razon_social": "WILLIAM WIDMAN LOAIZA CHÁVEZ", "tipo_documento": "DNI", "numero_documento": "44904728", "departamento": "MADRE DE DIOS", "provincia": "MANU", "distrito": "MANU", "sector": "SALVACION", "tipo_aut": "RIBERA Y FAJA MARGINAL", "area_total": 0.83, "periodo_autorizacion": "4 AÑOS", "fecha_autorizacion": null }, "geometry": { "type": "Polygon", "coordinates": [ [ [ -71.352895128449305, -12.839748707133698 ], [ -71.352599551532279, -12.839651960236612 ], [ -71.35237864649865, -12.839662975056065 ], [ -71.352049011826551, -12.83986471778017 ], [ -71.351140371046867, -12.840189111798486 ], [ -71.351786185024906, -12.840318867539082 ], [ -71.352568100325556, -12.840230540388879 ], [ -71.352769076652592, -12.840057057483561 ], [ -71.353025468167132, -12.839901149752363 ], [ -71.353301536481339, -12.839880604113947 ], [ -71.353457481771926, -12.839815955225729 ], [ -71.352895128449305, -12.839748707133698 ] ] ] } },
{ "type": "Feature", "properties": { "id_poligono_aut": 129, "zona": "19", "datum": "WGS 84 (UTM)", "area_otorgada": 7.33, "bien_asociado": "RIBERA DERECHA", "aaa": "MADRE DE DIOS", "ala": "TAHUAMANU - MADRE DE DIOS", "cut": "178245-2020", "numero_resolucion": "0032-2021", "fecha_resolucion": "2021-01-29T00:00:00", "resumen": "AUTORIZAR el uso temporal de 7.33 ha de terreno de la ribera derecha del rio Madre de Dios para la siembra de cultivos, a favor del señor VICENTE CCOPA ESPINOZA, identificado con DNI Nº 23914739; dicha área se ubica en el sector Nuevo Edén, distrito de Fitzcarrald, provincia de Manu, Departamento de Madre de Dios.", "clase_resolucion": "AUTORIZACION DE USO TEMPORAL", "anio_rd": "2021", "archivo": "59-RD-0032-2021-04.pdf", "detalle_rd": "ANA-AAA.MDD", "nombre_o_razon_social": "VICENTE CCOPA ESPINOZA", "tipo_documento": "DNI", "numero_documento": "23914739", "departamento": "MADRE DE DIOS", "provincia": "MANU", "distrito": "FITZCARRALD", "sector": "NUEVO EDEN", "tipo_aut": "RIBERA", "area_total": 7.33, "periodo_autorizacion": "5 AÑOS", "fecha_autorizacion": null }, "geometry": { "type": "Polygon", "coordinates": [ [ [ -71.166197612490024, -12.520901087551531 ], [ -71.164970256912085, -12.521525499975382 ], [ -71.164596399687383, -12.519712041326674 ], [ -71.164583438396832, -12.518157754171371 ], [ -71.164793177394145, -12.516836640572814 ], [ -71.166140607936413, -12.516274525209129 ], [ -71.165867322732581, -12.517695559239048 ], [ -71.165916930659336, -12.519231475697516 ], [ -71.166197612490024, -12.520901087551531 ] ] ] } },
{ "type": "Feature", "properties": { "id_poligono_aut": 130, "zona": "19", "datum": "WGS 84 (UTM)", "area_otorgada": 10.4, "bien_asociado": "RIBERA DERECHA", "aaa": "MADRE DE DIOS", "ala": "TAHUAMANU - MADRE DE DIOS", "cut": "178345-2020", "numero_resolucion": "0034-2021", "fecha_resolucion": "2021-01-29T00:00:00", "resumen": "AUTORIZAR el uso temporal de 10.40 ha de terreno de la ribera derecha del rio Madre de Dios para la siembra de cultivos, a favor del señor RICARDO LIZARME BARRIONUEVO, identificado con DNI Nº 25134582; dicha área se ubica en el sector Nuevo Edén, distrito de Fitzcarrald, provincia de Manu y departamento de Madre de Dios.", "clase_resolucion": "AUTORIZACION DE USO TEMPORAL", "anio_rd": "2021", "archivo": "59-RD-0034-2021-05.pdf", "detalle_rd": "ANA-AAA.MDD", "nombre_o_razon_social": "RICARDO LIZARME BARRIONUEVO", "tipo_documento": "DNI", "numero_documento": "25134582", "departamento": "MADRE DE DIOS", "provincia": "MANU", "distrito": "FITZCARRALD", "sector": "NUEVO EDEN", "tipo_aut": "RIBERA", "area_total": 10.4, "periodo_autorizacion": "4 AÑOS", "fecha_autorizacion": null }, "geometry": { "type": "Polygon", "coordinates": [ [ [ -71.166240649006738, -12.516138162190879 ], [ -71.16479219784425, -12.51671916537787 ], [ -71.164503775290783, -12.51411878401354 ], [ -71.164708251379437, -12.511062577597432 ], [ -71.166202659641172, -12.510481209580172 ], [ -71.166054138544936, -12.513627335440294 ], [ -71.166240649006738, -12.516138162190879 ] ] ] } },
{ "type": "Feature", "properties": { "id_poligono_aut": 131, "zona": "19", "datum": "WGS 84 (UTM)", "area_otorgada": 1.45, "bien_asociado": "FAJA MARGINAL DERECHA", "aaa": "MADRE DE DIOS", "ala": "TAHUAMANU - MADRE DE DIOS", "cut": "179682-2020", "numero_resolucion": "0035-2021", "fecha_resolucion": "2021-01-29T00:00:00", "resumen": "AUTORIZAR el uso temporal de 1.45 ha de terreno de la faja marginal derecha del rio Queros para la siembra de cultivos, a favor del señor ANGEL GABRIEL NORIEGA ALVAREZ, identificado con DNI N° 47634240; dicha área se ubica en el sector Proyecto Modular Sabaluyoc, distrito de Kosñipata, provincia de Paucartambo, departamento de Cusco.", "clase_resolucion": "AUTORIZACION DE USO TEMPORAL", "anio_rd": "2021", "archivo": "59-RD-0035-2021-04.pdf", "detalle_rd": "ANA-AAA.MDD", "nombre_o_razon_social": "ANGEL GABRIEL NORIEGA ALVAREZ", "tipo_documento": "DNI", "numero_documento": "47634240", "departamento": "CUSCO", "provincia": "PAUCARTAMBO", "distrito": "KOSÑIPATA", "sector": "PROY. MODULAR SABALUYOC", "tipo_aut": "FAJA MARGINAL", "area_total": 1.45, "periodo_autorizacion": "3 AÑOS", "fecha_autorizacion": null }, "geometry": { "type": "Polygon", "coordinates": [ [ [ -71.26630951657458, -13.022005457795629 ], [ -71.265527148974712, -13.02109963016977 ], [ -71.265623504400779, -13.020547573174433 ], [ -71.266468744218599, -13.020260058908777 ], [ -71.266069456727323, -13.019929206294494 ], [ -71.265188670969337, -13.020361610750189 ], [ -71.265083838567662, -13.020995068607045 ], [ -71.265859618339917, -13.02219011728257 ], [ -71.266108755749144, -13.0222240844206 ], [ -71.26630951657458, -13.022005457795629 ] ] ] } },
{ "type": "Feature", "properties": { "id_poligono_aut": 132, "zona": "19", "datum": "WGS 84 (UTM)", "area_otorgada": 5.32, "bien_asociado": "RIBERA DERECHA", "aaa": "MADRE DE DIOS", "ala": "TAHUAMANU - MADRE DE DIOS", "cut": "178403-2020", "numero_resolucion": "0037-2021", "fecha_resolucion": "2021-02-02T00:00:00", "resumen": "AUTORIZAR el uso temporal de 5.32 ha de terreno de la ribera derecha del rio Madre de Dios para la siembra de cultivos, a favor del señor OSCAR ESPINOZA YUPANQUI, identificado con DNI N° 45438380; dicha área se ubica en el sector Nuevo Edén, distrito de Fitzcarrald, provincia de Manu, departamento de Madre de Dios", "clase_resolucion": "AUTORIZACION DE USO TEMPORAL ", "anio_rd": "2021", "archivo": "59-RD-0037-2021-04.pdf", "detalle_rd": "ANA-AAA.MDD", "nombre_o_razon_social": "OSCAR ESPINOZA YUPANQU", "tipo_documento": "DNI", "numero_documento": "45438380", "departamento": "MADRE DE DIOS", "provincia": "MANU", "distrito": "FITZCARRALD", "sector": "NUEVO EDEN", "tipo_aut": "RIBERA", "area_total": 5.32, "periodo_autorizacion": "4 AÑOS", "fecha_autorizacion": null }, "geometry": { "type": "Polygon", "coordinates": [ [ [ -71.068238769935931, -12.406767118146476 ], [ -71.071189129614396, -12.40429537827163 ], [ -71.073251461593614, -12.404641130957115 ], [ -71.072406203798693, -12.405885757767328 ], [ -71.070317064852688, -12.405639619610566 ], [ -71.06938461620615, -12.406324565783127 ], [ -71.069087417805051, -12.407113116147393 ], [ -71.068238769935931, -12.406767118146476 ] ] ] } },
{ "type": "Feature", "properties": { "id_poligono_aut": 134, "zona": "19", "datum": "WGS 84 (UTM)", "area_otorgada": 7.8, "bien_asociado": "RIBERA DERECHA", "aaa": "MADRE DE DIOS", "ala": "TAMBOPATA - INAMBARI", "cut": "19288-2021", "numero_resolucion": "0055-2021", "fecha_resolucion": "2021-02-26T00:00:00", "resumen": "AUTORIZAR el uso temporal de 7.80 ha de terreno de la ribera derecha del rio lnambari para la siembra de cultivos, a favor de la señora EDITA MAYAK PUJUPAT, identificada con DNI Nº 46111426; dicha área se ubica en el sector Puerto Trujillo, distrito de lnambari, provincia de Tambopata", "clase_resolucion": "AUTORIZACION DE USO TEMPORAL", "anio_rd": "2021", "archivo": "64-RD-0055-2021-05.pdf", "detalle_rd": "ANA-AAA.MDD", "nombre_o_razon_social": "EDITA MAYAK PUJUPAT", "tipo_documento": "DNI", "numero_documento": "46111426", "departamento": "MADRE DE DIOS", "provincia": "TAMBOPATA", "distrito": "INAMBARI", "sector": "PUERTO TRUJILLO", "tipo_aut": "RIBERA", "area_total": 7.8, "periodo_autorizacion": "3 AÑOS", "fecha_autorizacion": null }, "geometry": { "type": "Polygon", "coordinates": [ [ [ -70.330321194220375, -12.875805017509844 ], [ -70.330211382958524, -12.875950224498226 ], [ -70.330268100572241, -12.876221154331098 ], [ -70.3305303044895, -12.877015395021992 ], [ -70.330618291837879, -12.877973250777668 ], [ -70.331064934738535, -12.878793675435013 ], [ -70.331512249126703, -12.879740663805565 ], [ -70.332527246197401, -12.87999767940361 ], [ -70.332432801193335, -12.877819379182514 ], [ -70.33170198642209, -12.875535826383567 ], [ -70.330321194220375, -12.875805017509844 ] ] ] } },
{ "type": "Feature", "properties": { "id_poligono_aut": 139, "zona": "19", "datum": "WGS 84 (UTM)", "area_otorgada": 5.23, "bien_asociado": "RIVERA Y FAJA MARGINAL DERECHA", "aaa": "MADRE DE DIOS", "ala": "TAHUAMANU - MADRE DE DIOS", "cut": "23475-2021", "numero_resolucion": "0096-2021", "fecha_resolucion": "2021-04-27T00:00:00", "resumen": "AUTORIZAR EL USO TEMPORAL DE 5.23 HA DE TERRENO DE LA RIBERA Y FAJA MARGINAL DERECHA DEL RIO MADRE DE DIOS PARA LA SIEMBRA DE CULTIVOS, A FAVOR DEL SEÑOR MIGUEL ANGEL NORIEGA MAYA, IDENTIFICADO CON DNI N° 48680880; dicha área se ubica en el sector El Lagarto, distrito de Inambari, provincia de Tambopata, departamento de Madre de Dios", "clase_resolucion": "AUTORIZACION DE USO TEMPORAL", "anio_rd": "2021", "archivo": "59-RD-0096-2021-05.pdf", "detalle_rd": "ANA-AAA.MDD", "nombre_o_razon_social": "MIGUEL ANGEL NORIEGA MAYA", "tipo_documento": "DNI", "numero_documento": "48680880", "departamento": "MADRE DE DIOS", "provincia": "TAMBOPATA", "distrito": "INAMBARI", "sector": "EL LAGARTO", "tipo_aut": "RIBERA Y FAJA MARGINAL", "area_total": 5.23, "periodo_autorizacion": "4 AÑOS", "fecha_autorizacion": null }, "geometry": { "type": "Polygon", "coordinates": [ [ [ -69.826611286681768, -12.657630634622349 ], [ -69.826291806804775, -12.658303001875796 ], [ -69.825582685706124, -12.658620318743756 ], [ -69.824937321385974, -12.659636932957323 ], [ -69.824274591256383, -12.659950033920962 ], [ -69.822721075058666, -12.660014155672023 ], [ -69.820805107302661, -12.659931186063812 ], [ -69.820842082027099, -12.659716231624595 ], [ -69.823044863948979, -12.659820558067624 ], [ -69.824725343909392, -12.659378352772231 ], [ -69.825318493304806, -12.658532254021988 ], [ -69.825628138639075, -12.658265546755633 ], [ -69.826148789965302, -12.657612358276786 ], [ -69.826611286681768, -12.657630634622349 ] ] ] } },
{ "type": "Feature", "properties": { "id_poligono_aut": 138, "zona": "19", "datum": "WGS 84 (UTM)", "area_otorgada": 5.23, "bien_asociado": "RIVERA Y FAJA MARGINAL DERECHA", "aaa": "MADRE DE DIOS", "ala": "TAHUAMANU - MADRE DE DIOS", "cut": "23475-2021", "numero_resolucion": "0096-2021", "fecha_resolucion": "2021-04-27T00:00:00", "resumen": "AUTORIZAR EL USO TEMPORAL DE 5.23 HA DE TERRENO DE LA RIBERA Y FAJA MARGINAL DERECHA DEL RIO MADRE DE DIOS PARA LA SIEMBRA DE CULTIVOS, A FAVOR DEL SEÑOR MIGUEL ANGEL NORIEGA MAYA, IDENTIFICADO CON DNI N° 48680880; dicha área se ubica en el sector El Lagarto, distrito de Inambari, provincia de Tambopata, departamento de Madre de Dios", "clase_resolucion": "AUTORIZACION DE USO TEMPORAL", "anio_rd": "2021", "archivo": "59-RD-0096-2021-05.pdf", "detalle_rd": "ANA-AAA.MDD", "nombre_o_razon_social": "MIGUEL ANGEL NORIEGA MAYA", "tipo_documento": "DNI", "numero_documento": "48680880", "departamento": "MADRE DE DIOS", "provincia": "TAMBOPATA", "distrito": "INAMBARI", "sector": "EL LAGARTO", "tipo_aut": "RIBERA Y FAJA MARGINAL", "area_total": 5.23, "periodo_autorizacion": "4 AÑOS", "fecha_autorizacion": null }, "geometry": { "type": "Polygon", "coordinates": [ [ [ -69.824059576373358, -12.657224687254377 ], [ -69.82363846749665, -12.657994568816445 ], [ -69.822817868117639, -12.657662548201397 ], [ -69.822200139567528, -12.657420319608851 ], [ -69.821287809308387, -12.65719708255963 ], [ -69.821487640201795, -12.656337465999671 ], [ -69.82242733119152, -12.656479239099891 ], [ -69.823118954496721, -12.656793575715444 ], [ -69.824059576373358, -12.657224687254377 ] ] ] } },
{ "type": "Feature", "properties": { "id_poligono_aut": 140, "zona": "19", "datum": "WGS 84 (UTM)", "area_otorgada": 0.21, "bien_asociado": "FAJA MARGINAL", "aaa": "MADRE DE DIOS", "ala": "TAHUAMANU - MADRE DE DIOS", "cut": "98448-2021", "numero_resolucion": "0140-2021", "fecha_resolucion": "2021-08-31T00:00:00", "resumen": "AUTORIZAR el uso temporal de 0.21 ha de terreno de la faja marginal izquierda del rio Salvación para la siembra de cultivos, a favor del señor MIGUEL ÁNGEL CONDORI ANAYA, identificado con DNI Nº 44955526; dicha área se ubica en el sector Salvación, distrito y provincia de Manu, departamento de Madre de Dios", "clase_resolucion": "AUTORIZACION DE USO TEMPORAL", "anio_rd": "2021", "archivo": "59-RD-0140-2021-04.pdf", "detalle_rd": "ANA-AAA.MDD", "nombre_o_razon_social": "MIGUEL ANGEL CONDORI ANAYA", "tipo_documento": "DNI", "numero_documento": "44955526", "departamento": "MADRE DE DIOS", "provincia": "MANU", "distrito": "MANU", "sector": "SALVACION", "tipo_aut": "FAJA MARGINAL", "area_total": 0.21, "periodo_autorizacion": "5 AÑOS", "fecha_autorizacion": null }, "geometry": { "type": "Polygon", "coordinates": [ [ [ -71.359401710963027, -12.839328894259255 ], [ -71.359409654177199, -12.839193284806571 ], [ -71.360367857088562, -12.839247925385488 ], [ -71.360296303078314, -12.839474465180931 ], [ -71.359401710963027, -12.839328894259255 ] ] ] } },
{ "type": "Feature", "properties": { "id_poligono_aut": 141, "zona": "19", "datum": "WGS 84 (UTM)", "area_otorgada": 1.2, "bien_asociado": "RIBERA Y FAJA MARGINAL DERECHA", "aaa": "MADRE DE DIOS", "ala": "TAHUAMANU - MADRE DE DIOS", "cut": "98452-2021", "numero_resolucion": "0141-2021", "fecha_resolucion": "2021-08-31T00:00:00", "resumen": "AUTORIZAR el uso temporal de 1.20 ha de terreno de la ribera y faja marginal derecha del rio Madre de Dios para la siembra de cultivos, a favor del señor RAUL LAYME HUAMAN, identificado con DNI Nº 46582128; dicha área se ubica en el sector Yunguyo, distrito y provincia de Manu, departamento de Madre de Dios.", "clase_resolucion": "AUTORIZACION DE USO TEMPORAL", "anio_rd": "2021", "archivo": "59-RD-0141-2021-04.pdf", "detalle_rd": "ANA-AAA.MDD", "nombre_o_razon_social": "RAUL LAYME HUAMAN", "tipo_documento": "DNI", "numero_documento": "46582128", "departamento": "MADRE DE DIOS", "provincia": "MANU", "distrito": "MANU", "sector": "YUNGUYO", "tipo_aut": "RIBERA Y FAJA MARGINAL", "area_total": 1.2, "periodo_autorizacion": "5 AÑOS", "fecha_autorizacion": null }, "geometry": { "type": "Polygon", "coordinates": [ [ [ -71.383676119363358, -12.812029581469709 ], [ -71.382852446792057, -12.812561115168938 ], [ -71.383855524032896, -12.813482710781697 ], [ -71.38421512135271, -12.812557806874706 ], [ -71.383676119363358, -12.812029581469709 ] ] ] } },
{ "type": "Feature", "properties": { "id_poligono_aut": 173, "zona": "19", "datum": "WGS 84 (UTM)", "area_otorgada": 0.86, "bien_asociado": "FAJA MARGINAL Y RIBERA", "aaa": "MADRE DE DIOS", "ala": "TAHUAMANU - MADRE DE DIOS", "cut": "0098451-2021", "numero_resolucion": "0142-2021", "fecha_resolucion": "2021-08-31T00:00:00", "resumen": "AUTORIZAR el uso temporal de 0.86 ha de terreno de la Faja Marginal izquierda del rio Yunguyo y ribera-faja marginal derecha del rio Madre de Dios para la siembra de cultivos, a favor del señor TEÓFILO LAYME HUAMÁN, identificado con DNI Nº 61585278; dicha área se ubica en el sector de Yunguyo, Distrito de Manu, Provincia de Manu, Departamento de Madre de Dios.", "clase_resolucion": "AUTORIZACION DE USO TEMPORAL", "anio_rd": "2021", "archivo": "59-RD-0142-2021-04.pdf", "detalle_rd": "ANA-AAA.MDD", "nombre_o_razon_social": "TEOFILO LAYME HUAMAN", "tipo_documento": "DNI", "numero_documento": "61585278", "departamento": "MADRE DE DIOS", "provincia": "MANU", "distrito": "MANU", "sector": "YUNGUYO", "tipo_aut": "FAJA MARGINAL RIBERA", "area_total": 0.86, "periodo_autorizacion": "5 AÑOS", "fecha_autorizacion": null }, "geometry": { "type": "Polygon", "coordinates": [ [ [ -71.382548913176223, -12.811615109980172 ], [ -71.382118663102915, -12.81188104210378 ], [ -71.382396222262244, -12.812023101284977 ], [ -71.382333219511622, -12.812177279491227 ], [ -71.382852446792057, -12.812561115168938 ], [ -71.382727832408307, -12.812038170176562 ], [ -71.382548913176223, -12.811615109980172 ] ] ] } },
{ "type": "Feature", "properties": { "id_poligono_aut": 142, "zona": "19", "datum": "WGS 84 (UTM)", "area_otorgada": 0.52, "bien_asociado": "FAJA MARGINAL IZQUIERDA", "aaa": "MADRE DE DIOS", "ala": "TAHUAMANU - MADRE DE DIOS", "cut": "098447-2021", "numero_resolucion": "0143-2021", "fecha_resolucion": "2021-08-31T00:00:00", "resumen": "AUTORIZAR el uso temporal de 0.52 ha de terreno de la Faja Marginal izquierda del rio Yunguyo para la siembra de cultivos, a favor del señor JUSTINO HUMAN HERRERA, identificado con DNI Nº 80127958; dicha área se ubica en el sector de Yunguyo, Distrito de Manu, Provincia de Manu, Departamento de Madre de Dios.", "clase_resolucion": "AUTORIZACION DE USO TEMPORAL", "anio_rd": "2021", "archivo": "59-RD-0143-2021-04.pdf", "detalle_rd": "ANA-AAA.MDD", "nombre_o_razon_social": "JUSTINO HUAMAN HERRERA", "tipo_documento": "DNI", "numero_documento": "80127958", "departamento": "MADRE DE DIOS", "provincia": "MANU", "distrito": "MANU", "sector": "YUNGUYO", "tipo_aut": "FAJA MARGINAL", "area_total": 0.52, "periodo_autorizacion": "5 AÑOS", "fecha_autorizacion": null }, "geometry": { "type": "Polygon", "coordinates": [ [ [ -71.381935668831488, -12.811024301945714 ], [ -71.381356753970792, -12.811147006272009 ], [ -71.382164441662212, -12.811853520413328 ], [ -71.382511916655957, -12.811597373452983 ], [ -71.381935668831488, -12.811024301945714 ] ] ] } },
{ "type": "Feature", "properties": { "id_poligono_aut": 143, "zona": "19", "datum": "WGS 84 (UTM)", "area_otorgada": 2.34, "bien_asociado": "RIBERA", "aaa": "MADRE DE DIOS", "ala": "TAHUAMANU - MADRE DE DIOS", "cut": "117103-2021", "numero_resolucion": "0145-2021", "fecha_resolucion": "2021-09-08T00:00:00", "resumen": "AUTORIZAR el uso temporal de 2.34 ha de terreno de la ribera derecha del rio Madre de Dios para la siembra de cultivos, a favor del señor JOSÉ WILFREDO MAMANI QUISPE, identificado con DNI Nº 04960857; dicha área se ubica en el sector Adán Rayo, distrito y provincia de Manu, departamento de Madre de Dios.", "clase_resolucion": "AUTORIZACION DE USO TEMPORAL", "anio_rd": "2021", "archivo": "59-RD-0145-2021-04.pdf", "detalle_rd": "ANA-AAA.MDD", "nombre_o_razon_social": "JOSE WILFREDO MAMANI QUISPE", "tipo_documento": "DNI", "numero_documento": "04960857", "departamento": "MADRE DE DIOS", "provincia": "MANU", "distrito": "MANU", "sector": "YUNGUYO", "tipo_aut": "ADAN RAYO", "area_total": 2.34, "periodo_autorizacion": "5 AÑOS", "fecha_autorizacion": null }, "geometry": { "type": "Polygon", "coordinates": [ [ [ -71.377883608851548, -12.780483842184355 ], [ -71.376864734551333, -12.778839474531489 ], [ -71.377614344415605, -12.778272499067398 ], [ -71.378120223085915, -12.778222759800736 ], [ -71.378433729617953, -12.7792590495308 ], [ -71.377883608851548, -12.780483842184355 ] ] ] } },
{ "type": "Feature", "properties": { "id_poligono_aut": 144, "zona": "19", "datum": "WGS 84 (UTM)", "area_otorgada": 1.4, "bien_asociado": "RIBERA", "aaa": "MADRE DE DIOS", "ala": "TAHUAMANU - MADRE DE DIOS", "cut": "117100-2021", "numero_resolucion": "0146-2021", "fecha_resolucion": "2021-09-08T00:00:00", "resumen": "AUTORIZAR el uso temporal de 1.40 ha de terreno de la ribera derecha del ria Madre de Dios para la siembra de cultivos, a favor del señor KEN DYLAN MAMANI YLAQUIJO, identificado con DNI Nº 73492118; dicha área se ubica en el sector Adán Rayo, distrito y provincia de Manu, departamento de Madre de Dios.", "clase_resolucion": "AUTORIZACION DE USO TEMPORAL", "anio_rd": "2021", "archivo": "59-RD-0146-2021-04.pdf", "detalle_rd": "ANA-AAA.MDD", "nombre_o_razon_social": "KEN DYLAN MAMANI YLAQUIJO", "tipo_documento": "DNI", "numero_documento": "73492118", "departamento": "MADRE DE DIOS", "provincia": "MANU", "distrito": "MANU", "sector": "ADAN RAYO", "tipo_aut": "RIBERA", "area_total": 1.4, "periodo_autorizacion": "5 AÑOS", "fecha_autorizacion": null }, "geometry": { "type": "Polygon", "coordinates": [ [ [ -71.378040116335129, -12.781467332740663 ], [ -71.377237444047907, -12.780299915470485 ], [ -71.376413000102218, -12.780741063981004 ], [ -71.377082818575062, -12.781484999084364 ], [ -71.377656356449364, -12.781778010061036 ], [ -71.378040116335129, -12.781467332740663 ] ] ] } },
{ "type": "Feature", "properties": { "id_poligono_aut": 145, "zona": "19", "datum": "WGS 84 (UTM)", "area_otorgada": 1.22, "bien_asociado": "RIBERA Y FAJA MARGINAL IZQUIERDA", "aaa": "MADRE DE DIOS", "ala": "TAHUAMANU - MADRE DE DIOS", "cut": "99793-2021", "numero_resolucion": "0151-2021", "fecha_resolucion": "2021-09-22T00:00:00", "resumen": "AUTORIZAR el uso temporal de 1.22 ha de terreno de la ribera y faja marginal izquierda del rio Guadalupe para la siembra de cultivos, a favor de la señora MARIA DEL CARMEN RODRIGUEZ DEL SOLAR DONOGHUE, identificada con DNI N° 05644241; dicha área se ubica en el sector Guadalupe, distrito de Kosñipata, provincia de Paucartambo y departamento de Cusco.", "clase_resolucion": "AUTORIZACION DE USO TEMPORAL", "anio_rd": "2021", "archivo": "59-RD-0151-2021-05.pdf", "detalle_rd": "ANA-AAA.MDD", "nombre_o_razon_social": "MARIA DEL CARMEN RODRIGUEZ DEL SOLAR DE DONOGHUE", "tipo_documento": "DNI", "numero_documento": "05644241", "departamento": "CUSCO", "provincia": "PAUCARTAMBO", "distrito": "KOSÑIPATA", "sector": "GUADALUPE", "tipo_aut": "RIBERA Y FAJA MARGINAL", "area_total": 1.22, "periodo_autorizacion": "3 AÑOS", "fecha_autorizacion": null }, "geometry": { "type": "Polygon", "coordinates": [ [ [ -71.470889478747324, -12.912030664641932 ], [ -71.471267937965877, -12.911177779769643 ], [ -71.471658002895182, -12.910568734137513 ], [ -71.471840330593949, -12.910377270848803 ], [ -71.472682908480621, -12.909890434544975 ], [ -71.472638193166489, -12.910026384987027 ], [ -71.471759930892716, -12.910631015867166 ], [ -71.471113531583541, -12.912335740597948 ], [ -71.471152235657158, -12.912525112756551 ], [ -71.471255674448329, -12.912740977929866 ], [ -71.471178027354199, -12.913274786779153 ], [ -71.470961078788818, -12.913692456486388 ], [ -71.470565413621813, -12.913732339969814 ], [ -71.47063749330664, -12.913569025289817 ], [ -71.470928386884268, -12.913177761749072 ], [ -71.470916157459399, -12.912870682051336 ], [ -71.471041807694945, -12.912535192574474 ], [ -71.470891521296139, -12.912238453980381 ], [ -71.470889478747324, -12.912030664641932 ] ] ] } },
{ "type": "Feature", "properties": { "id_poligono_aut": 146, "zona": "19", "datum": "WGS 84 (UTM)", "area_otorgada": 0.78, "bien_asociado": "RIBERA Y FAJA MARGINAL DERECHA", "aaa": "MADRE DE DIOS", "ala": "TAHUAMANU - MADRE DE DIOS", "cut": "116620-2021", "numero_resolucion": "0153-2021", "fecha_resolucion": "2021-09-23T00:00:00", "resumen": "AUTORIZAR el uso temporal de 0.78 ha de terreno de la ribera y faja marginal derecha del rio Tono para la siembra de cultivos, a favor de la Sra. VERONICA ALATA SOLIZONQHEHUA, identificada con DNI N° 25132614; dicha área se ubica en el sector Pilcopata, distrito de Kosñipata, provincia de Paucartambo y departamento de Cusco", "clase_resolucion": "AUTORIZACION DE USO TEMPORAL", "anio_rd": "2021", "archivo": "59-RD-0153-2021-04.pdf", "detalle_rd": "ANA-AAA.MDD", "nombre_o_razon_social": "VERONICA ALATA SOLIZONQUEHUA", "tipo_documento": "DNI", "numero_documento": "25132614", "departamento": "CUSCO", "provincia": "PAUCARTAMBO", "distrito": "KOSÑIPATA", "sector": "PILCOPATA", "tipo_aut": "RIBERA Y FAJA MARGINAL", "area_total": 0.78, "periodo_autorizacion": "5 AÑOS", "fecha_autorizacion": null }, "geometry": { "type": "Polygon", "coordinates": [ [ [ -71.412088895464379, -12.911161666167892 ], [ -71.411047288558507, -12.911080926027898 ], [ -71.40989481397034, -12.91096506220917 ], [ -71.409166004040074, -12.910845286587659 ], [ -71.408643019355168, -12.911057926214378 ], [ -71.409068762152401, -12.911270853492436 ], [ -71.410053984014525, -12.911234659804093 ], [ -71.410118108278624, -12.91119792611382 ], [ -71.410238186099448, -12.911232960425261 ], [ -71.410993154426706, -12.911198887442943 ], [ -71.411214716680064, -12.911251055723833 ], [ -71.412088895464379, -12.911161666167892 ] ] ] } },
{ "type": "Feature", "properties": { "id_poligono_aut": 147, "zona": "19", "datum": "WGS 84 (UTM)", "area_otorgada": 0.89, "bien_asociado": "ISLA", "aaa": "MADRE DE DIOS", "ala": "TAMBOPATA - INAMBARI", "cut": "116618-2021", "numero_resolucion": "0154-2021", "fecha_resolucion": "2021-09-28T00:00:00", "resumen": "AUTORIZAR el uso temporal de un área de terreno de isla ubicada en el cauce del río Tono para siembra de cultivos, a favor de la Sra. HERMELINDA SOLIZONQUEHUA YOMBEO, identificada con DNI N° 25132114; dicha área se ubica en el sector Pilcopata, distrito de Kosñipata, provincia de Paucartambo y departamento de Cusco.", "clase_resolucion": "AUTORIZACION DE USO TEMPORAL", "anio_rd": "2021", "archivo": "64-RD-0154-2021-05.pdf", "detalle_rd": "ANA-AAA.MDD", "nombre_o_razon_social": "HERMELINDA SOLIZONQUEHUA", "tipo_documento": "DNI", "numero_documento": "25132114", "departamento": "CUSCO", "provincia": "PAUCARTAMBO", "distrito": "KOSÑIPATA", "sector": "PILCOPATA", "tipo_aut": "ISLA", "area_total": 0.89, "periodo_autorizacion": "5 AÑOS", "fecha_autorizacion": null }, "geometry": { "type": "Polygon", "coordinates": [ [ [ -71.409028232294645, -12.909924932283168 ], [ -71.408887484434956, -12.90965516386937 ], [ -71.408645080200046, -12.909350190319536 ], [ -71.408293367661727, -12.909172721550927 ], [ -71.407979620534505, -12.909112364411554 ], [ -71.407508610715539, -12.908981171572046 ], [ -71.40746403113242, -12.909135186622121 ], [ -71.40776108856879, -12.909376409095501 ], [ -71.40824425159569, -12.909814697734003 ], [ -71.408633757482818, -12.910091208935311 ], [ -71.409028232294645, -12.909924932283168 ] ] ] } },
{ "type": "Feature", "properties": { "id_poligono_aut": 148, "zona": "19", "datum": "WGS 84 (UTM)", "area_otorgada": 0.64, "bien_asociado": "RIBERA DERECHA", "aaa": "MADRE DE DIOS", "ala": "TAHUAMANU - MADRE DE DIOS", "cut": "133559-2021", "numero_resolucion": "0168-2021", "fecha_resolucion": "2021-10-20T00:00:00", "resumen": "AUTORIZAR el uso temporal de 0.64 ha de terreno de la ribera derecha del rio Madre de Dios para la siembra de cultivos, a favor del señor MOISES BENAVIDES QUISPE, identificado con DNI N° 42550219; dicha área se ubica en el sector Yunguyo, distrito y provincia de Manu, departamento de Madre de Dios.", "clase_resolucion": "AUTORIZACION DE USO TEMPORAL", "anio_rd": "2021", "archivo": "59-RD-0168-2021-05.pdf", "detalle_rd": "ANA-AAA.MDD", "nombre_o_razon_social": "MOISES BENAVIDES QUISPE", "tipo_documento": "DNI", "numero_documento": "42550219", "departamento": "MADRE DE DIOS", "provincia": "MANU", "distrito": "MANU", "sector": "YUNGUYO", "tipo_aut": "RIBERA", "area_total": 0.84, "periodo_autorizacion": "4 AÑOS", "fecha_autorizacion": null }, "geometry": { "type": "Polygon", "coordinates": [ [ [ -71.381105764059086, -12.818730278320874 ], [ -71.38176849268973, -12.818706205964519 ], [ -71.382056996096424, -12.818053019097709 ], [ -71.381781298959055, -12.818109730366906 ], [ -71.381080725035815, -12.818025716038083 ], [ -71.381105764059086, -12.818730278320874 ] ] ] } },
{ "type": "Feature", "properties": { "id_poligono_aut": 149, "zona": "19", "datum": "WGS 84 (UTM)", "area_otorgada": 1.0, "bien_asociado": "RIBERA Y FAJA MARGINAL DERECHA", "aaa": "MADRE DE DIOS", "ala": "TAHUAMANU - MADRE DE DIOS", "cut": "133551-2021", "numero_resolucion": "0169-2021", "fecha_resolucion": "2021-10-20T00:00:00", "resumen": "AUTORIZAR el uso temporal de 1.00 ha de terreno de la ribera y faja marginal derecha del rio Madre de Dios para la siembra de cultivos, a favor del señor ISAÍAS CIELOS GUARDIÁN, identificado con DNI N° 47492500; dicha área se ubica en el sector Yunguyo, distrito y provincia de Manu, departamento de Madre de Dios.", "clase_resolucion": "AUTORIZACION DE USO TEMPORAL", "anio_rd": "2021", "archivo": "59-RD-0169-2021-05.pdf", "detalle_rd": "ANA-AAA.MDD", "nombre_o_razon_social": "ISAÍAS CIELOS GUARDIÁN", "tipo_documento": "DNI", "numero_documento": "47492500", "departamento": "MADRE DE DIOS", "provincia": "MANU", "distrito": "MANU", "sector": "YUNGUYO", "tipo_aut": "RIBERA Y FAJA MARGINAL", "area_total": 1.0, "periodo_autorizacion": "5 AÑOS", "fecha_autorizacion": null }, "geometry": { "type": "Polygon", "coordinates": [ [ [ -71.383157257943935, -12.813642644196449 ], [ -71.382543496941651, -12.812997628891281 ], [ -71.381999333153189, -12.813879023922082 ], [ -71.382112787156075, -12.814194248050587 ], [ -71.382583606038125, -12.81432552091035 ], [ -71.383157257943935, -12.813642644196449 ] ] ] } },
{ "type": "Feature", "properties": { "id_poligono_aut": 150, "zona": "19", "datum": "WGS 84 (UTM)", "area_otorgada": 0.1, "bien_asociado": "FAJA MARGINAL IZQUIERDA", "aaa": "MADRE DE DIOS", "ala": "TAHUAMANU - MADRE DE DIOS", "cut": "133553-2021", "numero_resolucion": "0171-2021", "fecha_resolucion": "2021-10-20T00:00:00", "resumen": "AUTORIZAR el uso temporal de 0.10 ha de terreno de la faja marginal izquierda de la quebrada Serrano para la siembra de cultivos, a favor del señor BENITO LAYME MAMANI, identificado con DNI N° 24488160; dicha área se ubica en el sector Yunguyo, distrito y provincia de Manu, departamento de Madre de Dios", "clase_resolucion": "AUTORIZACION DE USO TEMPORAL", "anio_rd": "2021", "archivo": "59-RD-0171-2021-05.pdf", "detalle_rd": "ANA-AAA.MDD", "nombre_o_razon_social": "BENITO LAYME MAMANI", "tipo_documento": "DNI", "numero_documento": "24488160", "departamento": "MADRE DE DIOS", "provincia": "MANU", "distrito": "MANU", "sector": "YUNGUYO", "tipo_aut": "FAJA MARGINAL", "area_total": 0.1, "periodo_autorizacion": "5 AÑOS", "fecha_autorizacion": null }, "geometry": { "type": "Polygon", "coordinates": [ [ [ -71.381754387389108, -12.812309020099894 ], [ -71.381531643681058, -12.812121285331633 ], [ -71.379987380729304, -12.812397294797844 ], [ -71.38003375368902, -12.812433018409115 ], [ -71.38064924469451, -12.812282878206092 ], [ -71.38116481955052, -12.81227821302379 ], [ -71.381329521140685, -12.812168293410821 ], [ -71.381597024518513, -12.812220086897593 ], [ -71.381754387389108, -12.812309020099894 ] ] ] } },
{ "type": "Feature", "properties": { "id_poligono_aut": 151, "zona": "19", "datum": "WGS 84 (UTM)", "area_otorgada": 2.8, "bien_asociado": "RIBERA Y FAJA MARGINAL DERECHA", "aaa": "MADRE DE DIOS", "ala": "TAHUAMANU - MADRE DE DIOS", "cut": "146004-2021", "numero_resolucion": "0196-2021", "fecha_resolucion": "2021-12-02T00:00:00", "resumen": "AUTORIZAR el uso temporal de 2.80 ha de terreno de la ribera y faja marginal derecha del río Madre de Dios para la siembra de cultivos, a favor del señor JIMY JHONS FERNÁNDEZ CAMPOS, identificado con DNI N° 70397767; dicha área se ubica en el sector Salvación, distrito y provincia de Manu, departamento de Madre de Dios", "clase_resolucion": "AUTORIZACION DE USO TEMPORAL", "anio_rd": "2021", "archivo": "59-RD-0196-2021-05.pdf", "detalle_rd": "ANA-AAA.MDD", "nombre_o_razon_social": "JIMY JHONS FERNANDEZ CAMPOS", "tipo_documento": "DNI", "numero_documento": "70397767", "departamento": "MADRE DE DIOS", "provincia": "MANU", "distrito": "MANU", "sector": "SALVACION", "tipo_aut": "RIBERA Y FAJA MARGINAL", "area_total": 2.8, "periodo_autorizacion": "2 AÑOS", "fecha_autorizacion": null }, "geometry": { "type": "Polygon", "coordinates": [ [ [ -71.382182103388857, -12.83819255934149 ], [ -71.383131680710022, -12.83831044482169 ], [ -71.383582589167219, -12.839255104448604 ], [ -71.382595411460557, -12.839056240755042 ], [ -71.38266940069073, -12.840067571747241 ], [ -71.382873332319477, -12.840210293021943 ], [ -71.382777837869583, -12.840825589428725 ], [ -71.382352567304068, -12.841624592894561 ], [ -71.382046498080911, -12.841392440614197 ], [ -71.382135936419274, -12.841111521373023 ], [ -71.382182103388857, -12.83819255934149 ] ] ] } },
{ "type": "Feature", "properties": { "id_poligono_aut": 152, "zona": "19", "datum": "WGS 84 (UTM)", "area_otorgada": 9.73, "bien_asociado": "RIBERA DERECHA", "aaa": "MADRE DE DIOS", "ala": "TAMBOPATA - INAMBARI", "cut": "180245-2021", "numero_resolucion": "0213-2021", "fecha_resolucion": "2021-12-20T00:00:00", "resumen": "AUTORIZAR el uso temporal de 9.73 ha de terreno de la ribera derecha del rio Inambari para la siembra de cultivos, a favor del señor ELMER CESPEDES ZUÑIGA, identificado con DNI N° 80183695; dicha área se ubica en el sector Sarayacu, distrito de Inambari, provincia de Tambopata, departamento de Madre de Dios.", "clase_resolucion": "AUTORIZACION DE USO TEMPORAL", "anio_rd": "2021", "archivo": "64-RD-0213-2021-05.pdf", "detalle_rd": "ANA-AAA.MDD", "nombre_o_razon_social": "ELMER CESPEDES ZUÑIGA", "tipo_documento": "DNI", "numero_documento": "80183695", "departamento": "MADRE DE DIOS", "provincia": "TAMBOPATA", "distrito": "INAMBARI", "sector": "SARAYACU", "tipo_aut": "RIBERA", "area_total": 9.73, "periodo_autorizacion": "2 AÑOS", "fecha_autorizacion": null }, "geometry": { "type": "Polygon", "coordinates": [ [ [ -70.06086910867154, -12.798871426590226 ], [ -70.058388876582754, -12.798393161638051 ], [ -70.056134946360771, -12.799161687388056 ], [ -70.054237816760079, -12.799332030757219 ], [ -70.055153820004563, -12.798062559423004 ], [ -70.059157152073212, -12.797051939689791 ], [ -70.061122450475764, -12.797767349873878 ], [ -70.06086910867154, -12.798871426590226 ] ] ] } },
{ "type": "Feature", "properties": { "id_poligono_aut": 153, "zona": "19", "datum": "WGS 84 (UTM)", "area_otorgada": 0.2, "bien_asociado": "RIBERA Y FAJA MARGINAL DERECHA", "aaa": "MADRE DE DIOS", "ala": "TAHUAMANU - MADRE DE DIOS", "cut": "170201-2021", "numero_resolucion": "0214-2021", "fecha_resolucion": "2021-12-20T00:00:00", "resumen": "AUTORIZAR el uso temporal de 0.20 ha de terreno de la ribera y faja marginal derecha del rio Salvación para la siembra de cultivos, a favor del señor ALEX NELSON PORTILLO ROSALES, identificado con DNI N° 41556634; ubicada en el sector Salvación, distrito y provincia de Tambopata, departamento de Madre de Dios.", "clase_resolucion": "AUTORIZACION DE USO TEMPORAL", "anio_rd": "2021", "archivo": "59-RD-0214-2021-05.pdf", "detalle_rd": "ANA-AAA.MDD", "nombre_o_razon_social": "ALEX NELSON PORTILLO ROSALES", "tipo_documento": "DNI", "numero_documento": "41556634", "departamento": "MADRE DE DIOS", "provincia": "MANU", "distrito": "MANU", "sector": "SALVACION", "tipo_aut": "RIBERA Y FAJA MARGINAL", "area_total": 0.2, "periodo_autorizacion": "3 AÑOS", "fecha_autorizacion": null }, "geometry": { "type": "Polygon", "coordinates": [ [ [ -71.353691292606712, -12.838223540372153 ], [ -71.353481194535476, -12.838406141310678 ], [ -71.353179270041963, -12.838616672648561 ], [ -71.352885880292803, -12.83875483996467 ], [ -71.352848544503047, -12.838700958988355 ], [ -71.353113554022713, -12.838481722814251 ], [ -71.353405429764294, -12.838180922527712 ], [ -71.353624903738364, -12.838016309462482 ], [ -71.353691292606712, -12.838223540372153 ] ] ] } },
{ "type": "Feature", "properties": { "id_poligono_aut": 155, "zona": "19", "datum": "WGS 84 (UTM)", "area_otorgada": 2.29, "bien_asociado": "RIBERA Y FAJA MARGINAL DERECHA", "aaa": "MADRE DE DIOS", "ala": "TAHUAMANU - MADRE DE DIOS", "cut": "191299-2021", "numero_resolucion": "0220-2021", "fecha_resolucion": "2021-12-29T00:00:00", "resumen": "MODIFICAR la autorización de uso temporal de un área de faja marginal y ribera derecha del rio Madre de Dios para siembra de cultivos, otorgada mediante Resolución Directoral N° 0021-2019-ANA-AAA.MDD de fecha 15.01.2019 a favor de la señora ERNESTINA AGUIRRE MORALES, por los fundamentos expuestos en la parte considerativa de la presente resolución.", "clase_resolucion": "AUTORIZACION DE USO TEMPORAL", "anio_rd": "2021", "archivo": "59-RD-0220-2021-04.pdf", "detalle_rd": "ANA-AAA.MDD", "nombre_o_razon_social": " ERNESTINA AGUIRRE MORALES", "tipo_documento": "DNI", "numero_documento": "08284905", "departamento": "MADRE DE DIOS", "provincia": "TAMBOPATA", "distrito": "TAMBOPATA", "sector": null, "tipo_aut": "RIBERA Y FAJA MARGINAL", "area_total": 2.29, "periodo_autorizacion": null, "fecha_autorizacion": null }, "geometry": { "type": "Polygon", "coordinates": [ [ [ -69.178861175852305, -12.487572895381668 ], [ -69.179064301396949, -12.488531321312454 ], [ -69.180177644765706, -12.488205030772631 ], [ -69.180950649409624, -12.488132168957126 ], [ -69.180950008371951, -12.487209780817238 ], [ -69.179790517822482, -12.487337158703506 ], [ -69.178861175852305, -12.487572895381668 ] ] ] } },
{ "type": "Feature", "properties": { "id_poligono_aut": 156, "zona": "19", "datum": "WGS 84 (UTM)", "area_otorgada": 0.8, "bien_asociado": "FAJA MARGINAL DERECHA", "aaa": "MADRE DE DIOS", "ala": "TAHUAMANU - MADRE DE DIOS", "cut": "154098-2021", "numero_resolucion": "0001-2022", "fecha_resolucion": "2022-01-04T00:00:00", "resumen": "AUTORIZAR el uso temporal de 0.80 ha de terreno de la faja marginal derecha de rio amazónico (río Madre de Dios) para la siembra de cultivos, a favor del señor HERNAN ORTIZ DE ORUE TUPFIA, identificado con DNI N° 42300992; ubicada en el sector Cachuela Alta, distrito y provincia de Tambopata, departamento de Madre de Dios.", "clase_resolucion": "AUTORIZACION DE USO TEMPORAL", "anio_rd": "2022", "archivo": "59-RD-0001-2022-05.pdf", "detalle_rd": "ANA-AAA.MDD", "nombre_o_razon_social": "HERNAN ORTIZ DE ORUE TUPFIA", "tipo_documento": "DNI", "numero_documento": " 42300992", "departamento": "MADRE DE DIOS", "provincia": "TAMBOPATA", "distrito": "TAMBOPATA", "sector": "CACHUELA ALTA", "tipo_aut": "FAJA MARGINAL", "area_total": 0.8, "periodo_autorizacion": "2 AÑOS", "fecha_autorizacion": null }, "geometry": { "type": "Polygon", "coordinates": [ [ [ -69.181843286651159, -12.488050181258366 ], [ -69.181723066618702, -12.4872183040143 ], [ -69.18096849607717, -12.487327327742349 ], [ -69.180959846156412, -12.488123119760642 ], [ -69.181843286651159, -12.488050181258366 ] ] ] } },
{ "type": "Feature", "properties": { "id_poligono_aut": 157, "zona": "19", "datum": "WGS 84 (UTM)", "area_otorgada": 0.11, "bien_asociado": "FAJA MARGINAL IZQUIERDA", "aaa": "MADRE DE DIOS", "ala": "TAHUAMANU - MADRE DE DIOS", "cut": "211688-2021", "numero_resolucion": "0026-2022", "fecha_resolucion": "2022-02-08T00:00:00", "resumen": "AUTORIZAR el uso temporal de 0.11 ha de terreno de la faja marginal izquierda de rio amazónico (rio Tambopata) para la siembra de cultivos, a favor del señor ISAÍAS HUAMÁN SAIRE, identificado con DNI N° 04817011; ubicada en el sector Chonta, distrito y provincia de Tambopata, departamento de Madre de Dios.", "clase_resolucion": "AUTORIZACION DE USO TEMPORAL", "anio_rd": "2022", "archivo": "59-RD-0026-2022-04.pdf", "detalle_rd": "ANA-AAA.MDD", "nombre_o_razon_social": "ISAÍAS HUAMÁN SAIRE", "tipo_documento": "DNI", "numero_documento": "04817011", "departamento": "MADRE DE DIOS", "provincia": "TAMBOPATA", "distrito": "TAMBOPATA", "sector": "CHONTA", "tipo_aut": "FAJA MARGINAL", "area_total": 0.11, "periodo_autorizacion": "3 AÑOS", "fecha_autorizacion": null }, "geometry": { "type": "Polygon", "coordinates": [ [ [ -69.222812584079975, -12.666617580625857 ], [ -69.222435250948465, -12.666907268583568 ], [ -69.222545857594739, -12.667015690703977 ], [ -69.222969284757355, -12.66678022127258 ], [ -69.222812584079975, -12.666617580625857 ] ] ] } },
{ "type": "Feature", "properties": { "id_poligono_aut": 158, "zona": "19", "datum": "WGS 84 (UTM)", "area_otorgada": 0.97, "bien_asociado": "RIBERA Y FAJA MARGINAL IZQUIERDA", "aaa": "MADRE DE DIOS", "ala": "TAHUAMANU - MADRE DE DIOS", "cut": "3344-2022", "numero_resolucion": "0032-2022", "fecha_resolucion": "2022-02-11T00:00:00", "resumen": "AUTORIZAR el uso temporal de 0.97 ha de terreno de la ribera y faja marginal izquierda de rio amazónico (rio Pillcopata) para la siembra de cultivos, a favor de la señora MERCEDES ORE DURAN, identificada con DNI N° 25132518; ubicado en el sector Pilcopata, distrito de Kosñipata, provincia de Paucartambo, departamento Cusco.", "clase_resolucion": "AUTORIZACION DE USO TEMPORAL", "anio_rd": "2022", "archivo": "59-RD-0032-2022-04.pdf", "detalle_rd": "ANA-AAA.MDD", "nombre_o_razon_social": "MERCEDES ORE DURAN", "tipo_documento": "DNI", "numero_documento": "25132518", "departamento": "CUSCO", "provincia": "PAUCARTAMBO", "distrito": "KOSÑIPATA", "sector": "PILCOPATA", "tipo_aut": "RIBERA Y FAJA MARGINAL", "area_total": 0.97, "periodo_autorizacion": "2 AÑOS", "fecha_autorizacion": null }, "geometry": { "type": "Polygon", "coordinates": [ [ [ -71.396993960254704, -12.917146639613083 ], [ -71.39733552117589, -12.917224824584908 ], [ -71.397591602278752, -12.917032725878602 ], [ -71.398119080006126, -12.916323105702855 ], [ -71.397578671909088, -12.915677504298621 ], [ -71.396993960254704, -12.917146639613083 ] ] ] } },
{ "type": "Feature", "properties": { "id_poligono_aut": 159, "zona": "19", "datum": "WGS 84 (UTM)", "area_otorgada": 0.33, "bien_asociado": "RIBERA Y FAJA MARGINAL IZQUIERDA", "aaa": "MADRE DE DIOS", "ala": "TAHUAMANU - MADRE DE DIOS", "cut": "3368-2022", "numero_resolucion": "0034-2022", "fecha_resolucion": "2022-02-14T00:00:00", "resumen": "AUTORIZAR el uso temporal de 0.33 ha de terreno de la ribera y faja marginal izquierda de rio amazónico (rio Pillcopata) para la siembra de cultivos, a favor de la señora MERCEDES ORE DURAN, identificada con DNI N° 25132518; ubicado en el sector Pilcopata, distrito de Kosñipata, provincia de Paucartambo, departamento Cusco.", "clase_resolucion": "AUTORIZACION DE USO TEMPORAL", "anio_rd": "2022", "archivo": "59-RD-0034-2022-05.pdf", "detalle_rd": "ANA-AAA.MDD", "nombre_o_razon_social": "MERCEDES ORE DURAN", "tipo_documento": "DNI", "numero_documento": "25132518", "departamento": "CUSCO", "provincia": "PAUCARTAMBO", "distrito": "KOSÑIPATA", "sector": "PILCOPATA", "tipo_aut": "RIBERA Y FAJA MARGINAL", "area_total": 0.33, "periodo_autorizacion": "3 AÑOS", "fecha_autorizacion": null }, "geometry": { "type": "Polygon", "coordinates": [ [ [ -71.401663404320288, -12.912260666389049 ], [ -71.402154653018712, -12.912581430253828 ], [ -71.40249137215784, -12.91215366158788 ], [ -71.401890637813764, -12.911942331901919 ], [ -71.401663404320288, -12.912260666389049 ] ] ] } },
{ "type": "Feature", "properties": { "id_poligono_aut": 160, "zona": "19", "datum": "WGS 84 (UTM)", "area_otorgada": 0.73, "bien_asociado": "RIBERA IZQUIERDA", "aaa": "MADRE DE DIOS", "ala": "TAHUAMANU - MADRE DE DIOS", "cut": "3331-2022", "numero_resolucion": "0039-2022", "fecha_resolucion": "2022-02-16T00:00:00", "resumen": "AUTORIZAR el uso temporal de 0.73 ha de terreno de la ribera izquierda de rio amazónico (rio Pillcopata) para la siembra de cultivos, a favor de la señora ANANI NORIEGA RIVERA, identificada con DNI N° 41551871; ubicado en el sector Pilcopata, distrito de Kosñipata, provincia de Paucartambo, departamento Cusco", "clase_resolucion": "AUTORIZACION DE USO TEMPORAL", "anio_rd": "2022", "archivo": "59-RD-0039-2022-05.pdf", "detalle_rd": "ANA-AAA.MDD", "nombre_o_razon_social": "ANANI NORIEGA RIVERA", "tipo_documento": "DNI", "numero_documento": "41551871", "departamento": "CUSCO", "provincia": "PAUCARTAMBO", "distrito": "KOSÑIPATA", "sector": "PILCOPATA", "tipo_aut": "RIBERA", "area_total": 0.73, "periodo_autorizacion": "3 AÑOS", "fecha_autorizacion": null }, "geometry": { "type": "Polygon", "coordinates": [ [ [ -71.400537322400368, -12.911051212690058 ], [ -71.401005724001919, -12.909944566933785 ], [ -71.401210590125828, -12.910177609366746 ], [ -71.401307092430613, -12.910637537162655 ], [ -71.401292210337274, -12.911008132847636 ], [ -71.401138226495604, -12.911280615660205 ], [ -71.400537322400368, -12.911051212690058 ] ] ] } },
{ "type": "Feature", "properties": { "id_poligono_aut": 161, "zona": "19", "datum": "WGS 84 (UTM)", "area_otorgada": 1.55, "bien_asociado": "FAJA MARGINAL DERECHA", "aaa": "MADRE DE DIOS", "ala": "TAHUAMANU - MADRE DE DIOS", "cut": "196868-2021", "numero_resolucion": "0058-2022", "fecha_resolucion": "2022-03-08T00:00:00", "resumen": "RENOVAR la autorización de uso temporal de la ribera y faja marginal derecha del Rio Madre de Dios para la siembra de cultivos, otorgado mediante Resolución N° 0312- 2020-ANA-AAA.MDD de fecha 10.11.2020 a favor del señor ELISEO CAMPOS MEDINA, identificado con DNI N° 44011543; dicha área se ubica en el sector de Yunguyo, distrito y provincia de Manu, departamento de Madre de Dios.", "clase_resolucion": "AUTORIZACION DE USO TEMPORAL", "anio_rd": "2022", "archivo": "59-RD-0058-2022-05.pdf", "detalle_rd": "ANA-AAA.MDD", "nombre_o_razon_social": "ELISEO CAMPOS MEDINA", "tipo_documento": "DNI", "numero_documento": "44011543", "departamento": "MADRE DE DIOS", "provincia": "MANU", "distrito": "MANU", "sector": "YUNGUYO", "tipo_aut": "FAJA MARGINAL", "area_total": 1.55, "periodo_autorizacion": "MEDIO AÑO", "fecha_autorizacion": null }, "geometry": { "type": "Polygon", "coordinates": [ [ [ -71.382844836098769, -12.842071912531949 ], [ -71.382398180337574, -12.841579000353562 ], [ -71.382833254491459, -12.84084315801503 ], [ -71.382966260827857, -12.840299807061417 ], [ -71.383702791329142, -12.840284086440409 ], [ -71.383581123906225, -12.84105322778454 ], [ -71.383391679883189, -12.84147059096826 ], [ -71.382844836098769, -12.842071912531949 ] ] ] } },
{ "type": "Feature", "properties": { "id_poligono_aut": 162, "zona": "19", "datum": "WGS 84 (UTM)", "area_otorgada": 5.89, "bien_asociado": "RIBERA DERECHA", "aaa": "MADRE DE DIOS", "ala": "TAHUAMANU - MADRE DE DIOS", "cut": "213628-2021", "numero_resolucion": "0068-2022", "fecha_resolucion": "2022-03-21T00:00:00", "resumen": "RENOVAR, la vigencia de la autorización de uso temporal de un área de la ribera derecha del río Madre de Dios para la siembra de cultivos, a favor del señor VICTOR YUPANQUI HUILLCA, identificado con DNI N° 47141200", "clase_resolucion": "AUTORIZACION DE USO TEMPORAL", "anio_rd": "2022", "archivo": "59-RD-0068-2022-05.pdf", "detalle_rd": "ANA-AAA.MDD", "nombre_o_razon_social": "VICTOR YUPANQUI HUILLCA", "tipo_documento": "DNI", "numero_documento": "47141200", "departamento": "MADRE DE DIOS", "provincia": "MANU", "distrito": "MANU", "sector": "SALVACION", "tipo_aut": "RIBERA", "area_total": 5.89, "periodo_autorizacion": "2 AÑOS", "fecha_autorizacion": null }, "geometry": { "type": "Polygon", "coordinates": [ [ [ -71.374750706737558, -12.854831476361214 ], [ -71.373092026111564, -12.854719986195679 ], [ -71.373368652629438, -12.853777762245542 ], [ -71.375346896181327, -12.853597213689797 ], [ -71.376326566377742, -12.852991981014025 ], [ -71.376578758547424, -12.853369198633381 ], [ -71.376829676111882, -12.853610891004557 ], [ -71.377284450924165, -12.853986272147855 ], [ -71.376607547586786, -12.854471300852834 ], [ -71.376300843036717, -12.855151761654836 ], [ -71.375765402445367, -12.855012039463865 ], [ -71.375092347879502, -12.854927776741564 ], [ -71.374750706737558, -12.854831476361214 ] ] ] } },
{ "type": "Feature", "properties": { "id_poligono_aut": 163, "zona": "19", "datum": "WGS 84 (UTM)", "area_otorgada": 1.7, "bien_asociado": "RIBERA Y FAJA MARGINAL DERECHA", "aaa": "MADRE DE DIOS", "ala": "TAHUAMANU - MADRE DE DIOS", "cut": "213349-2021", "numero_resolucion": "0074-2022", "fecha_resolucion": "2022-03-23T00:00:00", "resumen": "AUTORIZAR el uso temporal de 1.70 ha de la ribera y faja marginal derecha de rio amazónico (rio Madre de Dios) para la siembra de cultivos, a favor del señor MARCELINO TECSI QUISPE, identificado con DNI N° 24491580; dicha área se ubica en el sector de Yunguyo, distrito y provincia de Manu, departamento de Madre de Dios.", "clase_resolucion": "AUTORIZACION DE USO TEMPORAL", "anio_rd": "2022", "archivo": "59-RD-0074-2022-05.pdf", "detalle_rd": "ANA-AAA.MDD", "nombre_o_razon_social": "MARCELINO TECSI QUISPE", "tipo_documento": "DNI", "numero_documento": "24491580", "departamento": "MADRE DE DIOS", "provincia": "MANU", "distrito": "MANU", "sector": "YUNGUYO", "tipo_aut": "RIBERA Y FAJA MARGINAL", "area_total": 1.7, "periodo_autorizacion": "3 AÑOS", "fecha_autorizacion": null }, "geometry": { "type": "Polygon", "coordinates": [ [ [ -71.38255225702045, -12.834475513677187 ], [ -71.382283265269834, -12.835245990989916 ], [ -71.381978292970828, -12.836107151950619 ], [ -71.381250130517017, -12.836032432406908 ], [ -71.381371720538354, -12.835254256081386 ], [ -71.381649497396751, -12.834438520878027 ], [ -71.38255225702045, -12.834475513677187 ] ] ] } },
{ "type": "Feature", "properties": { "id_poligono_aut": 164, "zona": "19", "datum": "WGS 84 (UTM)", "area_otorgada": 0.73, "bien_asociado": "RIBERA Y FAJA MARGINAL DERECHA", "aaa": "MADRE DE DIOS", "ala": "TAHUAMANU - MADRE DE DIOS", "cut": "196511-2021", "numero_resolucion": "0075-2022", "fecha_resolucion": "2022-03-24T00:00:00", "resumen": "RENOVAR, la vigencia de la autorización de uso temporal de un área de la ribera y faja marginal derecha del río Madre de Dios para la siembra de cultivos, a favor de la señora ANDREA VILMA HUAMANI CAHUANA, identificada con DNI N° 44287767.", "clase_resolucion": "AUTORIZACION DE USO TEMPORAL", "anio_rd": "2022", "archivo": "59-RD-0075-2022-05.pdf", "detalle_rd": "ANA-AAA.MDD", "nombre_o_razon_social": "ANDREA VILMA HUAMANI CAHUANA", "tipo_documento": "DNI", "numero_documento": "44287767", "departamento": "MADRE DE DIOS", "provincia": "MANU", "distrito": "MANU", "sector": "SALVACION", "tipo_aut": "RIBERA Y FAJA MARGINAL", "area_total": 0.73, "periodo_autorizacion": "2 AÑOS", "fecha_autorizacion": null }, "geometry": { "type": "Polygon", "coordinates": [ [ [ -71.383324444742371, -12.838245445468599 ], [ -71.383376369429342, -12.837892580739162 ], [ -71.383448667801801, -12.837747352943092 ], [ -71.383574167890387, -12.837384784792651 ], [ -71.38320928222204, -12.836773666116473 ], [ -71.383144829239697, -12.836774250916005 ], [ -71.382854770825958, -12.838240671513358 ], [ -71.383324444742371, -12.838245445468599 ] ] ] } },
{ "type": "Feature", "properties": { "id_poligono_aut": 165, "zona": "19", "datum": "WGS 84 (UTM)", "area_otorgada": 6.15, "bien_asociado": "RIBERA Y FAJA MARGINAL DERECHA", "aaa": "MADRE DE DIOS", "ala": "TAHUAMANU - MADRE DE DIOS", "cut": "3266-2022", "numero_resolucion": "0076-2022", "fecha_resolucion": "2022-03-25T00:00:00", "resumen": "OTORGAR Autorización de Uso Temporal de Terreno de la Ribera y Faja Marginal Derecha del Rio Madre de Dios para la Siembra de Cultivos, en un área de 6.15 ha, a favor de la señora YONI MAMANI CHOQUE, identificada con DNI N° 70601176; dicha área se ubica en el sector Salvación, distrito y provincia de Manu, departamento de Madre de Dios.", "clase_resolucion": "AUTORIZACION DE USO TEMPORAL", "anio_rd": "2022", "archivo": "59-RD-0076-2022-05.pdf", "detalle_rd": "ANA-AAA.MDD", "nombre_o_razon_social": "YONI MAMANI CHOQUE", "tipo_documento": "DNI", "numero_documento": "70601176", "departamento": "MADRE DE DIOS", "provincia": "MANU", "distrito": "MANU", "sector": "SALVACION", "tipo_aut": "RIBERA Y FAJA MARGINAL", "area_total": 6.15, "periodo_autorizacion": "2 AÑOS", "fecha_autorizacion": null }, "geometry": { "type": "Polygon", "coordinates": [ [ [ -71.376463924364444, -12.852909414941008 ], [ -71.378350029269086, -12.85076892127427 ], [ -71.379384996601544, -12.851148075368002 ], [ -71.379510234162282, -12.851734263181964 ], [ -71.378722229248112, -12.853132914134537 ], [ -71.377679894619959, -12.853928473756881 ], [ -71.376463924364444, -12.852909414941008 ] ] ] } },
{ "type": "Feature", "properties": { "id_poligono_aut": 166, "zona": "19", "datum": "WGS 84 (UTM)", "area_otorgada": 0.17, "bien_asociado": "RIBERA Y FAJA MARGINAL IZQUIERDA", "aaa": "MADRE DE DIOS", "ala": "TAHUAMANU - MADRE DE DIOS", "cut": "3318-2022", "numero_resolucion": "0081-2022", "fecha_resolucion": "2022-03-30T00:00:00", "resumen": "OTORGAR Autorización de Uso Temporal de Terreno de la Ribera y Faja Marginal Izquierda del Rio Pillcopata para la Siembra de Cultivos, en un área de 0.17 ha, a favor del señor JOSE HUAMANI OTINI, identificado con DNI N° 25133055; dicha área se ubica en el sector Pilcopata, distrito de Kosñipata, provincia de Paucartambo, departamento de Cusco.", "clase_resolucion": "AUTORIZACION DE USO TEMPORAL", "anio_rd": "2022", "archivo": "59-RD-0081-2022-04.pdf", "detalle_rd": "ANA-AAA.MDD", "nombre_o_razon_social": "JOSE HUAMANI OTINI", "tipo_documento": "DNI", "numero_documento": "25133055", "departamento": "CUSCO", "provincia": "PAUCARTAMBO", "distrito": "KOSÑIPATA", "sector": "PILCOPATA", "tipo_aut": "RIBERA Y FAJA MARGINAL", "area_total": 6.15, "periodo_autorizacion": "2 AÑOS", "fecha_autorizacion": null }, "geometry": { "type": "Polygon", "coordinates": [ [ [ -71.402083388840865, -12.912835081739962 ], [ -71.402145529151042, -12.912590549732528 ], [ -71.401663490641013, -12.912269701175289 ], [ -71.401592225973459, -12.912523352604431 ], [ -71.402083388840865, -12.912835081739962 ] ] ] } },
{ "type": "Feature", "properties": { "id_poligono_aut": 167, "zona": "19", "datum": "WGS 84 (UTM)", "area_otorgada": 7.4, "bien_asociado": "RIBERA Y FAJA MARGINAL DERECHA", "aaa": "MADRE DE DIOS", "ala": "TAMBOPATA - INAMBARI", "cut": "38863-2022", "numero_resolucion": "0082-2022", "fecha_resolucion": "2022-03-30T00:00:00", "resumen": "OTORGAR Autorización de Uso Temporal de Terreno de la Ribera y Faja Marginal Derecha del Rio Inambari para Siembra de Cultivos, en un área de 7.40 ha, a favor del señor HERMENEGILDO CONZA HUALLPA, identificado con DNI N° 24485070; dicha área se ubica en el sector Villa Santiago, distrito de Inambari, provincia de Tambopata, departamento de Madre de Dios.", "clase_resolucion": "AUTORIZACION DE USO TEMPORAL", "anio_rd": "2022", "archivo": "64-RD-0082-2022-05.pdf", "detalle_rd": "ANA-AAA.MDD", "nombre_o_razon_social": "r HERMENEGILDO CONZA HUALLPA", "tipo_documento": "DNI", "numero_documento": "24485070", "departamento": "MADRE DE DIOS", "provincia": "TAMBOPATA", "distrito": "INAMBARI", "sector": "VILLA SANTIAGO", "tipo_aut": "RIBERA Y FAJA MARGINAL", "area_total": 6.15, "periodo_autorizacion": "2 AÑOS", "fecha_autorizacion": null }, "geometry": { "type": "Polygon", "coordinates": [ [ [ -70.360354423530197, -13.024058734748317 ], [ -70.358811455664778, -13.023470160244665 ], [ -70.357268740416075, -13.022926776552719 ], [ -70.355915123068186, -13.021550676345608 ], [ -70.35470972404751, -13.020300359097879 ], [ -70.355444599219794, -13.019799296159629 ], [ -70.356610414270307, -13.020552594479247 ], [ -70.35758562430523, -13.021858349626772 ], [ -70.358216755888549, -13.022623478630393 ], [ -70.360690968108827, -13.023216211912136 ], [ -70.360354423530197, -13.024058734748317 ] ] ] } },
{ "type": "Feature", "properties": { "id_poligono_aut": 168, "zona": "19", "datum": "WGS 84 (UTM)", "area_otorgada": 4.0, "bien_asociado": "ISLA", "aaa": "MADRE DE DIOS", "ala": "TAHUAMANU - MADRE DE DIOS", "cut": "49204-2022", "numero_resolucion": "0096-2022", "fecha_resolucion": "2022-04-26T00:00:00", "resumen": "OTORGAR autorización de uso temporal de un área de terreno de isla ubicada en el cauce del río Pillcopata para siembra de cultivos, a favor del señor JUAN CRUZ LAURA, identificado con DNI N° 25133198; dicha área se ubica en el sector Patria, distrito de Kosñipata, provincia de Paucartambo y departamento de Cusco.", "clase_resolucion": "AUTORIZACION DE USO TEMPORAL", "anio_rd": "2022", "archivo": "59-RD-0096-2022-05.pdf", "detalle_rd": "ANA-AAA.MDD", "nombre_o_razon_social": "JUAN CRUZ LAURA", "tipo_documento": "DNI", "numero_documento": "25133198", "departamento": "CUSCO", "provincia": "PAUCARTAMBO", "distrito": "KOSÑIPATA", "sector": "PATRIA", "tipo_aut": "ISLA", "area_total": 4.0, "periodo_autorizacion": "1 AÑO", "fecha_autorizacion": null }, "geometry": { "type": "Polygon", "coordinates": [ [ [ -71.402788537061866, -12.965298080892786 ], [ -71.403109418739007, -12.964174710790878 ], [ -71.403392217931653, -12.963882962061597 ], [ -71.404062342238845, -12.964590580179156 ], [ -71.404521447479667, -12.966348267529114 ], [ -71.403851895985284, -12.967619428717009 ], [ -71.403299091834796, -12.96665773277047 ], [ -71.402788537061866, -12.965298080892786 ] ] ] } },
{ "type": "Feature", "properties": { "id_poligono_aut": 169, "zona": "19", "datum": "WGS 84 (UTM)", "area_otorgada": 1.47, "bien_asociado": "FAJA MARGINAL DERECHA", "aaa": "MADRE DE DIOS", "ala": "TAHUAMANU - MADRE DE DIOS", "cut": "48591-2022", "numero_resolucion": "0098-2022", "fecha_resolucion": "2022-04-27T00:00:00", "resumen": "OTORGAR Autorización de Uso Temporal de Terreno de la Faja Marginal Derecha del rio Madre de Dios para la Siembra de Cultivos, en un área de 1.47 ha, a favor del señor RAIMUNDO SAIRE VARGAS, identificado con DNI N° 24975355; dicha área se ubica en el sector Salvación, distrito y provincia de Manu, departamento de Madre de Dios.", "clase_resolucion": "AUTORIZACION DE USO TEMPORAL", "anio_rd": "2022", "archivo": "59-RD-0098-2022-04.pdf", "detalle_rd": "ANA-AAA.MDD", "nombre_o_razon_social": "RAIMUNDO SAIRE VARGAS", "tipo_documento": "DNI", "numero_documento": "24975355", "departamento": "MADRE DE DIOS", "provincia": "MANU", "distrito": "MANU", "sector": "SALVACION", "tipo_aut": "FAJA MARGINAL", "area_total": 1.47, "periodo_autorizacion": "1 AÑO", "fecha_autorizacion": null }, "geometry": { "type": "Polygon", "coordinates": [ [ [ -71.379539519356797, -12.845065615423611 ], [ -71.380992052813184, -12.845784339436754 ], [ -71.381259862341807, -12.844887371803805 ], [ -71.380336096084747, -12.844579498848884 ], [ -71.379509003507152, -12.844758676531669 ], [ -71.379539519356797, -12.845065615423611 ] ] ] } },
{ "type": "Feature", "properties": { "id_poligono_aut": 170, "zona": "19", "datum": "WGS 84 (UTM)", "area_otorgada": 2.0, "bien_asociado": "ISLA", "aaa": "MADRE DE DIOS", "ala": "TAHUAMANU - MADRE DE DIOS", "cut": "54589-2022", "numero_resolucion": "0099-2022", "fecha_resolucion": "2022-04-28T00:00:00", "resumen": "OTORGAR Autorización de Uso Temporal de un área de terreno de isla ubicada en el cauce del río Pillcopata para siembra de cultivos, a favor de la señora ALEJANDRINA ARONE FLORES, identificada con DNI N° 42800046; dicha área se ubica en el sector Pelayo, distrito de Kosñipata, provincia de Paucartambo y departamento de Cusco.", "clase_resolucion": "AUTORIZACION DE USO TEMPORAL", "anio_rd": "2022", "archivo": "59-RD-0099-2022-04.pdf", "detalle_rd": "ANA-AAA.MDD", "nombre_o_razon_social": "ALEJANDRINA ARONE FLORES", "tipo_documento": "DNI", "numero_documento": "42800046", "departamento": "CUSCO", "provincia": "PAUCARTAMBO", "distrito": "KOSÑIPATA", "sector": "PELAYO", "tipo_aut": "ISLA", "area_total": 2.0, "periodo_autorizacion": "1 AÑO", "fecha_autorizacion": null }, "geometry": { "type": "Polygon", "coordinates": [ [ [ -71.393338681234354, -12.891175610921946 ], [ -71.393720994084049, -12.891669073417162 ], [ -71.392719819824407, -12.891958336991461 ], [ -71.391701279976743, -12.891389369013737 ], [ -71.391244951974414, -12.890860436695089 ], [ -71.390422423923553, -12.889593925092202 ], [ -71.390624174048227, -12.889501725286271 ], [ -71.391665413225653, -12.890522274329211 ], [ -71.391940984523998, -12.891414284513791 ], [ -71.393338681234354, -12.891175610921946 ] ] ] } },
{ "type": "Feature", "properties": { "id_poligono_aut": 171, "zona": "19", "datum": "WGS 84 (UTM)", "area_otorgada": 2.81, "bien_asociado": "RIBERA Y FAJA MARGINAL IZQUIERDA", "aaa": "MADRE DE DIOS", "ala": "TAHUAMANU - MADRE DE DIOS", "cut": "52525-2022", "numero_resolucion": "0100-2022", "fecha_resolucion": "2022-04-28T00:00:00", "resumen": "OTORGAR Autorización de Uso Temporal de terreno de la ribera y faja marginal izquierda del rio Sabaluyoc para Siembra de Cultivos, en un área de 2.81 ha, a favor del señor EZEQUIEL ULISES ZENTENO CAIRA, identificado con DNI N° 29727224; dicha área se ubica en el sector Sabaluyoc, distrito de Kosñipata, provincia de Paucartambo, departamento de Cusco.", "clase_resolucion": "AUTORIZACION DE USO TEMPORAL", "anio_rd": "2022", "archivo": "59-RD-0100-2022-05.pdf", "detalle_rd": "ANA-AAA.MDD", "nombre_o_razon_social": "EZEQUIEL ULISES ZENTENO CAIRA", "tipo_documento": "DNI", "numero_documento": "29727224", "departamento": "CUSCO", "provincia": "PAUCARTAMBO", "distrito": "KOSÑIPATA", "sector": "SABALUYOC", "tipo_aut": "RIBERA Y FAJA MARGINAL", "area_total": 2.81, "periodo_autorizacion": "1 AÑO 5 MESES", "fecha_autorizacion": null }, "geometry": { "type": "Polygon", "coordinates": [ [ [ -71.260468040009371, -12.982477261182616 ], [ -71.259772372206626, -12.982989346479734 ], [ -71.256446700495644, -12.983072457229179 ], [ -71.254134127333359, -12.983101559582225 ], [ -71.25300400916862, -12.983463777690208 ], [ -71.25297368025943, -12.983165839329079 ], [ -71.254957905442382, -12.98248897590272 ], [ -71.257754155472369, -12.982961703349799 ], [ -71.258792777010356, -12.982672552035206 ], [ -71.260468040009371, -12.982477261182616 ] ] ] } },
{ "type": "Feature", "properties": { "id_poligono_aut": 172, "zona": "19", "datum": "WGS 84 (UTM)", "area_otorgada": 0.89, "bien_asociado": "RIBERA Y FAJA MARGINAL IZQUIERDA", "aaa": "MADRE DE DIOS", "ala": "TAHUAMANU - MADRE DE DIOS", "cut": "63174-2022", "numero_resolucion": "0115-2022", "fecha_resolucion": "2022-05-13T00:00:00", "resumen": "OTORGAR Autorización de Uso Temporal de terreno de la ribera y faja marginal izquierda del río Pillcopata para Siembra de Cultivos, en un área de 0.89 ha, a favor de la señora DORA QUISPE GUZMÁN, identificada con DNI N° 42596816; dicha área se ubica en el sector Pilcopata, distrito de Kosñipata, provincia de Paucartambo, departamento de Cusco.", "clase_resolucion": "AUTORIZACION DE USO TEMPORAL", "anio_rd": "2022", "archivo": "59-RD-0115-2022-04.pdf", "detalle_rd": "ANA-AAA.MDD", "nombre_o_razon_social": "DORA QUISPE GUZMÁN", "tipo_documento": "DNI", "numero_documento": "42596816", "departamento": "CUSCO", "provincia": "PAUCARTAMBO", "distrito": "KOSÑIPATA", "sector": "PILCOPATA", "tipo_aut": "RIBERA Y FAJA MARGINAL", "area_total": 0.89, "periodo_autorizacion": "2 AÑOS", "fecha_autorizacion": null }, "geometry": { "type": "Polygon", "coordinates": [ [ [ -71.397318393344406, -12.917360515871364 ], [ -71.396986215022068, -12.917300315993053 ], [ -71.396814578226795, -12.917654280055972 ], [ -71.396417677968557, -12.91853437678323 ], [ -71.396815624086187, -12.918729507511264 ], [ -71.397168798212775, -12.918093773084861 ], [ -71.397657540664355, -12.917185725685684 ], [ -71.397565005554185, -12.917141397290747 ], [ -71.397318393344406, -12.917360515871364 ] ] ] } },
{ "type": "Feature", "properties": { "id_poligono_aut": 175, "zona": "19", "datum": "WGS 84 (UTM)", "area_otorgada": 1.89, "bien_asociado": "RIBERA Y FAJA MARGINAL IZQUIERDA", "aaa": "MADRE DE DIOS", "ala": "TAHUAMANU - MADRE DE DIOS", "cut": "66481-2022", "numero_resolucion": "0120-2022", "fecha_resolucion": "2022-05-20T00:00:00", "resumen": "OTORGAR Autorización de Uso Temporal de terreno de la ribera y faja marginal izquierda del río Pillcopata para Siembra de Cultivos, en un área de 1.89 ha, a favor del señor JUAN CHIPANA ROJAS, identificado con DNI N° 80101275; dicha área se ubica en el sector Pilcopata, distrito de Kosñipata, provincia de Paucartambo, departamento de Cusco.", "clase_resolucion": "AUTORIZACION DE USO TEMPORAL", "anio_rd": "2022", "archivo": "59-RD-0120-2022-04.pdf", "detalle_rd": "ANA-AAA.MDD", "nombre_o_razon_social": "JUAN CHIPANA ROJAS", "tipo_documento": "DNI", "numero_documento": "80101275", "departamento": "CUSCO", "provincia": "PAUCARTAMBO", "distrito": "KOSÑIPATA", "sector": "PILCOPATA", "tipo_aut": "RIBERA Y FAJA MARGINAL", "area_total": 1.89, "periodo_autorizacion": "2 AÑOS", "fecha_autorizacion": null }, "geometry": { "type": "Polygon", "coordinates": [ [ [ -71.402651916779078, -12.909676437559465 ], [ -71.401924802422556, -12.911661914839696 ], [ -71.401471259698482, -12.911431159381989 ], [ -71.40145486235069, -12.90971454952169 ], [ -71.402651916779078, -12.909676437559465 ] ] ] } },
{ "type": "Feature", "properties": { "id_poligono_aut": 179, "zona": "19", "datum": "WGS 84 (UTM)", "area_otorgada": 0.31, "bien_asociado": "RIBERA Y FAJA MARGINAL IZQUIERDA", "aaa": "MADRE DE DIOS", "ala": "TAHUAMANU - MADRE DE DIOS", "cut": "63991-2022", "numero_resolucion": "0129-2022", "fecha_resolucion": "2022-06-02T00:00:00", "resumen": "OTORGAR Autorización de Uso Temporal de terreno de la ribera y faja marginal izquierda del río Pillcopata para Siembra de Cultivos, en un área de 0.31 ha, a favor de la señora YALHU PINTO TUPAYACHI, identificada con DNI N° 77419842; dicha área se ubica en el sector Pilcopata, distrito de Kosñipata, provincia de Paucartambo, departamento de Cusco.", "clase_resolucion": "AUTORIZACION DE USO TEMPORAL", "anio_rd": "2022", "archivo": "59-RD-0129-2022-04.pdf", "detalle_rd": "ANA-AAA.MDD", "nombre_o_razon_social": "YALHU PINTO TUPAYACHI", "tipo_documento": "DNI", "numero_documento": "77419842", "departamento": "CUSCO", "provincia": "PAUCARTAMBO", "distrito": "KOSÑIPATA", "sector": "PILCOPATA", "tipo_aut": "RIBERA Y FAJA MARGINAL", "area_total": 0.31, "periodo_autorizacion": "2 AÑOS", "fecha_autorizacion": null }, "geometry": { "type": "Polygon", "coordinates": [ [ [ -71.402580451739212, -12.911836597209161 ], [ -71.402477240160422, -12.911638763772407 ], [ -71.402098759768776, -12.911551888417188 ], [ -71.40253411299237, -12.910843110116044 ], [ -71.402691807918046, -12.910959122343874 ], [ -71.402675978096966, -12.911230335161733 ], [ -71.402556159732242, -12.911222401527638 ], [ -71.402512094882169, -12.911430624999419 ], [ -71.402641382563218, -12.911465578271621 ], [ -71.402580451739212, -12.911836597209161 ] ] ] } },
{ "type": "Feature", "properties": { "id_poligono_aut": 180, "zona": "19", "datum": "WGS 84 (UTM)", "area_otorgada": 0.0275, "bien_asociado": "FAJA MARGINAL IZQUIERDA", "aaa": "MADRE DE DIOS", "ala": "TAHUAMANU - MADRE DE DIOS", "cut": "64579-2022", "numero_resolucion": "0134-2022", "fecha_resolucion": "2022-06-07T00:00:00", "resumen": "OTORGAR Autorización de Uso Temporal de terreno de la faja marginal izquierda del río Pillcopata para Siembra de Cultivos, en un área de 0.0275 ha, a favor de la señora ELIZABETH CALLA MEZA, identificada con DNI N° 25132756; dicha área se ubica en el sector Pilcopata, distrito de Kosñipata, provincia de Paucartambo, departamento de Cusco", "clase_resolucion": "AUTORIZACION DE USO TEMPORAL", "anio_rd": "2022", "archivo": "59-RD-0134-2022-04.pdf", "detalle_rd": "ANA-AAA.MDD", "nombre_o_razon_social": "ELIZABETH CALLA MEZA", "tipo_documento": "DNI", "numero_documento": "25132756", "departamento": "CUSCO", "provincia": "PAUCARTAMBO", "distrito": "KOSÑIPATA", "sector": "PILCOPATA", "tipo_aut": "FAJA MARGINAL", "area_total": 0.0275, "periodo_autorizacion": "2 AÑOS", "fecha_autorizacion": null }, "geometry": { "type": "Polygon", "coordinates": [ [ [ -71.402675978096966, -12.911230335161733 ], [ -71.402556159732242, -12.911222401527638 ], [ -71.402512094882169, -12.911430624999419 ], [ -71.402641382563218, -12.911465578271621 ], [ -71.402675978096966, -12.911230335161733 ] ] ] } },
{ "type": "Feature", "properties": { "id_poligono_aut": 183, "zona": "19", "datum": "WGS 84 (UTM)", "area_otorgada": 11.1, "bien_asociado": "RIBERA Y FAJA MARGINAL DERECHA", "aaa": "MADRE DE DIOS", "ala": "TAHUAMANU - MADRE DE DIOS", "cut": "63930-2022", "numero_resolucion": "0136-2022", "fecha_resolucion": "2022-06-09T00:00:00", "resumen": "OTORGAR Autorización de Uso Temporal de terreno de la ribera y faja marginal derecha del río Madre de Dios para Siembra de Cultivos, en un área de 11.10 ha, a favor del señor GUALBERTO AYALA CHIPANA, identificado con DNI N° 23989208; dicha área se ubica en el sector Adán Rayo, distrito y provincia de Manu, departamento de Madre de Dios.", "clase_resolucion": "AUTORIZACION DE USO TEMPORAL", "anio_rd": "2022", "archivo": "59-RD-0136-2022-04.pdf", "detalle_rd": "ANA-AAA.MDD", "nombre_o_razon_social": "GUALBERTO AYALA CHIPANA", "tipo_documento": "DNI", "numero_documento": "23989208", "departamento": "MADRE DE DIOS", "provincia": "MANU", "distrito": "MANU", "sector": "ADAN RAYO", "tipo_aut": "RIBERA Y FAJA MARGINAL", "area_total": 11.1, "periodo_autorizacion": "2 AÑOS", "fecha_autorizacion": null }, "geometry": { "type": "Polygon", "coordinates": [ [ [ -71.377191585330991, -12.780318400416707 ], [ -71.375120162891108, -12.778349183778204 ], [ -71.374795357429178, -12.776102189830016 ], [ -71.376250064703683, -12.775131295521913 ], [ -71.377122051841155, -12.776822171711016 ], [ -71.378150195928569, -12.777490590067929 ], [ -71.378726346632916, -12.778063686112983 ], [ -71.377604378077635, -12.778191266704878 ], [ -71.376781800458545, -12.778831186046082 ], [ -71.377847040297155, -12.780511279277759 ], [ -71.377665381220439, -12.780774955183906 ], [ -71.3773588072156, -12.780479537526569 ], [ -71.377237444047907, -12.780299915470485 ], [ -71.377191585330991, -12.780318400416707 ] ] ] } },
{ "type": "Feature", "properties": { "id_poligono_aut": 182, "zona": "19", "datum": "WGS 84 (UTM)", "area_otorgada": 2.59, "bien_asociado": "FAJA MARGINAL IZQUIERDA", "aaa": "MADRE DE DIOS", "ala": "TAHUAMANU - MADRE DE DIOS", "cut": "63981-2022", "numero_resolucion": "0147-2022", "fecha_resolucion": "2022-06-27T00:00:00", "resumen": "OTORGAR Autorización de Uso Temporal de terreno de la faja marginal izquierda del rio Yunguyo para Siembra de Cultivos, en un área de 2.59 ha, a favor del señor HERMITAÑO ORURO PUELLES, identificado con DNI N° 04961099; dicha área se ubica en el sector Yunguyo, distrito y provincia de Manu, departamento de Madre de Dios.", "clase_resolucion": "AUTORIZACION DE USO TEMPORAL", "anio_rd": "2022", "archivo": "59-RD-0147-2022-05.pdf", "detalle_rd": "ANA-AAA.MDD", "nombre_o_razon_social": "HERMITAÑO ORURO PUELLES", "tipo_documento": "DNI", "numero_documento": "04961099", "departamento": "MADRE DE DIOS", "provincia": "MANU", "distrito": "MANU", "sector": "YUNGUYO", "tipo_aut": "FAJA MARGINAL", "area_total": 2.59, "periodo_autorizacion": "2 AÑOS", "fecha_autorizacion": null }, "geometry": { "type": "Polygon", "coordinates": [ [ [ -71.349411100921614, -12.804675269266816 ], [ -71.350546775739474, -12.804023580295404 ], [ -71.351184125165432, -12.804243788030865 ], [ -71.353385171734502, -12.80429641048692 ], [ -71.354733024687249, -12.804681939599286 ], [ -71.354626740741381, -12.805134686192343 ], [ -71.353324499063291, -12.80470356957616 ], [ -71.352292437102307, -12.804613397499413 ], [ -71.35184231892913, -12.804725850003589 ], [ -71.351022930047435, -12.804733168337433 ], [ -71.350533387758375, -12.804565856499844 ], [ -71.350276607426537, -12.804676580243196 ], [ -71.349411100921614, -12.804675269266816 ] ] ] } },
{ "type": "Feature", "properties": { "id_poligono_aut": 184, "zona": "19", "datum": "WGS 84 (UTM)", "area_otorgada": 3.95, "bien_asociado": "RIBERA DERECHA", "aaa": "MADRE DE DIOS", "ala": "TAHUAMANU - MADRE DE DIOS", "cut": "89334-2022", "numero_resolucion": "0169-2022", "fecha_resolucion": "2022-07-15T00:00:00", "resumen": "OTORGAR Autorización de Uso Temporal de la ribera derecha del río Madre de Dios para la siembra de cultivos, en un área de 3.95 ha, a favor del señor CIPRIAN SOTAYA ARIAS, identificado con DNI N° 42489527; dicha área se ubica en el sector Bocamanu, distrito de Fitzcarrald, provincia de Manu, departamento de Madre de Dios.", "clase_resolucion": "AUTORIZACION DE USO TEMPORAL", "anio_rd": "2022", "archivo": "59-RD-0169-2022-04.pdf", "detalle_rd": "ANA-AAA.MDD", "nombre_o_razon_social": "CIPRIAN SOTAYA ARIAS", "tipo_documento": "DNI", "numero_documento": "42489527", "departamento": "MADRE DE DIOS", "provincia": "MANU", "distrito": "FITZCARRALD", "sector": "BOCAMANU - DIAMANTE", "tipo_aut": "RIBERA", "area_total": 3.95, "periodo_autorizacion": "5 AÑOS", "fecha_autorizacion": null }, "geometry": { "type": "Polygon", "coordinates": [ [ [ -70.907736660230398, -12.274615636058668 ], [ -70.908164901996514, -12.27409745233083 ], [ -70.909094700404765, -12.274307901100624 ], [ -70.909765798888216, -12.274330339342598 ], [ -70.910750807390357, -12.275823878917059 ], [ -70.909394391555878, -12.276357576795537 ], [ -70.909048284744742, -12.275519398484631 ], [ -70.907736660230398, -12.274615636058668 ] ] ] } },
{ "type": "Feature", "properties": { "id_poligono_aut": 185, "zona": "19", "datum": "WGS 84 (UTM)", "area_otorgada": 5.91, "bien_asociado": "RIBERA Y FAJA MARGINAL DERECHA", "aaa": "MADRE DE DIOS", "ala": "TAHUAMANU - MADRE DE DIOS", "cut": "89407-2022", "numero_resolucion": "0172-2022", "fecha_resolucion": "2022-07-20T00:00:00", "resumen": "OTORGAR Autorización de Uso Temporal de la ribera y faja marginal derecha del río Madre de Dios para la siembra de cultivos, en un área de 5.91 ha, a favor de la señora LUZ MARINA VILCA CCALLOHUANCA, identificada con DNI N° 04960865; dicha área se ubica en el sector Itahuanía, distrito y provincia de Manu, departamento de Madre de Dios", "clase_resolucion": "AUTORIZACION DE USO TEMPORAL", "anio_rd": "2022", "archivo": "59-RD-0172-2022-05.pdf", "detalle_rd": "ANA-AAA.MDD", "nombre_o_razon_social": "LUZ MARINA VILCA CCALLOHUANCA", "tipo_documento": "DNI", "numero_documento": "04960865", "departamento": "MADRE DE DIOS", "provincia": "MANU", "distrito": "MANU", "sector": "ITAHUANIA", "tipo_aut": "RIBERA Y FAJA MARGINAL", "area_total": 5.91, "periodo_autorizacion": "3 AÑOS", "fecha_autorizacion": null }, "geometry": { "type": "Polygon", "coordinates": [ [ [ -71.223037652560947, -12.630550605898403 ], [ -71.224375638803025, -12.634172228694915 ], [ -71.224196140055483, -12.630441541700176 ], [ -71.225827017297334, -12.633879975965309 ], [ -71.223037652560947, -12.630550605898403 ] ] ] } },
{ "type": "Feature", "properties": { "id_poligono_aut": 186, "zona": "19", "datum": "WGS 84 (UTM)", "area_otorgada": 2.12, "bien_asociado": "RIBERA Y FAJA MARGINAL DERECHA", "aaa": "MADRE DE DIOS", "ala": "TAHUAMANU - MADRE DE DIOS", "cut": "89724-2022", "numero_resolucion": "0180-2022", "fecha_resolucion": "2022-07-27T00:00:00", "resumen": "OTORGAR Autorización de Uso Temporal de la ribera y faja marginal derecha del río Madre de Dios para la siembra de cultivos, en un área de 2.12 ha, a favor de la señora VICTORIA VELÁZQUES ROJAS, identificada con DNI N° 25133223; dicha área se ubica en el sector Salvación, distrito y provincia de Manu, departamento de Madre de Dios.", "clase_resolucion": "AUTORIZACION DE USO TEMPORAL", "anio_rd": "2022", "archivo": "59-RD-0180-2022-05.pdf", "detalle_rd": "ANA-AAA.MDD", "nombre_o_razon_social": "VICTORIA VELÁZQUES ROJAS", "tipo_documento": "DNI", "numero_documento": "25133223", "departamento": "MADRE DE DIOS", "provincia": "MANU", "distrito": "MANU", "sector": "SALVACION", "tipo_aut": "RIBERA Y FAJA MARGINAL", "area_total": 2.12, "periodo_autorizacion": "4 AÑOS", "fecha_autorizacion": null }, "geometry": { "type": "Polygon", "coordinates": [ [ [ -71.38105720038206, -12.815523024285799 ], [ -71.381615027781024, -12.814135504182618 ], [ -71.381750496233593, -12.813854169439049 ], [ -71.381943922808972, -12.813861454078749 ], [ -71.382085251835164, -12.814203533116133 ], [ -71.382888363702804, -12.814422154000994 ], [ -71.382528844767336, -12.815356092271797 ], [ -71.38105720038206, -12.815523024285799 ] ] ] } },
{ "type": "Feature", "properties": { "id_poligono_aut": 187, "zona": "19", "datum": "WGS 84 (UTM)", "area_otorgada": 1.73, "bien_asociado": "RIBERA Y FAJA MARGINAL DERECHA", "aaa": "MADRE DE DIOS", "ala": "TAHUAMANU - MADRE DE DIOS", "cut": "89742-2022", "numero_resolucion": "0181-2022", "fecha_resolucion": "2022-07-27T00:00:00", "resumen": "OTORGAR Autorización de Uso Temporal de la ribera y faja marginal derecha del río Madre de Dios para la siembra de cultivos, en un área de 1.73 ha, a favor de la señora RUTH NÉLIDA HUAMÁN NÚÑEZ, identificada con DNI N° 73749258; dicha área se ubica en el sector Salvación, distrito y provincia de Manu, departamento de Madre de Dios.", "clase_resolucion": "AUTORIZACION DE USO TEMPORAL", "anio_rd": "2022", "archivo": "59-RD-0181-2022-05.pdf", "detalle_rd": "ANA-AAA.MDD", "nombre_o_razon_social": "RUTH NÉLIDA HUAMÁN NÚÑEZ", "tipo_documento": "DNI", "numero_documento": "73749258", "departamento": "MADRE DE DIOS", "provincia": "MANU", "distrito": "MANU", "sector": "SALVACION", "tipo_aut": "RIBERA Y FAJA MARGINAL", "area_total": 1.73, "periodo_autorizacion": "4 AÑOS", "fecha_autorizacion": null }, "geometry": { "type": "Polygon", "coordinates": [ [ [ -71.382446408443329, -12.815402017608269 ], [ -71.38253487772063, -12.815997575807275 ], [ -71.382381930516388, -12.816378462509478 ], [ -71.380815749032877, -12.816284213361335 ], [ -71.381057624970651, -12.815568199231759 ], [ -71.382446408443329, -12.815402017608269 ] ] ] } },
{ "type": "Feature", "properties": { "id_poligono_aut": 188, "zona": "19", "datum": "WGS 84 (UTM)", "area_otorgada": 1.26, "bien_asociado": "FAJA MARGINAL DERECHA", "aaa": "MADRE DE DIOS", "ala": "TAHUAMANU - MADRE DE DIOS", "cut": "89734-2022", "numero_resolucion": "0182-2022", "fecha_resolucion": "2022-07-27T00:00:00", "resumen": "OTORGAR Autorización de Uso Temporal de terreno de la faja marginal derecha del río Madre de Dios para la siembra de cultivos, en un área de 1.26 ha, a favor del señor GIRALDO SUYO PUMALLICA, identificado con DNI N° 71589503; dicha área se ubica en el sector Salvación, distrito y provincia de Manu, departamento de Madre de Dios.", "clase_resolucion": "AUTORIZACION DE USO TEMPORAL", "anio_rd": "2022", "archivo": "59-RD-0182-2022-05.pdf", "detalle_rd": "ANA-AAA.MDD", "nombre_o_razon_social": "GIRALDO SUYO PUMALLICA", "tipo_documento": "DNI", "numero_documento": "71589503", "departamento": "MADRE DE DIOS", "provincia": "MANU", "distrito": "MANU", "sector": "SALVACION", "tipo_aut": "FAJA MARGINAL", "area_total": 1.26, "periodo_autorizacion": "5 AÑOS", "fecha_autorizacion": null }, "geometry": { "type": "Polygon", "coordinates": [ [ [ -71.38079759009382, -12.81631148499028 ], [ -71.380564665187748, -12.81700031079842 ], [ -71.380370095245723, -12.817851433162197 ], [ -71.38104338782567, -12.817971839508276 ], [ -71.381173932021127, -12.817166475408611 ], [ -71.381442748299065, -12.816377931079312 ], [ -71.38079759009382, -12.81631148499028 ] ] ] } },
{ "type": "Feature", "properties": { "id_poligono_aut": 189, "zona": "19", "datum": "WGS 84 (UTM)", "area_otorgada": 2.29, "bien_asociado": "RIBERA DERECHA", "aaa": "MADRE DE DIOS", "ala": "TAHUAMANU - MADRE DE DIOS", "cut": "89752-2022", "numero_resolucion": "0183-2022", "fecha_resolucion": "2022-07-27T00:00:00", "resumen": "OTORGAR Autorización de Uso Temporal de terreno de la ribera derecha del río Madre de Dios para la siembra de cultivos, en un área de 2.29 ha, a favor de la señora JUANA YNQUILLAY CAMACHO, identificada con DNI N° 61682129; dicha área se ubica en el sector Salvación, distrito y provincia de Manu, departamento de Madre de Dios.", "clase_resolucion": "AUTORIZACION DE USO TEMPORAL", "anio_rd": "2022", "archivo": "59-RD-0183-2022-05.pdf", "detalle_rd": "ANA-AAA.MDD", "nombre_o_razon_social": "JUANA YNQUILLAY CAMACHO", "tipo_documento": "DNI", "numero_documento": "61682129", "departamento": "MADRE DE DIOS", "provincia": "MANU", "distrito": "MANU", "sector": "SALVACION", "tipo_aut": "RIBERA", "area_total": 2.29, "periodo_autorizacion": "2.5 AÑOS", "fecha_autorizacion": null }, "geometry": { "type": "Polygon", "coordinates": [ [ [ -71.382599920276363, -12.816060236937629 ], [ -71.383955472059313, -12.815297989162977 ], [ -71.384162721717729, -12.814817216767505 ], [ -71.384113117039561, -12.814438165223214 ], [ -71.383410089080598, -12.814092141176602 ], [ -71.382970969590545, -12.814394298547718 ], [ -71.382484680088069, -12.815555278740286 ], [ -71.382599920276363, -12.816060236937629 ] ] ] } },
{ "type": "Feature", "properties": { "id_poligono_aut": 190, "zona": "19", "datum": "WGS 84 (UTM)", "area_otorgada": 4.6, "bien_asociado": "RIBERA Y FAJA MARGINAL DERECHA", "aaa": "MADRE DE DIOS", "ala": "TAHUAMANU - MADRE DE DIOS", "cut": "89715-2022", "numero_resolucion": "0184-2022", "fecha_resolucion": "2022-08-01T00:00:00", "resumen": "OTORGAR Autorización de Uso Temporal de Terreno de la ribera y faja marginal derecha del rio Madre de Dios para la siembra de cultivos, en un área de 4.60 ha, a favor de la señora PAULINA CRUZ MAMANI, identificada con DNI N° 46403572; dicha área se ubica en el sector Salvación, distrito y provincia de Manu, departamento de Madre de Dios.", "clase_resolucion": "AUTORIZACION DE USO TEMPORAL", "anio_rd": "2022", "archivo": "59-RD-0184-2022-05.pdf", "detalle_rd": "ANA-AAA.MDD", "nombre_o_razon_social": "PAULINA CRUZ MAMANI", "tipo_documento": "DNI", "numero_documento": "46403572", "departamento": "MADRE DE DIOS", "provincia": "TAMBOPATA", "distrito": "MANU", "sector": "SALVACION", "tipo_aut": "RIBERA Y FAJA MARGINAL", "area_total": 4.6, "periodo_autorizacion": "3 AÑOS", "fecha_autorizacion": null }, "geometry": { "type": "Polygon", "coordinates": [ [ [ -71.381080725035815, -12.818025716038083 ], [ -71.38038884868439, -12.81788740648236 ], [ -71.380004970883547, -12.820149820905835 ], [ -71.380344625965776, -12.821999077299891 ], [ -71.380705654743707, -12.822203631137565 ], [ -71.381492454926786, -12.818726777128321 ], [ -71.381105764059086, -12.818730278320874 ], [ -71.381080725035815, -12.818025716038083 ] ] ] } },
{ "type": "Feature", "properties": { "id_poligono_aut": 191, "zona": "19", "datum": "WGS 84 (UTM)", "area_otorgada": 0.058, "bien_asociado": "RIBERA Y FAJA MARGINAL DERECHA", "aaa": "MADRE DE DIOS", "ala": "TAHUAMANU - MADRE DE DIOS", "cut": "96494-2022", "numero_resolucion": "0185-2022", "fecha_resolucion": "2022-08-01T00:00:00", "resumen": "OTORGAR Autorización de Uso Temporal de Terreno de la ribera y faja marginal derecha de la quebrada Planchón para la siembra de cultivos, en un área de 0.0580 ha., a favor del señor EFRAÍN MONTES CUELLAR, identificado con DNI N° 40474843; dicha área se ubica en el sector Planchón, distrito de Las Piedras, provincia de Tambopata, departamento de Madre de Dios.", "clase_resolucion": "AUTORIZACION DE USO TEMPORAL", "anio_rd": "2022", "archivo": "59-RD-0185-2022-05.pdf", "detalle_rd": "ANA-AAA.MDD", "nombre_o_razon_social": "EFRAÍN MONTES CUELLAR", "tipo_documento": "DNI", "numero_documento": "40474843", "departamento": "MADRE DE DIOS", "provincia": "TAMBOPATA", "distrito": "LAS PIEDRAS", "sector": "PLANCHON", "tipo_aut": "RIBERA Y FAJA MARGINAL", "area_total": 0.058, "periodo_autorizacion": "5 AÑOS", "fecha_autorizacion": null }, "geometry": { "type": "Polygon", "coordinates": [ [ [ -69.152915703714356, -12.278476059313508 ], [ -69.152998282258608, -12.278159502053594 ], [ -69.15314539762656, -12.27813229032998 ], [ -69.153035273951573, -12.278521208426708 ], [ -69.152915703714356, -12.278476059313508 ] ] ] } },
{ "type": "Feature", "properties": { "id_poligono_aut": 192, "zona": "19", "datum": "WGS 84 (UTM)", "area_otorgada": 0.2, "bien_asociado": "FAJA MARGINAL DERECHA", "aaa": "MADRE DE DIOS", "ala": "TAHUAMANU - MADRE DE DIOS", "cut": "118155-2022", "numero_resolucion": "0219-2022", "fecha_resolucion": "2022-08-22T00:00:00", "resumen": "OTORGAR Autorización de Uso Temporal de terreno de la faja marginal derecha del rio Tono para Siembra de Cultivos, en un área de 0.20 ha., a favor del señor SATURNINO HUAMÁN CAÑARE, identificado con DNI N° 25131774; dicha área se ubica en el sector Pillcopata, distrito de Kosñipata, provincia de Paucartambo, departamento de Cusco.", "clase_resolucion": "AUTORIZACION DE USO TEMPORAL", "anio_rd": "2022", "archivo": "59-RD-0219-2022-04.pdf", "detalle_rd": "ANA-AAA.MDD", "nombre_o_razon_social": "SATURNINO HUAMÁN CAÑARE", "tipo_documento": "DNI", "numero_documento": "25131774", "departamento": "CUSCO", "provincia": "PAUCARTAMBO", "distrito": "KOSÑIPATA", "sector": "PILLCOPATA", "tipo_aut": "FAJA MARGINAL", "area_total": 0.2, "periodo_autorizacion": "2 AÑOS", "fecha_autorizacion": null }, "geometry": { "type": "Polygon", "coordinates": [ [ [ -71.406597983878385, -12.910073826734214 ], [ -71.406319346527326, -12.909832433247711 ], [ -71.406797578640436, -12.909755743876349 ], [ -71.407242343707878, -12.910031748387301 ], [ -71.406597983878385, -12.910073826734214 ] ] ] } },
{ "type": "Feature", "properties": { "id_poligono_aut": 193, "zona": "19", "datum": "WGS 84 (UTM)", "area_otorgada": 1.3, "bien_asociado": "RIBERA Y FAJA MARGINAL DERECHA", "aaa": "MADRE DE DIOS", "ala": "TAHUAMANU - MADRE DE DIOS", "cut": "104884-2022", "numero_resolucion": "0232-2022", "fecha_resolucion": "2022-09-07T00:00:00", "resumen": "OTORGAR Autorización de Uso Temporal de terreno de la ribera y faja marginal derecha del rio Madre de Dios para Siembra de Cultivos, en un área de 1.3 ha., a favor del señor LIBEATO MACHACA CHOQUEHUANCA, identificado con DNI N° 24484591; dicha área se ubica en el sector Salvación, distrito y provincia de Manu, departamento de Madre de Dios.", "clase_resolucion": "AUTORIZACION DE USO TEMPORAL", "anio_rd": "2022", "archivo": "59-RD-0232-2022-04.pdf", "detalle_rd": "ANA-AAA.MDD", "nombre_o_razon_social": "LIBEATO MACHACA CHOQUEHUANCA", "tipo_documento": "DNI", "numero_documento": "24484591", "departamento": "MADRE DE DIOS", "provincia": "MANU", "distrito": "MANU", "sector": "SALVACION", "tipo_aut": "RIBERA Y FAJA MARGINAL", "area_total": 1.3, "periodo_autorizacion": "4 AÑOS", "fecha_autorizacion": null }, "geometry": { "type": "Polygon", "coordinates": [ [ [ -71.381644264181688, -12.822140916537434 ], [ -71.380494911769418, -12.822313968264815 ], [ -71.380798543234874, -12.823269009205394 ], [ -71.381719082300037, -12.823242600316551 ], [ -71.381644264181688, -12.822140916537434 ] ] ] } },
{ "type": "Feature", "properties": { "id_poligono_aut": 194, "zona": "19", "datum": "WGS 84 (UTM)", "area_otorgada": 1.82, "bien_asociado": "FAJA MARGINAL DERECHA", "aaa": "MADRE DE DIOS", "ala": "TAHUAMANU - MADRE DE DIOS", "cut": "136122-2022", "numero_resolucion": "0234-2022", "fecha_resolucion": "2022-09-08T00:00:00", "resumen": "OTORGAR Autorización de Uso Temporal de terreno de la faja marginal derecha del rio Madre de Dios para Siembra de Cultivos, en un área de 1.82 ha., a favor de la señora DOMINGA BAÑOS YAPO, identificada con DNI N° 24471131; dicha área se ubica en el sector Salvación, distrito y provincia de Manu, departamento de Madre de Dios.", "clase_resolucion": "AUTORIZACION DE USO TEMPORAL", "anio_rd": "2022", "archivo": "59-RD-0234-2022-04.pdf", "detalle_rd": "ANA-AAA.MDD", "nombre_o_razon_social": "DOMINGA BAÑOS YAPO", "tipo_documento": "DNI", "numero_documento": "24471131", "departamento": "MADRE DE DIOS", "provincia": "MANU", "distrito": "MANU", "sector": "SALVACION", "tipo_aut": "FAJA MARGINAL", "area_total": 1.82, "periodo_autorizacion": "5 AÑOS", "fecha_autorizacion": null }, "geometry": { "type": "Polygon", "coordinates": [ [ [ -71.372335206104353, -12.853561215138674 ], [ -71.37266661829112, -12.853549182199894 ], [ -71.373602463072942, -12.853179285333862 ], [ -71.374429030550004, -12.851961011627921 ], [ -71.373991830506284, -12.851495107355904 ], [ -71.373573009070626, -12.852004900258626 ], [ -71.372335206104353, -12.853561215138674 ] ] ] } },
{ "type": "Feature", "properties": { "id_poligono_aut": 195, "zona": "19", "datum": "WGS 84 (UTM)", "area_otorgada": 7.1, "bien_asociado": "RIBERA DERECHA", "aaa": "MADRE DE DIOS", "ala": "TAHUAMANU - MADRE DE DIOS", "cut": "104868-2022", "numero_resolucion": "0235-2022", "fecha_resolucion": "2022-09-09T00:00:00", "resumen": "OTORGAR Autorización de Uso Temporal de la ribera derecha del río Madre de Dios para la siembra de cultivos, en un área de 7.1 ha, a favor de la señora YESENIA HUAMANI CONDORI, identificada con DNI N° 47363701; dicha área se ubica en el sector Boca Manu, distrito de Fitzcarrald, provincia de Manu, departamento de Madre de Dios.", "clase_resolucion": "AUTORIZACION DE USO TEMPORAL", "anio_rd": "2022", "archivo": "59-RD-0235-2022-05.pdf", "detalle_rd": "ANA-AAA.MDD", "nombre_o_razon_social": "YESENIA HUAMANI CONDOR", "tipo_documento": "DNI", "numero_documento": "47363701", "departamento": "MADRE DE DIOS", "provincia": "MANU", "distrito": "FITZCARRALD", "sector": "BOCA MANU", "tipo_aut": "RIBERA", "area_total": 7.1, "periodo_autorizacion": "2 AÑOS", "fecha_autorizacion": null }, "geometry": { "type": "Polygon", "coordinates": [ [ [ -70.912690588917485, -12.28225485645566 ], [ -70.91518146576017, -12.282264559125359 ], [ -70.916235158737734, -12.280539857345088 ], [ -70.913783916999535, -12.27965314217437 ], [ -70.912690588917485, -12.28225485645566 ] ] ] } },
{ "type": "Feature", "properties": { "id_poligono_aut": 196, "zona": "19", "datum": "WGS 84 (UTM)", "area_otorgada": 1.24, "bien_asociado": "RIBERA Y FAJA MARGINAL DERECHA", "aaa": "MADRE DE DIOS", "ala": "TAHUAMANU - MADRE DE DIOS", "cut": "104879-2022", "numero_resolucion": "0237-2022", "fecha_resolucion": "2022-09-09T00:00:00", "resumen": "OTORGAR Autorización de Uso Temporal de la ribera y faja marginal derecha del río Madre de Dios para la siembra de cultivos, en un área de 1.24 ha, a favor del señor MARIANO PURIFICACIÓN CHUNCA CCORAHUA, identificado con DNI N° 25210636; dicha área se ubica en el sector de Salvación, distrito y provincia de Manu, departamento de Madre de Dios.", "clase_resolucion": "AUTORIZACION DE USO TEMPORAL", "anio_rd": "2022", "archivo": "59-RD-0237-2022-05.pdf", "detalle_rd": "ANA-AAA.MDD", "nombre_o_razon_social": "MARIANO PURIFICACIÓN CHUNCA CCORAHUA", "tipo_documento": "DNI", "numero_documento": "25210636", "departamento": "MADRE DE DIOS", "provincia": "MANU", "distrito": "MANU", "sector": "SALVACION", "tipo_aut": "RIBERA Y FAJA MARGINAL", "area_total": 1.24, "periodo_autorizacion": "4 AÑOS", "fecha_autorizacion": null }, "geometry": { "type": "Polygon", "coordinates": [ [ [ -71.381507829210548, -12.823298728438072 ], [ -71.380789845908637, -12.823323302492364 ], [ -71.380786895657849, -12.824967836533732 ], [ -71.381356804262282, -12.824863281339983 ], [ -71.381507829210548, -12.823298728438072 ] ] ] } },
{ "type": "Feature", "properties": { "id_poligono_aut": 197, "zona": "19", "datum": "WGS 84 (UTM)", "area_otorgada": 4.12, "bien_asociado": "RIBERA DERECHA", "aaa": "MADRE DE DIOS", "ala": "TAHUAMANU - MADRE DE DIOS", "cut": "104876-2022", "numero_resolucion": "0240-2022", "fecha_resolucion": "2022-09-13T00:00:00", "resumen": "OTORGAR Autorización de Uso Temporal de terreno de la ribera derecha del rio Madre de Dios para Siembra de Cultivos, en un área de 4.12 ha., a favor del señor JOSÉ LLAVE LLAZA, identificado con DNI N° 43431495; dicha área se ubica en el sector Boca Manu, distrito de Fitzcarrald, provincia de Manu y departamento de Madre de Dios.", "clase_resolucion": "AUTORIZACION DE USO TEMPORAL", "anio_rd": "2022", "archivo": "59-RD-0240-2022-04.pdf", "detalle_rd": "ANA-AAA.MDD", "nombre_o_razon_social": "JOSÉ LLAVE LLAZA", "tipo_documento": "DNI", "numero_documento": "43431495", "departamento": "MADRE DE DIOS", "provincia": "MANU", "distrito": "FITZCARRALD", "sector": "BOCA MANU", "tipo_aut": "RIBERA", "area_total": 4.12, "periodo_autorizacion": "4 AÑOS", "fecha_autorizacion": null }, "geometry": { "type": "Polygon", "coordinates": [ [ [ -70.910068823127418, -12.274292072281421 ], [ -70.907961475411113, -12.273927135458042 ], [ -70.908391029826589, -12.272315269924601 ], [ -70.910990930496439, -12.273436012812223 ], [ -70.910068823127418, -12.274292072281421 ] ] ] } },
{ "type": "Feature", "properties": { "id_poligono_aut": 198, "zona": "19", "datum": "WGS 84 (UTM)", "area_otorgada": 1.42, "bien_asociado": "RIBERA DERECHA", "aaa": "MADRE DE DIOS", "ala": "TAHUAMANU - MADRE DE DIOS", "cut": "136126-2022", "numero_resolucion": "0241-2022", "fecha_resolucion": "2022-09-16T00:00:00", "resumen": "OTORGAR Autorización de Uso Temporal de terreno de la ribera derecha del rio Madre de Dios para Siembra de Cultivos, en un área de 1.42 ha., a favor de la señora JULIANA HUILLCA ARRIAGA, identificada con DNI N° 45643674; dicha área se ubica en el sector Salvación, distrito y provincia de Manu, departamento de Madre de Dios.", "clase_resolucion": "AUTORIZACION DE USO TEMPORAL", "anio_rd": "2022", "archivo": "59-RD-0241-2022-04.pdf", "detalle_rd": "ANA-AAA.MDD", "nombre_o_razon_social": "JULIANA HUILLCA ARRIAGA", "tipo_documento": "DNI", "numero_documento": "45643674", "departamento": "MADRE DE DIOS", "provincia": "MANU", "distrito": "MANU", "sector": "SALVACION", "tipo_aut": "RIBERA DERECHA", "area_total": 1.42, "periodo_autorizacion": "4 AÑOS", "fecha_autorizacion": null }, "geometry": { "type": "Polygon", "coordinates": [ [ [ -71.373486237219609, -12.853550803898992 ], [ -71.373846802373748, -12.853701149740964 ], [ -71.37472099096928, -12.853629987502396 ], [ -71.375354150017174, -12.85338932529659 ], [ -71.376507585085122, -12.852656018062547 ], [ -71.375706897039336, -12.852708448538516 ], [ -71.374366661050033, -12.853163334337339 ], [ -71.373486237219609, -12.853550803898992 ] ] ] } },
{ "type": "Feature", "properties": { "id_poligono_aut": 199, "zona": "19", "datum": "WGS 84 (UTM)", "area_otorgada": 2.17, "bien_asociado": "RIBERA Y FAJA MARGINALDERECHA", "aaa": "MADRE DE DIOS", "ala": "TAHUAMANU - MADRE DE DIOS", "cut": "130459-2022", "numero_resolucion": "0244-2022", "fecha_resolucion": "2022-09-20T00:00:00", "resumen": "OTORGAR Autorización de Uso Temporal de terreno de la ribera y faja marginal derecha del rio Madre de Dios para Siembra de Cultivos, en un área de 2.17 ha., a favor del señor JORGE BOCANEGRA PEREZ, identificado con DNI N° 00109172; dicha área se ubica en el sector Salvación, distrito y provincia de Manu, departamento de Madre de Dios.", "clase_resolucion": "AUTORIZACION DE USO TEMPORAL", "anio_rd": "2022", "archivo": "59-RD-0244-2022-04.pdf", "detalle_rd": "ANA-AAA.MDD", "nombre_o_razon_social": "JORGE BOCANEGRA PEREZ", "tipo_documento": "DNI", "numero_documento": "00109172", "departamento": "MADRE DE DIOS", "provincia": "MANU", "distrito": "MANU", "sector": "SALVACION", "tipo_aut": "RIBERA Y FAJA MARGINAL DERECHA", "area_total": 2.17, "periodo_autorizacion": "3.5 AÑOS", "fecha_autorizacion": null }, "geometry": { "type": "Polygon", "coordinates": [ [ [ -71.380719892877991, -12.827633990674688 ], [ -71.381402674647333, -12.827781412952852 ], [ -71.381482734409076, -12.82748250785383 ], [ -71.381643193610273, -12.826920837573903 ], [ -71.381593416912281, -12.826523715668799 ], [ -71.381501201441282, -12.825530618755931 ], [ -71.381338729933006, -12.824899588068993 ], [ -71.381008547219693, -12.825038115097721 ], [ -71.381040842796949, -12.825534788966339 ], [ -71.38082709392819, -12.826304763990324 ], [ -71.380777969521034, -12.826955783155695 ], [ -71.380745049969235, -12.827371725969559 ], [ -71.380719892877991, -12.827633990674688 ] ] ] } },
{ "type": "Feature", "properties": { "id_poligono_aut": 201, "zona": "19", "datum": "WGS 84 (UTM)", "area_otorgada": 0.72, "bien_asociado": "FAJA MARGINAL DERECHA", "aaa": "MADRE DE DIOS", "ala": "TAHUAMANU - MADRE DE DIOS", "cut": "124407-2022", "numero_resolucion": "0245-2022", "fecha_resolucion": "2022-09-20T00:00:00", "resumen": "OTORGAR Autorización de Uso Temporal de terreno de la faja marginal derecha de la quebrada Adanrayo para Siembra de Cultivos, en un área de 1.33 ha., a favor del señor NARCISO CCALLO ANCCO, identificado con DNI N° 04960958; dicha área se ubica en el sector Aguanos, distrito y provincia de Manu, departamento de Madre de Dios.", "clase_resolucion": "AUTORIZACION DE USO TEMPORAL", "anio_rd": "2022", "archivo": "59-RD-0245-2022-04.pdf", "detalle_rd": "ANA-AAA.MDD", "nombre_o_razon_social": "NARCISO CCALLO ANCCO", "tipo_documento": "DNI", "numero_documento": "04960958", "departamento": "MADRE DE DIOS", "provincia": "MANU", "distrito": "MANU", "sector": "AGUANOS", "tipo_aut": "FAJA MARGINAL DERECHA", "area_total": 1.33, "periodo_autorizacion": "3 AÑOS", "fecha_autorizacion": null }, "geometry": { "type": "Polygon", "coordinates": [ [ [ -71.37132266857823, -12.785756590906335 ], [ -71.371402652181885, -12.785448653177585 ], [ -71.371661764167101, -12.785590895692041 ], [ -71.372469926694976, -12.786360705360597 ], [ -71.372969995450262, -12.786672458346239 ], [ -71.372539094692073, -12.786866089069818 ], [ -71.371433644356685, -12.785809807685554 ], [ -71.37132266857823, -12.785756590906335 ] ] ] } },
{ "type": "Feature", "properties": { "id_poligono_aut": 200, "zona": "19", "datum": "WGS 84 (UTM)", "area_otorgada": 0.61, "bien_asociado": "FAJA MARGINAL DERECHA", "aaa": "MADRE DE DIOS", "ala": "TAHUAMANU - MADRE DE DIOS", "cut": "124407-2022", "numero_resolucion": "0245-2022", "fecha_resolucion": "2022-09-20T00:00:00", "resumen": "OTORGAR Autorización de Uso Temporal de terreno de la faja marginal derecha de la quebrada Adanrayo para Siembra de Cultivos, en un área de 1.33 ha., a favor del señor NARCISO CCALLO ANCCO, identificado con DNI N° 04960958; dicha área se ubica en el sector Aguanos, distrito y provincia de Manu, departamento de Madre de Dios.", "clase_resolucion": "AUTORIZACION DE USO TEMPORAL", "anio_rd": "2022", "archivo": "59-RD-0245-2022-04.pdf", "detalle_rd": "ANA-AAA.MDD", "nombre_o_razon_social": "NARCISO CCALLO ANCCO", "tipo_documento": "DNI", "numero_documento": "04960958", "departamento": "MADRE DE DIOS", "provincia": "MANU", "distrito": "MANU", "sector": "AGUANOS", "tipo_aut": "FAJA MARGINAL DERECHA", "area_total": 1.33, "periodo_autorizacion": "3 AÑOS", "fecha_autorizacion": null }, "geometry": { "type": "Polygon", "coordinates": [ [ [ -71.369861322611541, -12.785037828004336 ], [ -71.370033112736692, -12.784701957686259 ], [ -71.370421947429065, -12.784933393937918 ], [ -71.370949122479743, -12.785190692961315 ], [ -71.371300797998288, -12.785386318481365 ], [ -71.37122098299831, -12.785712326347461 ], [ -71.369861322611541, -12.785037828004336 ] ] ] } },
{ "type": "Feature", "properties": { "id_poligono_aut": 202, "zona": "19", "datum": "WGS 84 (UTM)", "area_otorgada": 10.0, "bien_asociado": "RIBERA DERECHA", "aaa": "MADRE DE DIOS", "ala": "TAHUAMANU - MADRE DE DIOS", "cut": "146883-2022", "numero_resolucion": "0255-2022", "fecha_resolucion": "2022-09-30T00:00:00", "resumen": "OTORGAR Autorización de Uso Temporal de la ribera derecha del río Madre de Dios para la siembra de cultivos, en un área de 10.00 ha, a favor del señor NICOLÁS DANILO YABAR HANCCO, identificado con DNI N° 25187365; dicha área se ubica en el sector de Nuevo Edén, distrito de Fitzcarrald, provincia de Manu, departamento de Madre de Dios.", "clase_resolucion": "AUTORIZACION DE USO TEMPORAL", "anio_rd": "2022", "archivo": "59-RD-0255-2022-05.pdf", "detalle_rd": "ANA-AAA.MDD", "nombre_o_razon_social": "NICOLÁS DANILO YABAR HANCCO", "tipo_documento": "DNI", "numero_documento": "25187365", "departamento": "MADRE DE DIOS", "provincia": "MANU", "distrito": "FITZCARRALD", "sector": "NUEVO EDEN", "tipo_aut": "RIBERA", "area_total": 10.0, "periodo_autorizacion": "4 AÑOS", "fecha_autorizacion": null }, "geometry": { "type": "Polygon", "coordinates": [ [ [ -71.161292446824959, -12.510656252728467 ], [ -71.160588247956255, -12.507824231464003 ], [ -71.164591042011082, -12.509138604614579 ], [ -71.164991484055591, -12.510834369855152 ], [ -71.161292446824959, -12.510656252728467 ] ] ] } },
{ "type": "Feature", "properties": { "id_poligono_aut": 203, "zona": "19", "datum": "WGS 84 (UTM)", "area_otorgada": 5.96, "bien_asociado": "FAJA MARGINAL IZQUIERDA", "aaa": "MADRE DE DIOS", "ala": "TAHUAMANU - MADRE DE DIOS", "cut": "146849-2022", "numero_resolucion": "0257-2022", "fecha_resolucion": "2022-09-30T00:00:00", "resumen": "OTORGAR Autorización de Uso Temporal de terreno de la faja marginal izquierda del rio Madre de Dios para Siembra de Cultivos, en un área de 5,96 ha., a favor de la señora NARDA SARVIA CASTAÑEDA RINCON, identificada con DNI N° 08126099; dicha área se ubica en el sector Teparo Chico, distrito y provincia de Manu, departamento de Madre de Dios.", "clase_resolucion": "AUTORIZACION DE USO TEMPORAL", "anio_rd": "2022", "archivo": "59-RD-0257-2022-04.pdf", "detalle_rd": "ANA-AAA.MDD", "nombre_o_razon_social": "NARDA SARVIA CASTAÑEDA RINCON", "tipo_documento": "DNI", "numero_documento": "08126099", "departamento": "MADRE DE DIOS", "provincia": "MANU", "distrito": "MANU", "sector": "TEPARO CHICO", "tipo_aut": "FAJA MARGINAL", "area_total": 5.96, "periodo_autorizacion": "4 AÑOS", "fecha_autorizacion": null }, "geometry": { "type": "Polygon", "coordinates": [ [ [ -71.377372722804679, -12.718855140388122 ], [ -71.378567027822939, -12.716639678458339 ], [ -71.378980728606706, -12.71461193932293 ], [ -71.379084970160832, -12.712957447195812 ], [ -71.379858704950294, -12.713022787444267 ], [ -71.379864513063538, -12.713646207051813 ], [ -71.379875736491158, -12.713862966004818 ], [ -71.379726690643992, -12.714659456779257 ], [ -71.379569367087257, -12.715555415972602 ], [ -71.379368131298591, -12.716677665118839 ], [ -71.379314427049891, -12.716840792194192 ], [ -71.378926514850335, -12.717684607036064 ], [ -71.37854620469551, -12.718356672721672 ], [ -71.378383743088989, -12.718701492691224 ], [ -71.37832260200436, -12.719054438886701 ], [ -71.377372722804679, -12.718855140388122 ] ] ] } },
{ "type": "Feature", "properties": { "id_poligono_aut": 204, "zona": "19", "datum": "WGS 84 (UTM)", "area_otorgada": 3.81, "bien_asociado": "FAJA MARGINAL DERECHA", "aaa": "MADRE DE DIOS", "ala": "TAHUAMANU - MADRE DE DIOS", "cut": "140237-2022", "numero_resolucion": "0260-2022", "fecha_resolucion": "2022-10-04T00:00:00", "resumen": "OTORGAR Autorización de Uso Temporal de terreno de la faja marginal derecha del río Madre de Dios para la siembra de cultivos, en un área de 3,81 ha, a favor de la señora ANTONIA RAMOS NINAHUANCA, identificada con DNI N° 45162201; dicha área se ubica en el sector Lagarto, distrito de Inambari, provincia de Tambopata, departamento de Madre de Dios.", "clase_resolucion": "AUTORIZACION DE USO TEMPORAL", "anio_rd": "2022", "archivo": "59-RD-0260-2022-05.pdf", "detalle_rd": "ANA-AAA.MDD", "nombre_o_razon_social": "ANTONIA RAMOS NINAHUANCA", "tipo_documento": "DNI", "numero_documento": "45162201", "departamento": "MADRE DE DIOS", "provincia": "TAMBOPATA", "distrito": "INAMBARI", "sector": "LAGARTO", "tipo_aut": "FAJA MARGINAL", "area_total": 3.81, "periodo_autorizacion": "3 AÑOS", "fecha_autorizacion": null }, "geometry": { "type": "Polygon", "coordinates": [ [ [ -69.839378927728831, -12.664717919243046 ], [ -69.838137096652105, -12.665119684153108 ], [ -69.837872238336956, -12.665789631141223 ], [ -69.837753857538829, -12.666196896858358 ], [ -69.837644655326585, -12.666595091572219 ], [ -69.837516534079228, -12.666839630670465 ], [ -69.837397975239767, -12.66719264442148 ], [ -69.8371879509819, -12.667735829345911 ], [ -69.837024322487721, -12.668387372973488 ], [ -69.838045374059973, -12.668049602277733 ], [ -69.838738597837704, -12.666021995501584 ], [ -69.838802702052092, -12.665913288663429 ], [ -69.839378927728831, -12.664717919243046 ] ] ] } }
]
}
