{
"type": "FeatureCollection",
"name": "rada_por_derecho",
"crs": { "type": "name", "properties": { "name": "urn:ogc:def:crs:OGC:1.3:CRS84" } },
"features": [
{ "type": "Feature", "properties": { "aaa": "Madre de Dios", "ala": "Tambopata - Inambari", "resolucion": "RA 0066-2002", "fecha": "22\/03\/2002", "archivo": "64-RA-0066-2002-01", "codlugarus": null, "lugaruso": "SISTEMA DE AGUA POTABLE DE MACUSANI", "uso": "Poblacional", "clase": "Autorización", "volumen": 568909.44, "area": 0.0, "modulo": 0.0, "usuario": "MUNICIPALIDAD PROVINCIAL DE CARABAYA - MACUSANI", "documento": "RUC: 20206921898", "fuentetipo": null, "fuente": "Manantial UCHUY PINAYA Nº 1", "volumenfue": null, "cur": 20020066026401000.0, "organizaci": null, "bloquecodi": null, "bloquenomb": null, "coordenada": null, "departamen": null, "provincia": "Carabaya", "distrito": "Macusani", "juntausuar": null, "comisionco": null, "fecharegis": null, "validado": "PSANTIN", "pozo": null, "codpozo": null, "numfila": 1, "datum": "PSAD 56", "zona": 19, "este": 348000, "norte": 8444000, "unidadhidr": null, "areatotal": 0.0 }, "geometry": { "type": "Point", "coordinates": [ -70.409679718621391, -14.074113721235127 ] } },
{ "type": "Feature", "properties": { "aaa": "Madre de Dios", "ala": "Tambopata - Inambari", "resolucion": "RA 0052-2003", "fecha": "19\/05\/2003", "archivo": "64-RA-0052-2003-01", "codlugarus": null, "lugaruso": "LAGUNA SUSUYA", "uso": "Acuícola", "clase": "Licencia", "volumen": 346896.0, "area": 0.0, "modulo": 0.0, "usuario": "EMPRESA PESQUERA SAN PEDRO DE CHUM S.R.LTDA.", "documento": "RUC: 20322670339", "fuentetipo": null, "fuente": "Laguna SUSUYA", "volumenfue": null, "cur": 20030052026404000.0, "organizaci": null, "bloquecodi": null, "bloquenomb": null, "coordenada": null, "departamen": null, "provincia": "Carabaya", "distrito": "Ayapata", "juntausuar": null, "comisionco": null, "fecharegis": null, "validado": "JUAN92_JS", "pozo": null, "codpozo": null, "numfila": 1, "datum": "PSAD 56", "zona": 19, "este": 358523, "norte": 8462814, "unidadhidr": null, "areatotal": 0.0 }, "geometry": { "type": "Point", "coordinates": [ -70.311276780599954, -13.904590841959873 ] } },
{ "type": "Feature", "properties": { "aaa": "Madre de Dios", "ala": "Tahuamanu - Madre de Dios", "resolucion": "RD 0152-2015", "fecha": "27\/10\/2015", "archivo": "59-RD-0152-2015-03", "codlugarus": null, "lugaruso": null, "uso": "Doméstico - Poblacional", "clase": "Licencia", "volumen": 885.0, "area": 0.0, "modulo": 0.0, "usuario": "ARMOTO CUSIHUMAN, CARLOS HUMBERTO", "documento": null, "fuentetipo": null, "fuente": "Acuífero INTERCUENCA MEDIO ALTO MADRE DE DIOS 46647", "volumenfue": null, "cur": 20150152045900000.0, "organizaci": null, "bloquecodi": null, "bloquenomb": null, "coordenada": null, "departamen": null, "provincia": "Tahuamanu", "distrito": "Tahuamanu", "juntausuar": null, "comisionco": null, "fecharegis": null, "validado": "JUAN92_JS", "pozo": null, "codpozo": null, "numfila": 1, "datum": "WGS 84 (UTM)", "zona": 19, "este": 469537, "norte": 8600399, "unidadhidr": null, "areatotal": 0.0 }, "geometry": { "type": "Point", "coordinates": [ -69.280539267474879, -12.660431931788025 ] } },
{ "type": "Feature", "properties": { "aaa": "Madre de Dios", "ala": "Tahuamanu - Madre de Dios", "resolucion": "RD 0004-2016", "fecha": "12\/01\/2016", "archivo": "59-RD-0004-2016-03.pdf", "codlugarus": null, "lugaruso": "INSTITUTO DE INVESTIGACIÓN DE LA AMAZONIA PERUANA - IIAP", "uso": "Doméstico - Poblacional", "clase": "Licencia", "volumen": 600.0, "area": 0.0, "modulo": 0.0, "usuario": "INSTITUTO DE INVESTIGACIÓN DE LA AMAZONIA PERUANA - IIAP", "documento": "RUC: 20171781648", "fuentetipo": null, "fuente": "Acuífero INTERCUENCA MEDIO ALTO MADRE DE DIOS 46647", "volumenfue": null, "cur": 2.0160004045902238e+19, "organizaci": null, "bloquecodi": null, "bloquenomb": null, "coordenada": null, "departamen": null, "provincia": "Tambopata", "distrito": "Tambopata", "juntausuar": null, "comisionco": null, "fecharegis": null, "validado": "JUAN92_JS", "pozo": null, "codpozo": null, "numfila": 1, "datum": "WGS 84 (UTM)", "zona": 19, "este": 463928, "norte": 8600316, "unidadhidr": null, "areatotal": 0.0 }, "geometry": { "type": "Point", "coordinates": [ -69.332193969880763, -12.661123041482517 ] } },
{ "type": "Feature", "properties": { "aaa": "Madre de Dios", "ala": "Tahuamanu - Madre de Dios", "resolucion": "RD 0011-2016", "fecha": "25\/01\/2016", "archivo": "59-RD-0011-2016-03.pdf", "codlugarus": null, "lugaruso": "INSTITUTO DE INVESTIGACIÓN DE LA AMAZONIA PERUANA - IIAP", "uso": "Doméstico - Poblacional", "clase": "Licencia", "volumen": 744.0, "area": 0.0, "modulo": 0.0, "usuario": "INSTITUTO DE INVESTIGACIÓN DE LA AMAZONIA PERUANA - IIAP", "documento": "RUC: 20171781648", "fuentetipo": null, "fuente": "Acuífero INTERCUENCA MEDIO ALTO MADRE DE DIOS 46647", "volumenfue": null, "cur": 2.0160011045902e+19, "organizaci": null, "bloquecodi": null, "bloquenomb": null, "coordenada": null, "departamen": null, "provincia": "Tambopata", "distrito": "Tambopata", "juntausuar": null, "comisionco": null, "fecharegis": null, "validado": "JUAN92_JS", "pozo": null, "codpozo": null, "numfila": 1, "datum": "WGS 84 (UTM)", "zona": 19, "este": 465177, "norte": 8601378, "unidadhidr": null, "areatotal": 0.0 }, "geometry": { "type": "Point", "coordinates": [ -69.320679824685371, -12.651533681733168 ] } },
{ "type": "Feature", "properties": { "aaa": "Madre de Dios", "ala": "Tahuamanu - Madre de Dios", "resolucion": "RD 0024-2016", "fecha": "28\/01\/2016", "archivo": "59-RD-0024-2016-03.pdf", "codlugarus": null, "lugaruso": "IZUYACA", "uso": "Doméstico - Poblacional", "clase": "Licencia", "volumen": 1062.0, "area": 0.0, "modulo": 0.0, "usuario": "VERONA MENDOZA, MARIA FERMANDA", "documento": "DNI: 17435450", "fuentetipo": null, "fuente": "Acuífero TAMBOPATA (46644)", "volumenfue": null, "cur": 2.0160024045902164e+19, "organizaci": null, "bloquecodi": null, "bloquenomb": null, "coordenada": null, "departamen": null, "provincia": "Tambopata", "distrito": "Tambopata", "juntausuar": null, "comisionco": null, "fecharegis": null, "validado": "JUAN92_JS", "pozo": null, "codpozo": null, "numfila": 1, "datum": "WGS 84 (UTM)", "zona": 19, "este": 479904, "norte": 8603765, "unidadhidr": null, "areatotal": 0.0 }, "geometry": { "type": "Point", "coordinates": [ -69.185046216496289, -12.6300769740277 ] } },
{ "type": "Feature", "properties": { "aaa": "Madre de Dios", "ala": "Tahuamanu - Madre de Dios", "resolucion": "RD 0025-2016", "fecha": "28\/01\/2016", "archivo": "59-RD-0025-2016-03.pdf", "codlugarus": null, "lugaruso": "IZUYAMA", "uso": "Doméstico - Poblacional", "clase": "Licencia", "volumen": 1062.0, "area": 0.0, "modulo": 0.0, "usuario": "ZAMBRANO HERRERA, K'ERENDA HOMET", "documento": "DNI: 70244363", "fuentetipo": null, "fuente": "Acuífero TAMBOPATA (46644)", "volumenfue": null, "cur": 2.0160025045902164e+19, "organizaci": null, "bloquecodi": null, "bloquenomb": null, "coordenada": null, "departamen": null, "provincia": "Tambopata", "distrito": "Tambopata", "juntausuar": null, "comisionco": null, "fecharegis": null, "validado": "JUAN92_JS", "pozo": null, "codpozo": null, "numfila": 1, "datum": "WGS 84 (UTM)", "zona": 19, "este": 479642, "norte": 8604049, "unidadhidr": null, "areatotal": 0.0 }, "geometry": { "type": "Point", "coordinates": [ -69.187456862181449, -12.627507099945904 ] } },
{ "type": "Feature", "properties": { "aaa": "Madre de Dios", "ala": "Tahuamanu - Madre de Dios", "resolucion": "RD 0027-2016", "fecha": "01\/02\/2016", "archivo": "59-RD-0027-2016-04.pdf", "codlugarus": null, "lugaruso": "BAJO TAMBOPTA", "uso": "Doméstico - Poblacional", "clase": "Licencia", "volumen": 708.0, "area": 0.0, "modulo": 0.0, "usuario": "CASTRO CUBO, ROSA  \/ CHURA DE LLANOS, PILAR", "documento": "DNI: 04804087\/DNI: 04813142", "fuentetipo": null, "fuente": "Acuífero TAMBOPATA (46644)", "volumenfue": null, "cur": 2.0160027045902164e+19, "organizaci": null, "bloquecodi": null, "bloquenomb": null, "coordenada": null, "departamen": null, "provincia": "Tambopata", "distrito": "Tambopata", "juntausuar": null, "comisionco": null, "fecharegis": null, "validado": "JUAN92_JS", "pozo": null, "codpozo": null, "numfila": 1, "datum": "WGS 84 (UTM)", "zona": 19, "este": 481313, "norte": 8602628, "unidadhidr": null, "areatotal": 0.0 }, "geometry": { "type": "Point", "coordinates": [ -69.172078907641094, -12.640367463326967 ] } },
{ "type": "Feature", "properties": { "aaa": "Madre de Dios", "ala": "Tahuamanu - Madre de Dios", "resolucion": "RD 0044-2016", "fecha": "22\/02\/2016", "archivo": "59-RD-0044-2016-03.pdf", "codlugarus": null, "lugaruso": "PUERTO MALDONADO", "uso": "Otros Usos", "clase": "Licencia", "volumen": 3188.0, "area": 0.0, "modulo": 0.0, "usuario": "INVERSIONES SURCO E HIJOS SRL", "documento": "RUC: 20527904928", "fuentetipo": null, "fuente": "Acuífero TAMBOPATA (46644)", "volumenfue": null, "cur": 2.016004404591217e+19, "organizaci": null, "bloquecodi": null, "bloquenomb": null, "coordenada": null, "departamen": null, "provincia": "Tambopata", "distrito": "Tambopata", "juntausuar": null, "comisionco": null, "fecharegis": null, "validado": "JUAN92_JS", "pozo": null, "codpozo": null, "numfila": 1, "datum": "WGS 84 (UTM)", "zona": 19, "este": 479821, "norte": 8607387, "unidadhidr": null, "areatotal": 0.0 }, "geometry": { "type": "Point", "coordinates": [ -69.185786870362634, -12.597322936839161 ] } },
{ "type": "Feature", "properties": { "aaa": "Madre de Dios", "ala": "Tahuamanu - Madre de Dios", "resolucion": "RD 0056-2016", "fecha": "23\/02\/2016", "archivo": "59-RD-0056-2016-04.pdf", "codlugarus": null, "lugaruso": "LOCALIDAD CHORRILLOS", "uso": "Doméstico - Poblacional", "clase": "Licencia", "volumen": 876.0, "area": 0.0, "modulo": 0.0, "usuario": "VALDIVIA ESTEVES, OSCAR", "documento": "DNI: 04811531", "fuentetipo": null, "fuente": "Acuífero INTERCUENCA MEDIO ALTO MADRE DE DIOS 46647", "volumenfue": null, "cur": 2.0160056045902172e+19, "organizaci": null, "bloquecodi": null, "bloquenomb": null, "coordenada": null, "departamen": null, "provincia": "Tambopata", "distrito": "Tambopata", "juntausuar": null, "comisionco": null, "fecharegis": null, "validado": "JUAN92_JS", "pozo": null, "codpozo": null, "numfila": 1, "datum": "WGS 84 (UTM)", "zona": 19, "este": 466489, "norte": 8606489, "unidadhidr": null, "areatotal": 0.0 }, "geometry": { "type": "Point", "coordinates": [ -69.308542524865359, -12.605329997919986 ] } },
{ "type": "Feature", "properties": { "aaa": "Madre de Dios", "ala": "Tahuamanu - Madre de Dios", "resolucion": "RD 0070-2016", "fecha": "03\/03\/2016", "archivo": "59-RD-0070-2016-04.pdf", "codlugarus": null, "lugaruso": null, "uso": "Doméstico - Poblacional", "clase": "Licencia", "volumen": 1800.0, "area": 0.0, "modulo": 0.0, "usuario": "RAMIREZ CRUZ, ORLANDO", "documento": "DNI: 00110057", "fuentetipo": null, "fuente": "Acuífero INTERCUENCA MEDIO MADRE DE DIOS 46645", "volumenfue": null, "cur": 2.0160070045902172e+19, "organizaci": null, "bloquecodi": null, "bloquenomb": null, "coordenada": null, "departamen": null, "provincia": "Tambopata", "distrito": "Tambopata", "juntausuar": null, "comisionco": null, "fecharegis": null, "validado": "JUAN92_JS", "pozo": null, "codpozo": null, "numfila": 1, "datum": "WGS 84 (UTM)", "zona": 19, "este": 479109, "norte": 8611136, "unidadhidr": null, "areatotal": 0.0 }, "geometry": { "type": "Point", "coordinates": [ -69.192316952257372, -12.563416272974143 ] } },
{ "type": "Feature", "properties": { "aaa": "Madre de Dios", "ala": "Tahuamanu - Madre de Dios", "resolucion": "RD 0087-2016", "fecha": "15\/03\/2016", "archivo": "59-RD-0087-2016-04.pdf", "codlugarus": null, "lugaruso": "PUERTO MALDONADO", "uso": "Otros Usos", "clase": "Licencia", "volumen": 1642.5, "area": 0.0, "modulo": 0.0, "usuario": "DELGADO GAMARRA, GRIMALDA", "documento": "DNI: 07411035", "fuentetipo": null, "fuente": "Acuífero INTERCUENCA MEDIO ALTO MADRE DE DIOS 46647", "volumenfue": null, "cur": 2.0160087045912175e+19, "organizaci": null, "bloquecodi": null, "bloquenomb": null, "coordenada": null, "departamen": null, "provincia": "Tambopata", "distrito": "Tambopata", "juntausuar": null, "comisionco": null, "fecharegis": null, "validado": "JUAN92_JS", "pozo": null, "codpozo": null, "numfila": 1, "datum": "WGS 84 (UTM)", "zona": 19, "este": 479383, "norte": 8607862, "unidadhidr": null, "areatotal": 0.0 }, "geometry": { "type": "Point", "coordinates": [ -69.18981633596097, -12.593024706855104 ] } },
{ "type": "Feature", "properties": { "aaa": "Madre de Dios", "ala": "Tahuamanu - Madre de Dios", "resolucion": "RD 0094-2016", "fecha": "04\/04\/2016", "archivo": "59-RD-0094-2016-04.pdf", "codlugarus": null, "lugaruso": "ISLAS DE LOS VALLES", "uso": "Poblacional", "clase": "Licencia", "volumen": 6856.0, "area": 0.0, "modulo": 0.0, "usuario": "JUNTA ADMINISTRADORA DE SERVICIOS DE SANEAMIENTO (JASS) ISLA DE LOS VALLES", "documento": null, "fuentetipo": null, "fuente": "Acuífero INTERCUENCA ALTO MADRE DE DIOS 46649", "volumenfue": null, "cur": 2.0160094045901103e+19, "organizaci": null, "bloquecodi": null, "bloquenomb": null, "coordenada": null, "departamen": null, "provincia": "Manu", "distrito": "Fitzcarrald", "juntausuar": null, "comisionco": null, "fecharegis": null, "validado": "JUAN92_JS", "pozo": null, "codpozo": null, "numfila": 1, "datum": "WGS 84 (UTM)", "zona": 19, "este": 292682, "norte": 8644544, "unidadhidr": null, "areatotal": 0.0 }, "geometry": { "type": "Point", "coordinates": [ -70.905948699294854, -12.254752129235325 ] } },
{ "type": "Feature", "properties": { "aaa": "Madre de Dios", "ala": "Tahuamanu - Madre de Dios", "resolucion": "RD 0154-2016", "fecha": "02\/06\/2016", "archivo": "59-RD-0154-2016-04.pdf", "codlugarus": null, "lugaruso": "EL PRADO", "uso": "Poblacional", "clase": "Licencia", "volumen": 28201.0, "area": 0.0, "modulo": 0.0, "usuario": "JUNTA ADMINISTRADORA DE SERVICIOS DE SANEAMIENTO (JASS) DEL PRADO", "documento": null, "fuentetipo": null, "fuente": "Acuífero INTERCUENCA MEDIO MADRE DE DIOS 46645", "volumenfue": null, "cur": 2.0160154045901165e+19, "organizaci": null, "bloquecodi": null, "bloquenomb": null, "coordenada": null, "departamen": null, "provincia": "Tambopata", "distrito": "Tambopata", "juntausuar": null, "comisionco": null, "fecharegis": null, "validado": "JUAN92_JS", "pozo": null, "codpozo": null, "numfila": 1, "datum": "WGS 84 (UTM)", "zona": 19, "este": 479094, "norte": 8613431, "unidadhidr": null, "areatotal": 0.0 }, "geometry": { "type": "Point", "coordinates": [ -69.192439615042403, -12.54266255507552 ] } },
{ "type": "Feature", "properties": { "aaa": "Madre de Dios", "ala": "Tahuamanu - Madre de Dios", "resolucion": "RD 0186-2016", "fecha": "11\/07\/2016", "archivo": "59-RD-0186-2016-03.pdf", "codlugarus": null, "lugaruso": "HOTEL CABAÑA QUINTA", "uso": "Otros Usos", "clase": "Licencia", "volumen": 18003.0, "area": 0.0, "modulo": 0.0, "usuario": "INVERSIONES PEREZ ALENCART S.A.C.", "documento": "RUC: 20542858410", "fuentetipo": null, "fuente": "Acuífero INTERCUENCA MEDIO MADRE DE DIOS 46645", "volumenfue": null, "cur": 2.0160186045912097e+19, "organizaci": null, "bloquecodi": null, "bloquenomb": null, "coordenada": null, "departamen": null, "provincia": "Tambopata", "distrito": "Tambopata", "juntausuar": null, "comisionco": null, "fecharegis": null, "validado": "PSANTIN", "pozo": null, "codpozo": null, "numfila": 1, "datum": "WGS 84 (UTM)", "zona": 19, "este": 480435, "norte": 8607795, "unidadhidr": null, "areatotal": 0.0 }, "geometry": { "type": "Point", "coordinates": [ -69.180131252964927, -12.593637280595692 ] } },
{ "type": "Feature", "properties": { "aaa": "Madre de Dios", "ala": "Tahuamanu - Madre de Dios", "resolucion": "RD 0189-2016", "fecha": "11\/07\/2016", "archivo": "59-RD-0189-2016-04.pdf", "codlugarus": null, "lugaruso": "TAMBOPATA INN", "uso": "Otros Usos", "clase": "Licencia", "volumen": 4730.0, "area": 0.0, "modulo": 0.0, "usuario": "HOSTAL TAMBOPATA INN S.A.C", "documento": "RUC: 20542859734", "fuentetipo": null, "fuente": "Acuífero INTERCUENCA MEDIO ALTO MADRE DE DIOS 46647", "volumenfue": null, "cur": 2.0160189045912097e+19, "organizaci": null, "bloquecodi": null, "bloquenomb": null, "coordenada": null, "departamen": null, "provincia": "Tambopata", "distrito": "Tambopata", "juntausuar": null, "comisionco": null, "fecharegis": null, "validado": "JUAN92_JS", "pozo": null, "codpozo": null, "numfila": 1, "datum": "WGS 84 (UTM)", "zona": 19, "este": 479291, "norte": 8608305, "unidadhidr": null, "areatotal": 0.0 }, "geometry": { "type": "Point", "coordinates": [ -69.190660398511611, -12.589018079283226 ] } },
{ "type": "Feature", "properties": { "aaa": "Madre de Dios", "ala": "Tahuamanu - Madre de Dios", "resolucion": "RD 0197-2016", "fecha": "03\/08\/2016", "archivo": "59-RD-0197-2016-02.pdf", "codlugarus": null, "lugaruso": "COMUNIDAD NATIVA BOCA ISIRIWE", "uso": "Poblacional", "clase": "Licencia", "volumen": 6856.0, "area": 0.0, "modulo": 0.0, "usuario": "JUNTA ADMINISTRADORA DE SERVICIOS DE SANEAMIENTO (JASS) DE LA COMUNIDAD NATIVA BOCA ISIRIWE", "documento": null, "fuentetipo": null, "fuente": "Acuífero INTERCUENCA ALTO MADRE DE DIOS 46649", "volumenfue": null, "cur": 2.0160197045901099e+19, "organizaci": null, "bloquecodi": null, "bloquenomb": null, "coordenada": null, "departamen": null, "provincia": "Manu", "distrito": "Madre De Dios", "juntausuar": null, "comisionco": null, "fecharegis": null, "validado": "JUAN92_JS", "pozo": null, "codpozo": null, "numfila": 1, "datum": "WGS 84 (UTM)", "zona": 19, "este": 326131, "norte": 8617210, "unidadhidr": null, "areatotal": 0.0 }, "geometry": { "type": "Point", "coordinates": [ -70.600036613182752, -12.503803791938129 ] } },
{ "type": "Feature", "properties": { "aaa": "Madre de Dios", "ala": "Tahuamanu - Madre de Dios", "resolucion": "RD 0212-2016", "fecha": "26\/08\/2016", "archivo": "59-RD-0212-2016-02.pdf", "codlugarus": null, "lugaruso": "SECTOR ISLA PERU EL TRIUNFO", "uso": "Doméstico - Poblacional", "clase": "Licencia", "volumen": 705.0, "area": 0.0, "modulo": 0.0, "usuario": "ZAPANA JUAREZ, RAMON", "documento": "DNI: 04808864", "fuentetipo": null, "fuente": "Acuífero INTERCUENCA MEDIO MADRE DE DIOS 46645", "volumenfue": null, "cur": 2.0160212045902107e+19, "organizaci": null, "bloquecodi": null, "bloquenomb": null, "coordenada": null, "departamen": null, "provincia": "Tambopata", "distrito": "Las Piedras", "juntausuar": null, "comisionco": null, "fecharegis": null, "validado": "JUAN92_JS", "pozo": null, "codpozo": null, "numfila": 1, "datum": "WGS 84 (UTM)", "zona": 19, "este": 481164, "norte": 8610143, "unidadhidr": null, "areatotal": 0.0 }, "geometry": { "type": "Point", "coordinates": [ -69.173405256707682, -12.57240884375187 ] } },
{ "type": "Feature", "properties": { "aaa": "Madre de Dios", "ala": "Tahuamanu - Madre de Dios", "resolucion": "RD 0215-2016", "fecha": "31\/08\/2016", "archivo": "59-RD-0215-2016-02.pdf", "codlugarus": null, "lugaruso": "VIA ROCIO", "uso": "Poblacional", "clase": "Licencia", "volumen": 10205.0, "area": 0.0, "modulo": 0.0, "usuario": "JUNTA ADMINISTRADORA DE SERVICIOS DE SANEAMIENTO (JASS) DE SAN PEDRO", "documento": null, "fuentetipo": null, "fuente": "Acuífero ORTHON 4662", "volumenfue": null, "cur": 2.0160215045901111e+19, "organizaci": null, "bloquecodi": null, "bloquenomb": null, "coordenada": null, "departamen": null, "provincia": "Tahuamanu", "distrito": "Tahuamanu", "juntausuar": null, "comisionco": null, "fecharegis": null, "validado": "JUAN92_JS", "pozo": null, "codpozo": null, "numfila": 1, "datum": "WGS 84 (UTM)", "zona": 19, "este": 480906, "norte": 8704066, "unidadhidr": null, "areatotal": 0.0 }, "geometry": { "type": "Point", "coordinates": [ -69.175223961146344, -11.723038426517133 ] } },
{ "type": "Feature", "properties": { "aaa": "Madre de Dios", "ala": "Tahuamanu - Madre de Dios", "resolucion": "RD 0227-2016", "fecha": "21\/09\/2016", "archivo": "59-RD-0227-2016-04.pdf", "codlugarus": null, "lugaruso": "EL TRIUNFO", "uso": "Doméstico - Poblacional", "clase": "Licencia", "volumen": 486.0, "area": 0.0, "modulo": 0.0, "usuario": "GARCIA CAPACYACHI, CIRO ABELARDO.", "documento": "DNI: 09593753", "fuentetipo": null, "fuente": "Acuífero INTERCUENCA MEDIO MADRE DE DIOS 46645", "volumenfue": null, "cur": 2.0160227045902111e+19, "organizaci": null, "bloquecodi": null, "bloquenomb": null, "coordenada": null, "departamen": null, "provincia": "Tambopata", "distrito": "Las Piedras", "juntausuar": null, "comisionco": null, "fecharegis": null, "validado": "JUAN92_JS", "pozo": null, "codpozo": null, "numfila": 1, "datum": "WGS 84 (UTM)", "zona": 19, "este": 482226, "norte": 8610012, "unidadhidr": null, "areatotal": 0.0 }, "geometry": { "type": "Point", "coordinates": [ -69.163629204605542, -12.573599621486178 ] } },
{ "type": "Feature", "properties": { "aaa": "Madre de Dios", "ala": "Tahuamanu - Madre de Dios", "resolucion": "RD 0233-2016", "fecha": "23\/09\/2016", "archivo": "59-RD-0233-2016-02.pdf", "codlugarus": null, "lugaruso": "PUERTO MALDONADO", "uso": "Industrial", "clase": "Licencia", "volumen": 4781.0, "area": 0.0, "modulo": 0.0, "usuario": "EL BOSQUE E.I.R.L", "documento": "RUC: 20287944528", "fuentetipo": null, "fuente": "Acuífero INTERCUENCA MEDIO MADRE DE DIOS 46645", "volumenfue": null, "cur": 2.0160233045906113e+19, "organizaci": null, "bloquecodi": null, "bloquenomb": null, "coordenada": null, "departamen": null, "provincia": "Tambopata", "distrito": "Tambopata", "juntausuar": null, "comisionco": null, "fecharegis": null, "validado": "JUAN92_JS", "pozo": null, "codpozo": null, "numfila": 1, "datum": "WGS 84 (UTM)", "zona": 19, "este": 479126, "norte": 8609822, "unidadhidr": null, "areatotal": 0.0 }, "geometry": { "type": "Point", "coordinates": [ -69.192169284525875, -12.575298835049303 ] } },
{ "type": "Feature", "properties": { "aaa": "Madre de Dios", "ala": "Tahuamanu - Madre de Dios", "resolucion": "RD 0239-2016", "fecha": "28\/09\/2016", "archivo": "59-RD-0239-2016-04.pdf", "codlugarus": null, "lugaruso": "PUESTO MALDONADO", "uso": "Otros Usos", "clase": "Licencia", "volumen": 3784.0, "area": 0.0, "modulo": 0.0, "usuario": "INVERSIONES TURISTICAS LA FLORIDA SOCIEDAD ANÓNIMA CERRADA", "documento": "RUC: 20490032348", "fuentetipo": null, "fuente": "Acuífero TAMBOPATA (46644)", "volumenfue": null, "cur": 2.0160239045912113e+19, "organizaci": null, "bloquecodi": null, "bloquenomb": null, "coordenada": null, "departamen": null, "provincia": "Tambopata", "distrito": "Tambopata", "juntausuar": null, "comisionco": null, "fecharegis": null, "validado": "JUAN92_JS", "pozo": null, "codpozo": null, "numfila": 1, "datum": "WGS 84 (UTM)", "zona": 19, "este": 479742, "norte": 8607568, "unidadhidr": null, "areatotal": 0.0 }, "geometry": { "type": "Point", "coordinates": [ -69.186513032979335, -12.595685657583859 ] } },
{ "type": "Feature", "properties": { "aaa": "Madre de Dios", "ala": "Tahuamanu - Madre de Dios", "resolucion": "RD 0249-2016", "fecha": "29\/09\/2019", "archivo": "59-RD-0249-2016-04.pdf", "codlugarus": null, "lugaruso": "FUNDO COMUNAL FAMILIA DE JESUS", "uso": "Doméstico - Poblacional", "clase": "Licencia", "volumen": 708.0, "area": 0.0, "modulo": 0.0, "usuario": "SCOTT CHAVANCCHES, PHILIP WILLIAM", "documento": "DNI: 46552184", "fuentetipo": null, "fuente": "Acuífero INTERCUENCA MEDIO BAJO MADRE DE DIOS  46643", "volumenfue": null, "cur": 2.0160249045901111e+19, "organizaci": null, "bloquecodi": null, "bloquenomb": null, "coordenada": null, "departamen": null, "provincia": "Tambopata", "distrito": "Las Piedras", "juntausuar": null, "comisionco": null, "fecharegis": null, "validado": "JUAN92_JS", "pozo": null, "codpozo": null, "numfila": 1, "datum": "WGS 84 (UTM)", "zona": 19, "este": 486445, "norte": 8678214, "unidadhidr": null, "areatotal": 0.0 }, "geometry": { "type": "Point", "coordinates": [ -69.124498916187449, -11.956856767192608 ] } },
{ "type": "Feature", "properties": { "aaa": "Madre de Dios", "ala": "Tahuamanu - Madre de Dios", "resolucion": "RD 0273-2016", "fecha": "11\/10\/2016", "archivo": "59-RD-0273-2016-04.pdf", "codlugarus": null, "lugaruso": "SECTOR ISUYAMA", "uso": "Poblacional", "clase": "Licencia", "volumen": 631.0, "area": 0.0, "modulo": 0.0, "usuario": "BALLON BALAREZO, ABNER AMID", "documento": "DNI: 42421463", "fuentetipo": null, "fuente": "Acuífero INTERCUENCA MEDIO ALTO MADRE DE DIOS 46647", "volumenfue": null, "cur": 2.0160273045901124e+19, "organizaci": null, "bloquecodi": null, "bloquenomb": null, "coordenada": null, "departamen": null, "provincia": "Tambopata", "distrito": "Tambopata", "juntausuar": null, "comisionco": null, "fecharegis": null, "validado": "JUAN92_JS", "pozo": null, "codpozo": null, "numfila": 1, "datum": "WGS 84 (UTM)", "zona": 19, "este": 479843, "norte": 8603754, "unidadhidr": null, "areatotal": 0.0 }, "geometry": { "type": "Point", "coordinates": [ -69.185607981000047, -12.630176056041201 ] } },
{ "type": "Feature", "properties": { "aaa": "Madre de Dios", "ala": "Tahuamanu - Madre de Dios", "resolucion": "RD 0277-2016", "fecha": "12\/10\/2016", "archivo": "59-RD-0277-2016-04.pdf", "codlugarus": null, "lugaruso": "LABERINTO", "uso": "Doméstico - Poblacional", "clase": "Licencia", "volumen": 561.0, "area": 0.0, "modulo": 0.0, "usuario": "MAMANI VILCA, VICTORIA", "documento": "DNI: 04820968", "fuentetipo": null, "fuente": "Acuífero INTERCUENCA MEDIO ALTO MADRE DE DIOS 46647", "volumenfue": null, "cur": 2.0160277045902123e+19, "organizaci": null, "bloquecodi": null, "bloquenomb": null, "coordenada": null, "departamen": null, "provincia": "Tambopata", "distrito": "Laberinto", "juntausuar": null, "comisionco": null, "fecharegis": null, "validado": "JUAN92_JS", "pozo": null, "codpozo": null, "numfila": 1, "datum": "WGS 84 (UTM)", "zona": 19, "este": 438428, "norte": 8589148, "unidadhidr": null, "areatotal": 0.0 }, "geometry": { "type": "Point", "coordinates": [ -69.567246000565618, -12.761712736674779 ] } },
{ "type": "Feature", "properties": { "aaa": "Madre de Dios", "ala": "Tahuamanu - Madre de Dios", "resolucion": "RD 0291-2016", "fecha": "26\/10\/2016", "archivo": "59-RD-0291-2016-02.pdf", "codlugarus": null, "lugaruso": "SECTOR CENTRO CACHUELA", "uso": "Doméstico - Poblacional", "clase": "Licencia", "volumen": 467.0, "area": 0.0, "modulo": 0.0, "usuario": "MAYTA SALCEDO, DOMINGA", "documento": "DNI: 04822922", "fuentetipo": null, "fuente": "Acuífero INTERCUENCA MEDIO ALTO MADRE DE DIOS 46647", "volumenfue": null, "cur": 2.0160291045902123e+19, "organizaci": null, "bloquecodi": null, "bloquenomb": null, "coordenada": null, "departamen": null, "provincia": "Tambopata", "distrito": "Tambopata", "juntausuar": null, "comisionco": null, "fecharegis": null, "validado": "JUAN92_JS", "pozo": null, "codpozo": null, "numfila": 1, "datum": "WGS 84 (UTM)", "zona": 19, "este": 480201, "norte": 8617761, "unidadhidr": null, "areatotal": 0.0 }, "geometry": { "type": "Point", "coordinates": [ -69.18222223707528, -12.503513488260866 ] } },
{ "type": "Feature", "properties": { "aaa": "Madre de Dios", "ala": "Tahuamanu - Madre de Dios", "resolucion": "RD 0292-2016", "fecha": "26\/10\/2016", "archivo": "59-RD-0292-2016-04.pdf", "codlugarus": null, "lugaruso": "PUERTO MALDONADO", "uso": "Doméstico - Poblacional", "clase": "Licencia", "volumen": 3469.0, "area": 0.0, "modulo": 0.0, "usuario": "PEDRAZA HUAMAN, WILMER", "documento": "DNI: 45666719", "fuentetipo": null, "fuente": "Acuífero INTERCUENCA MEDIO MADRE DE DIOS 46645", "volumenfue": null, "cur": 2.0160292045902123e+19, "organizaci": null, "bloquecodi": null, "bloquenomb": null, "coordenada": null, "departamen": null, "provincia": "Tambopata", "distrito": "Tambopata", "juntausuar": null, "comisionco": null, "fecharegis": null, "validado": "JUAN92_JS", "pozo": null, "codpozo": null, "numfila": 1, "datum": "WGS 84 (UTM)", "zona": 19, "este": 478719, "norte": 8609099, "unidadhidr": null, "areatotal": 0.0 }, "geometry": { "type": "Point", "coordinates": [ -69.19592113113498, -12.58183417558501 ] } },
{ "type": "Feature", "properties": { "aaa": "Madre de Dios", "ala": "Tahuamanu - Madre de Dios", "resolucion": "RD 0293-2016", "fecha": "26\/10\/2016", "archivo": "59-RD-0293-2016-02.pdf", "codlugarus": null, "lugaruso": "ISUYAMA", "uso": "Doméstico - Poblacional", "clase": "Licencia", "volumen": 708.0, "area": 0.0, "modulo": 0.0, "usuario": "MERLO, ANNY", "documento": "Carnet extranjería: 000359583", "fuentetipo": null, "fuente": "Acuífero INTERCUENCA ALTO MADRE DE DIOS 46649", "volumenfue": null, "cur": 2.0160293045902123e+19, "organizaci": null, "bloquecodi": null, "bloquenomb": null, "coordenada": null, "departamen": null, "provincia": "Tambopata", "distrito": "Tambopata", "juntausuar": null, "comisionco": null, "fecharegis": null, "validado": "JUAN92_JS", "pozo": null, "codpozo": null, "numfila": 1, "datum": "WGS 84 (UTM)", "zona": 19, "este": 479911, "norte": 8603820, "unidadhidr": null, "areatotal": 0.0 }, "geometry": { "type": "Point", "coordinates": [ -69.184981402437089, -12.62957965794193 ] } },
{ "type": "Feature", "properties": { "aaa": "Madre de Dios", "ala": "Tahuamanu - Madre de Dios", "resolucion": "RD 0297-2016", "fecha": "27\/10\/2016", "archivo": "59-RD-0297-2016-04.pdf", "codlugarus": null, "lugaruso": "FUNDO HUGO", "uso": "Doméstico - Poblacional", "clase": "Licencia", "volumen": 946.08, "area": 0.0, "modulo": 0.0, "usuario": "CASTILLA CONCHA, HUGO", "documento": "DNI: 23819556", "fuentetipo": null, "fuente": "Acuífero TAMBOPATA (46644)", "volumenfue": null, "cur": 2.0160297045902123e+19, "organizaci": null, "bloquecodi": null, "bloquenomb": null, "coordenada": null, "departamen": null, "provincia": "Tambopata", "distrito": "Tambopata", "juntausuar": null, "comisionco": null, "fecharegis": null, "validado": "JUAN92_JS", "pozo": null, "codpozo": null, "numfila": 1, "datum": "WGS 84 (UTM)", "zona": 19, "este": 479840, "norte": 8603805, "unidadhidr": null, "areatotal": 0.0 }, "geometry": { "type": "Point", "coordinates": [ -69.185635272558073, -12.629714847757811 ] } },
{ "type": "Feature", "properties": { "aaa": "Madre de Dios", "ala": "Tahuamanu - Madre de Dios", "resolucion": "RD 0301-2016", "fecha": "28\/10\/2016", "archivo": "59-RD-0301-2016-04.pdf", "codlugarus": null, "lugaruso": "SECTOR PLANCHON", "uso": "Doméstico - Poblacional", "clase": "Licencia", "volumen": 1320.0, "area": 0.0, "modulo": 0.0, "usuario": "FORESTAL LANDEK SOCIEDAD ANONIMA CERRADA", "documento": "RUC: 20490169050", "fuentetipo": null, "fuente": "Acuífero ORTHON 4662", "volumenfue": null, "cur": 2.0160301045902127e+19, "organizaci": null, "bloquecodi": null, "bloquenomb": null, "coordenada": null, "departamen": null, "provincia": "Tambopata", "distrito": "Las Piedras", "juntausuar": null, "comisionco": null, "fecharegis": null, "validado": "JUAN92_JS", "pozo": null, "codpozo": null, "numfila": 1, "datum": "WGS 84 (UTM)", "zona": 19, "este": 482712, "norte": 8641594, "unidadhidr": null, "areatotal": 0.0 }, "geometry": { "type": "Point", "coordinates": [ -69.158981391643721, -12.288004108006191 ] } },
{ "type": "Feature", "properties": { "aaa": "Madre de Dios", "ala": "Tahuamanu - Madre de Dios", "resolucion": "RD 0005-2017", "fecha": "17\/01\/2017", "archivo": "59-RD-0005-2017-02.pdf", "codlugarus": null, "lugaruso": "PUEBLO UNIDO", "uso": "Doméstico - Poblacional", "clase": "Licencia", "volumen": 942.0, "area": 0.0, "modulo": 0.0, "usuario": "NEGRON CARRION, NILSA", "documento": "DNI: 47550715", "fuentetipo": null, "fuente": null, "volumenfue": null, "cur": 2.0170005045902115e+19, "organizaci": null, "bloquecodi": null, "bloquenomb": null, "coordenada": null, "departamen": null, "provincia": "Manu", "distrito": "Huepetuhe", "juntausuar": null, "comisionco": null, "fecharegis": null, "validado": "JUAN92_JS", "pozo": null, "codpozo": null, "numfila": 1, "datum": "WGS 84 (UTM)", "zona": 19, "este": 334246, "norte": 8562171, "unidadhidr": null, "areatotal": 0.0 }, "geometry": { "type": "Point", "coordinates": [ -70.528359518905816, -13.001770718251386 ] } },
{ "type": "Feature", "properties": { "aaa": "Madre de Dios", "ala": "Tahuamanu - Madre de Dios", "resolucion": "RD 0029-2017", "fecha": "27\/02\/2017", "archivo": "59-RD-0029-2017-04.pdf", "codlugarus": null, "lugaruso": "IÑAPARI", "uso": "Doméstico - Poblacional", "clase": "Licencia", "volumen": 2237.0, "area": 0.0, "modulo": 0.0, "usuario": "GONZALES PEREZ, MARIA AUGUSTA", "documento": "DNI: 05060059", "fuentetipo": null, "fuente": "Acuífero ALTO ACRE", "volumenfue": null, "cur": 2.0170029045902127e+19, "organizaci": null, "bloquecodi": null, "bloquenomb": null, "coordenada": null, "departamen": null, "provincia": "Tahuamanu", "distrito": "Iñapari", "juntausuar": null, "comisionco": null, "fecharegis": null, "validado": "JUAN92_JS", "pozo": null, "codpozo": null, "numfila": 1, "datum": "WGS 84 (UTM)", "zona": 19, "este": 436901, "norte": 8790142, "unidadhidr": null, "areatotal": 0.0 }, "geometry": { "type": "Point", "coordinates": [ -69.577480084675813, -10.944091617112527 ] } },
{ "type": "Feature", "properties": { "aaa": "Madre de Dios", "ala": "Tahuamanu - Madre de Dios", "resolucion": "RD 0033-2017", "fecha": "02\/03\/2017", "archivo": "59-RD-0033-2017-03.pdf", "codlugarus": null, "lugaruso": "LOCALIDAD IÑAPARI", "uso": "Doméstico - Poblacional", "clase": "Licencia", "volumen": 933.0, "area": 0.0, "modulo": 0.0, "usuario": "CARDOZO MOUZULLY, VERONICA MARIA", "documento": "DNI: 04820832", "fuentetipo": null, "fuente": "Acuífero INTERCUENCA MEDIO ALTO MADRE DE DIOS 46647", "volumenfue": null, "cur": 2.0170033045902131e+19, "organizaci": null, "bloquecodi": null, "bloquenomb": null, "coordenada": null, "departamen": null, "provincia": "Tahuamanu", "distrito": "Iñapari", "juntausuar": null, "comisionco": null, "fecharegis": null, "validado": "JUAN92_JS", "pozo": null, "codpozo": null, "numfila": 1, "datum": "WGS 84 (UTM)", "zona": 19, "este": 436729, "norte": 8789238, "unidadhidr": null, "areatotal": 0.0 }, "geometry": { "type": "Point", "coordinates": [ -69.579070048037195, -10.952264025775765 ] } },
{ "type": "Feature", "properties": { "aaa": "Madre de Dios", "ala": "Tahuamanu - Madre de Dios", "resolucion": "RD 0034-2017", "fecha": "02\/03\/2017", "archivo": "59-RD-0034-2017-03.pdf", "codlugarus": null, "lugaruso": "IÑAPARI", "uso": "Doméstico - Poblacional", "clase": "Licencia", "volumen": 2610.0, "area": 0.0, "modulo": 0.0, "usuario": "IZAGUIRRE RIVERA, RONALD ANGEL", "documento": "DNI: 21135422", "fuentetipo": null, "fuente": "Acuífero INTERCUENCA MEDIO ALTO MADRE DE DIOS 46647", "volumenfue": null, "cur": 2.0170034045901119e+19, "organizaci": null, "bloquecodi": null, "bloquenomb": null, "coordenada": null, "departamen": null, "provincia": "Tahuamanu", "distrito": "Iñapari", "juntausuar": null, "comisionco": null, "fecharegis": null, "validado": "JUAN92_JS", "pozo": null, "codpozo": null, "numfila": 1, "datum": "WGS 84 (UTM)", "zona": 19, "este": 436860, "norte": 8790120, "unidadhidr": null, "areatotal": 0.0 }, "geometry": { "type": "Point", "coordinates": [ -69.577855687666897, -10.944289866041537 ] } },
{ "type": "Feature", "properties": { "aaa": "Madre de Dios", "ala": "Tahuamanu - Madre de Dios", "resolucion": "RA 0036-2017", "fecha": "23\/10\/2017", "archivo": "59-RA-0036-2017-01.pdf", "codlugarus": null, "lugaruso": "ASOCIACIÓN DE VIVIENDA LA NUEVA UNIÓN 15 DE OCTUBRE", "uso": "Poblacional", "clase": "Licencia", "volumen": 74837.32, "area": 0.0, "modulo": 0.0, "usuario": "JUNTA ADMINISTRADORA DE SERVICIO DE SANEAMIENTO NUEVA UNION", "documento": null, "fuentetipo": null, "fuente": null, "volumenfue": null, "cur": 2.0170036015901233e+19, "organizaci": null, "bloquecodi": null, "bloquenomb": null, "coordenada": null, "departamen": null, "provincia": "Tambopata", "distrito": "Las Piedras", "juntausuar": null, "comisionco": null, "fecharegis": null, "validado": "JUAN92_JS", "pozo": null, "codpozo": null, "numfila": 1, "datum": "WGS 84 (UTM)", "zona": 19, "este": 487385, "norte": 8657830, "unidadhidr": null, "areatotal": 0.0 }, "geometry": { "type": "Point", "coordinates": [ -69.115944376829034, -12.141199831527697 ] } },
{ "type": "Feature", "properties": { "aaa": "Madre de Dios", "ala": "Tahuamanu - Madre de Dios", "resolucion": "RD 0039-2017", "fecha": "03\/03\/2017", "archivo": "59-RD-0039-2017-03.pdf", "codlugarus": null, "lugaruso": "PUERTO MALDONADO", "uso": "Industrial", "clase": "Licencia", "volumen": 3085.0, "area": 0.0, "modulo": 0.0, "usuario": "CASTAÑAS OF SERVICE S.A.C.", "documento": "RUC: 20542821095", "fuentetipo": null, "fuente": "Acuífero TAMBOPATA (46644)", "volumenfue": null, "cur": 2.0170039045906235e+19, "organizaci": null, "bloquecodi": null, "bloquenomb": null, "coordenada": null, "departamen": null, "provincia": "Tambopata", "distrito": "Tambopata", "juntausuar": null, "comisionco": null, "fecharegis": null, "validado": "JUAN92_JS", "pozo": null, "codpozo": null, "numfila": 1, "datum": "WGS 84 (UTM)", "zona": 19, "este": 479162, "norte": 8606774, "unidadhidr": null, "areatotal": 0.0 }, "geometry": { "type": "Point", "coordinates": [ -69.191858343894893, -12.602861975663496 ] } },
{ "type": "Feature", "properties": { "aaa": "Madre de Dios", "ala": "Tahuamanu - Madre de Dios", "resolucion": "RD 0077-2017", "fecha": "30\/03\/2017", "archivo": "59-RD-0077-2017-04.pdf", "codlugarus": null, "lugaruso": "CASERIO DE MONTERREY", "uso": "Poblacional", "clase": "Licencia", "volumen": 18444.0, "area": 0.0, "modulo": 0.0, "usuario": "JUNTA ADMINISTRADORA DE SERVICIOS DE SANEAMIENTO DEL CASERIO DE MONTERREY", "documento": null, "fuentetipo": null, "fuente": "Acuífero INTERCUENCA MEDIO ALTO MADRE DE DIOS 46647", "volumenfue": null, "cur": 2.0170077045901234e+19, "organizaci": null, "bloquecodi": null, "bloquenomb": null, "coordenada": null, "departamen": null, "provincia": "Tambopata", "distrito": "Las Piedras", "juntausuar": null, "comisionco": null, "fecharegis": null, "validado": "JUAN92_JS", "pozo": null, "codpozo": null, "numfila": 1, "datum": "WGS 84 (UTM)", "zona": 19, "este": 485804, "norte": 8650525, "unidadhidr": null, "areatotal": 0.0 }, "geometry": { "type": "Point", "coordinates": [ -69.130507562730131, -12.207254307047865 ] } },
{ "type": "Feature", "properties": { "aaa": "Madre de Dios", "ala": "Tahuamanu - Madre de Dios", "resolucion": "RD 0128-2017", "fecha": "12\/06\/2017", "archivo": "59-RD-0128-2017-04.pdf", "codlugarus": null, "lugaruso": "COMUNIDAD NATIVA TRES ISLAS", "uso": "Poblacional", "clase": "Licencia", "volumen": 16729.0, "area": 0.0, "modulo": 0.0, "usuario": "JUNTA ADMINISTRADORA DE SERVICIOS DE SANEAMIENTO (JASS) TRES ISLAS", "documento": null, "fuentetipo": null, "fuente": "Acuífero TAMBOPATA (46644)", "volumenfue": null, "cur": 2.0170128045901111e+19, "organizaci": null, "bloquecodi": null, "bloquenomb": null, "coordenada": null, "departamen": null, "provincia": "Tambopata", "distrito": "Tambopata", "juntausuar": null, "comisionco": null, "fecharegis": null, "validado": "PAGUI-8", "pozo": null, "codpozo": null, "numfila": 1, "datum": "WGS 84 (UTM)", "zona": 19, "este": 459840, "norte": 8612884, "unidadhidr": null, "areatotal": 0.0 }, "geometry": { "type": "Point", "coordinates": [ -69.369677666136809, -12.547423509961231 ] } },
{ "type": "Feature", "properties": { "aaa": "Madre de Dios", "ala": "Tahuamanu - Madre de Dios", "resolucion": "RD 0147-2017", "fecha": "23\/06\/2017", "archivo": "59-RD-0147-2017-04.pdf", "codlugarus": null, "lugaruso": "CHIQUIS", "uso": "Poblacional", "clase": "Licencia", "volumen": 25492.0, "area": 0.0, "modulo": 0.0, "usuario": "JUNTA ADMINISTRADORA DE SERVICIOS DE SANEAMIENTO DEL SECTOR CHIQUIS", "documento": null, "fuentetipo": null, "fuente": "Manantial CHIQUIS", "volumenfue": null, "cur": 2.0170147045901173e+19, "organizaci": null, "bloquecodi": null, "bloquenomb": null, "coordenada": null, "departamen": null, "provincia": "Quispicanchi", "distrito": "Marcapata", "juntausuar": null, "comisionco": null, "fecharegis": null, "validado": "JUAN92_JS", "pozo": null, "codpozo": null, "numfila": 1, "datum": "WGS 84 (UTM)", "zona": 19, "este": 290370, "norte": 8492245, "unidadhidr": null, "areatotal": 0.0 }, "geometry": { "type": "Point", "coordinates": [ -70.937801221609107, -13.631017915024488 ] } },
{ "type": "Feature", "properties": { "aaa": "Madre de Dios", "ala": "Tahuamanu - Madre de Dios", "resolucion": "RD 0153-2017", "fecha": "27\/06\/2017", "archivo": "59-RD-0153-2017-04.pdf", "codlugarus": null, "lugaruso": "MINICENTRAL HIDROELECTRICA SAN FRANCISCO DE ASIS (CASA DE MAQUINAS)", "uso": "Energético", "clase": "Licencia", "volumen": 12614400.0, "area": 0.0, "modulo": 0.0, "usuario": "MUNICIPALIDAD DISTRITAL DE MARCAPATA", "documento": null, "fuentetipo": null, "fuente": "Quebrada PUYCA", "volumenfue": null, "cur": 2.0170153045905175e+19, "organizaci": null, "bloquecodi": null, "bloquenomb": null, "coordenada": null, "departamen": null, "provincia": "Quispicanchi", "distrito": "Marcapata", "juntausuar": null, "comisionco": null, "fecharegis": null, "validado": "JUAN92_JS", "pozo": null, "codpozo": null, "numfila": 1, "datum": "WGS 84 (UTM)", "zona": 19, "este": 287648, "norte": 8496840, "unidadhidr": null, "areatotal": 0.0 }, "geometry": { "type": "Point", "coordinates": [ -70.962610401352194, -13.589295732210937 ] } },
{ "type": "Feature", "properties": { "aaa": "Madre de Dios", "ala": "Tahuamanu - Madre de Dios", "resolucion": "RD 0190-2017", "fecha": "25\/07\/2017", "archivo": "59-RD-0190-2017-04.pdf", "codlugarus": null, "lugaruso": "VIVIENDA FAMILIAR - RURAL (UC N° 033398, predio Fundo Los Angeles .C.P. Alegría km 60.5 de la carretera Puerto Maldonado -Iberia)", "uso": "Doméstico - Poblacional", "clase": "Licencia", "volumen": 1416.0, "area": 0.0, "modulo": 0.0, "usuario": "VARGAS SILVANO , LIWISTON", "documento": "DNI: 40737829", "fuentetipo": null, "fuente": "Acuífero ORTHON 4662", "volumenfue": null, "cur": 2.0170190045902234e+19, "organizaci": null, "bloquecodi": null, "bloquenomb": null, "coordenada": null, "departamen": null, "provincia": "Tambopata", "distrito": "Las Piedras", "juntausuar": null, "comisionco": null, "fecharegis": null, "validado": "JUAN92_JS", "pozo": null, "codpozo": null, "numfila": 1, "datum": "WGS 84 (UTM)", "zona": 19, "este": 488238, "norte": 8662552, "unidadhidr": null, "areatotal": 0.0 }, "geometry": { "type": "Point", "coordinates": [ -69.108087280093144, -12.098500574237368 ] } },
{ "type": "Feature", "properties": { "aaa": "Madre de Dios", "ala": "Tahuamanu - Madre de Dios", "resolucion": "RD 0004-2018", "fecha": "12\/01\/2018", "archivo": "59-RD-0004-2018-02.pdf", "codlugarus": null, "lugaruso": "HOSPEDAJE ROSSY", "uso": "Otros Usos", "clase": "Licencia", "volumen": 1680.75, "area": 0.0, "modulo": 0.0, "usuario": "CALLAÑAUPA VALENZUELA, CIRILO", "documento": "DNI: 25326966", "fuentetipo": null, "fuente": "Acuífero TAMBOPATA (46644)", "volumenfue": null, "cur": 2.0180004045912187e+19, "organizaci": null, "bloquecodi": null, "bloquenomb": null, "coordenada": null, "departamen": null, "provincia": "Tambopata", "distrito": "Tambopata", "juntausuar": null, "comisionco": null, "fecharegis": null, "validado": "JUAN92_JS", "pozo": null, "codpozo": null, "numfila": 1, "datum": "WGS 84 (UTM)", "zona": 19, "este": 480593, "norte": 8607651, "unidadhidr": null, "areatotal": 0.0 }, "geometry": { "type": "Point", "coordinates": [ -69.178677483352558, -12.594940440909383 ] } },
{ "type": "Feature", "properties": { "aaa": "Madre de Dios", "ala": "Tahuamanu - Madre de Dios", "resolucion": "RD 0006-2018", "fecha": "15\/01\/2018", "archivo": "59-RD-0006-2018-03.pdf", "codlugarus": null, "lugaruso": "W-LEO", "uso": "Otros Usos", "clase": "Licencia", "volumen": 378.43, "area": 0.0, "modulo": 0.0, "usuario": "W-LEO REPRESENTACIONES SOCIEDAD COMERCIAL DE RESPONSABILIDAD LIMITADA", "documento": "RUC: 20527599602", "fuentetipo": null, "fuente": "Acuífero INTERCUENCA MEDIO MADRE DE DIOS 46645", "volumenfue": null, "cur": 2.0180006045912084e+19, "organizaci": null, "bloquecodi": null, "bloquenomb": null, "coordenada": null, "departamen": null, "provincia": "Tambopata", "distrito": "Tambopata", "juntausuar": null, "comisionco": null, "fecharegis": null, "validado": "JUAN92_JS", "pozo": null, "codpozo": null, "numfila": 1, "datum": "WGS 84 (UTM)", "zona": 19, "este": 479554, "norte": 8607723, "unidadhidr": null, "areatotal": 0.0 }, "geometry": { "type": "Point", "coordinates": [ -69.188242898046198, -12.594282788644916 ] } },
{ "type": "Feature", "properties": { "aaa": "Madre de Dios", "ala": "Tahuamanu - Madre de Dios", "resolucion": "RD 0007-2018", "fecha": "15\/01\/2018", "archivo": "59-RD-0007-2018-03.pdf", "codlugarus": null, "lugaruso": "HOSPEDAJE LOS CEDROS", "uso": "Otros Usos", "clase": "Licencia", "volumen": 2522.88, "area": 0.0, "modulo": 0.0, "usuario": "RIMACHI QUISPE, MARIA", "documento": "DNI: 25185080", "fuentetipo": null, "fuente": "Acuífero INTERCUENCA MEDIO MADRE DE DIOS 46645", "volumenfue": null, "cur": 2.0180007045912084e+19, "organizaci": null, "bloquecodi": null, "bloquenomb": null, "coordenada": null, "departamen": null, "provincia": "Tambopata", "distrito": "Tambopata", "juntausuar": null, "comisionco": null, "fecharegis": null, "validado": "JUAN92_JS", "pozo": null, "codpozo": null, "numfila": 1, "datum": "WGS 84 (UTM)", "zona": 19, "este": 478673, "norte": 8608415, "unidadhidr": null, "areatotal": 0.0 }, "geometry": { "type": "Point", "coordinates": [ -69.196349325209809, -12.588019241551029 ] } },
{ "type": "Feature", "properties": { "aaa": "Madre de Dios", "ala": "Tahuamanu - Madre de Dios", "resolucion": "RD 0008-2018", "fecha": "16\/01\/2018", "archivo": "59-RD-0008-2018-03.pdf", "codlugarus": null, "lugaruso": "LEÑA Y SAZÓN", "uso": "Otros Usos", "clase": "Licencia", "volumen": 1043.54, "area": 0.0, "modulo": 0.0, "usuario": "INVERSIONES LOBOYOC S.A.C.", "documento": "RUC: 20490385852", "fuentetipo": null, "fuente": "Acuífero TAMBOPATA (46644)", "volumenfue": null, "cur": 2.0180008045912084e+19, "organizaci": null, "bloquecodi": null, "bloquenomb": null, "coordenada": null, "departamen": null, "provincia": "Tambopata", "distrito": "Tambopata", "juntausuar": null, "comisionco": null, "fecharegis": null, "validado": "JUAN92_JS", "pozo": null, "codpozo": null, "numfila": 1, "datum": "WGS 84 (UTM)", "zona": 19, "este": 480895, "norte": 8607574, "unidadhidr": null, "areatotal": 0.0 }, "geometry": { "type": "Point", "coordinates": [ -69.175897496259338, -12.595638590800988 ] } },
{ "type": "Feature", "properties": { "aaa": "Madre de Dios", "ala": "Tahuamanu - Madre de Dios", "resolucion": "RA 0011-2018", "fecha": "21\/08\/2018", "archivo": "59-RA-0011-2018-02.pdf", "codlugarus": null, "lugaruso": "ASENTAMIENTO HUMANO 5 DE JUNIO", "uso": "Poblacional", "clase": "Licencia", "volumen": 15552.0, "area": 0.0, "modulo": 0.0, "usuario": "JUNTA ADMINISTRADORA DE SERVICIOS DE SANEAMIENTO (JASS) ASENTAMIENTO HUMANO 5 DE JUNIO", "documento": null, "fuentetipo": null, "fuente": "Quebrada NEGRO MAZA", "volumenfue": null, "cur": 2.018001101590102e+19, "organizaci": null, "bloquecodi": null, "bloquenomb": null, "coordenada": null, "departamen": null, "provincia": "Manu", "distrito": "Huepetuhe", "juntausuar": null, "comisionco": null, "fecharegis": null, "validado": "JUAN92_JS", "pozo": null, "codpozo": null, "numfila": 1, "datum": "WGS 84 (UTM)", "zona": 19, "este": 334570, "norte": 8562997, "unidadhidr": null, "areatotal": 0.0 }, "geometry": { "type": "Point", "coordinates": [ -70.525327171128254, -12.994321659667795 ] } },
{ "type": "Feature", "properties": { "aaa": "Madre de Dios", "ala": "Tahuamanu - Madre de Dios", "resolucion": "RD 0023-2018", "fecha": "25\/01\/2018", "archivo": "59-RD-0023-2018-03.pdf", "codlugarus": null, "lugaruso": "CENTRO DE DIVERSIONES COCO BUNM-CENTRO POBLADO EL TRIUNFO", "uso": "Recreativo", "clase": "Licencia", "volumen": 3468.96, "area": 0.0, "modulo": 0.0, "usuario": "QUINTANA LAUPA, MAXIMO", "documento": "DNI: 44012301", "fuentetipo": null, "fuente": "Acuífero INTERCUENCA MEDIO MADRE DE DIOS 46645", "volumenfue": null, "cur": 2.0180023045909172e+19, "organizaci": null, "bloquecodi": null, "bloquenomb": null, "coordenada": null, "departamen": null, "provincia": "Tambopata", "distrito": "Las Piedras", "juntausuar": null, "comisionco": null, "fecharegis": null, "validado": "JUAN92_JS", "pozo": null, "codpozo": null, "numfila": 1, "datum": "WGS 84 (UTM)", "zona": 19, "este": 481210, "norte": 8608751, "unidadhidr": null, "areatotal": 0.0 }, "geometry": { "type": "Point", "coordinates": [ -69.1729902057006, -12.584996922987333 ] } },
{ "type": "Feature", "properties": { "aaa": "Madre de Dios", "ala": "Tahuamanu - Madre de Dios", "resolucion": "RD 0030-2018", "fecha": "01\/02\/2018", "archivo": "59-RD-0030-2018-03.pdf", "codlugarus": null, "lugaruso": "VIVIENDA", "uso": "Doméstico - Poblacional", "clase": "Licencia", "volumen": 485.95, "area": 0.0, "modulo": 0.0, "usuario": "NOVOA TORRES, ROSA GRACIELA", "documento": "DNI: 04819098", "fuentetipo": null, "fuente": "Acuífero INTERCUENCA MEDIO MADRE DE DIOS 46645", "volumenfue": null, "cur": 2.018003004590218e+19, "organizaci": null, "bloquecodi": null, "bloquenomb": null, "coordenada": null, "departamen": null, "provincia": "Tambopata", "distrito": "Tambopata", "juntausuar": null, "comisionco": null, "fecharegis": null, "validado": "PSANTIN", "pozo": null, "codpozo": null, "numfila": 1, "datum": "WGS 84 (UTM)", "zona": 19, "este": 479245, "norte": 8611572, "unidadhidr": null, "areatotal": 0.0 }, "geometry": { "type": "Point", "coordinates": [ -69.191062066666333, -12.559474434704768 ] } },
{ "type": "Feature", "properties": { "aaa": "Madre de Dios", "ala": "Tahuamanu - Madre de Dios", "resolucion": "RA 0039-2018", "fecha": "09\/11\/2018", "archivo": "59-RA-0039-2018-02.pdf", "codlugarus": null, "lugaruso": "COMUNIDAD DE FRAY MARTIN DE PORRAS", "uso": "Poblacional", "clase": "Licencia", "volumen": 20678.0, "area": 0.0, "modulo": 0.0, "usuario": "JUNTA ADMINISTRADORA DE LOS SERVICIOS DE SANEAMIENTO - JASS C.P. FRAY MARTIN", "documento": null, "fuentetipo": null, "fuente": "Acuífero ORTHON 4662", "volumenfue": null, "cur": 2.018003901590102e+19, "organizaci": null, "bloquecodi": null, "bloquenomb": null, "coordenada": null, "departamen": null, "provincia": "Tambopata", "distrito": "Las Piedras", "juntausuar": null, "comisionco": null, "fecharegis": null, "validado": "WTICONA", "pozo": null, "codpozo": null, "numfila": 1, "datum": "WGS 84 (UTM)", "zona": 19, "este": 485528, "norte": 8669796, "unidadhidr": null, "areatotal": 0.0 }, "geometry": { "type": "Point", "coordinates": [ -69.132958579304002, -12.032979959232954 ] } },
{ "type": "Feature", "properties": { "aaa": "Madre de Dios", "ala": "Tahuamanu - Madre de Dios", "resolucion": "RD 0040-2018", "fecha": "08\/02\/2018", "archivo": "59-RD-0040-2018-03.pdf", "codlugarus": null, "lugaruso": "ESTACIÓN DE SERVICIOS ROSYND", "uso": "Otros Usos", "clase": "Licencia", "volumen": 584.0, "area": 0.0, "modulo": 0.0, "usuario": "ESTACION DE SERVICIOS ROSYND SOCIEDAD ANONIMA CERRADA", "documento": "RUC: 20491234424", "fuentetipo": null, "fuente": "Acuífero TAMBOPATA (46644)", "volumenfue": null, "cur": 2.0180040045912093e+19, "organizaci": null, "bloquecodi": null, "bloquenomb": null, "coordenada": null, "departamen": null, "provincia": "Tambopata", "distrito": "Tambopata", "juntausuar": null, "comisionco": null, "fecharegis": null, "validado": "JUAN92_JS", "pozo": null, "codpozo": null, "numfila": 1, "datum": "WGS 84 (UTM)", "zona": 19, "este": 477562, "norte": 8609101, "unidadhidr": null, "areatotal": 0.0 }, "geometry": { "type": "Point", "coordinates": [ -69.206572859571608, -12.58180808440634 ] } },
{ "type": "Feature", "properties": { "aaa": "Madre de Dios", "ala": "Tahuamanu - Madre de Dios", "resolucion": "RD 0041-2018", "fecha": "08\/02\/2018", "archivo": "59-RD-0041-2018-03.pdf", "codlugarus": null, "lugaruso": "ALBERGE TURISTICO ANACONDA LODGE", "uso": "Otros Usos", "clase": "Licencia", "volumen": 3256.76, "area": 0.0, "modulo": 0.0, "usuario": "TRAERIS GINDRAT, DONALD MARCEL", "documento": "DNI: 06529421", "fuentetipo": null, "fuente": "Acuífero TAMBOPATA (46644)", "volumenfue": null, "cur": 2.0180041045912093e+19, "organizaci": null, "bloquecodi": null, "bloquenomb": null, "coordenada": null, "departamen": null, "provincia": "Tambopata", "distrito": "Tambopata", "juntausuar": null, "comisionco": null, "fecharegis": null, "validado": "JUAN92_JS", "pozo": null, "codpozo": null, "numfila": 1, "datum": "WGS 84 (UTM)", "zona": 19, "este": 476295, "norte": 8607188, "unidadhidr": null, "areatotal": 0.0 }, "geometry": { "type": "Point", "coordinates": [ -69.218251914817571, -12.599097959547777 ] } },
{ "type": "Feature", "properties": { "aaa": "Madre de Dios", "ala": "Tahuamanu - Madre de Dios", "resolucion": "RD 0042-2018", "fecha": "08\/02\/2018", "archivo": "59-RD-0042-2018-03.pdf", "codlugarus": null, "lugaruso": "PREDIO FUNDO EL ARROYO-PUERTO MALDONADO", "uso": "Agrario", "clase": "Licencia", "volumen": 985.0, "area": 0.08, "modulo": 12312.5, "usuario": "SOLORIO OLIVERA, ANGEL ALBERTO", "documento": "DNI: 48098122", "fuentetipo": null, "fuente": "Acuífero TAMBOPATA (46644)", "volumenfue": null, "cur": 2.0180042045903213e+19, "organizaci": null, "bloquecodi": null, "bloquenomb": null, "coordenada": null, "departamen": null, "provincia": "Tambopata", "distrito": "Tambopata", "juntausuar": null, "comisionco": null, "fecharegis": null, "validado": "JUAN92_JS", "pozo": null, "codpozo": null, "numfila": 1, "datum": "WGS 84 (UTM)", "zona": 19, "este": 478210, "norte": 8607090, "unidadhidr": null, "areatotal": 0.0 }, "geometry": { "type": "Point", "coordinates": [ -69.200621279877794, -12.599997974890092 ] } },
{ "type": "Feature", "properties": { "aaa": "Madre de Dios", "ala": "Tahuamanu - Madre de Dios", "resolucion": "RD 0044-2018", "fecha": "08\/02\/2018", "archivo": "59-RD-0044-2018-03.pdf", "codlugarus": null, "lugaruso": "PRIMAVERA", "uso": "Doméstico - Poblacional", "clase": "Licencia", "volumen": 1239.2, "area": 0.0, "modulo": 0.0, "usuario": "FERNANDEZ ABARCA, AURA LUZ", "documento": "DNI: 45654689", "fuentetipo": null, "fuente": "Acuífero ALTO ACRE", "volumenfue": null, "cur": 2.0180044045902143e+19, "organizaci": null, "bloquecodi": null, "bloquenomb": null, "coordenada": null, "departamen": null, "provincia": "Tahuamanu", "distrito": "Iñapari", "juntausuar": null, "comisionco": null, "fecharegis": null, "validado": "JUAN92_JS", "pozo": null, "codpozo": null, "numfila": 1, "datum": "WGS 84 (UTM)", "zona": 19, "este": 437568, "norte": 8775561, "unidadhidr": null, "areatotal": 0.0 }, "geometry": { "type": "Point", "coordinates": [ -69.571630197009227, -11.075967065448561 ] } },
{ "type": "Feature", "properties": { "aaa": "Madre de Dios", "ala": "Tahuamanu - Madre de Dios", "resolucion": "RD 0055-2018", "fecha": "14\/02\/2018", "archivo": "59-RD-0055-2018-03.pdf", "codlugarus": null, "lugaruso": "01 ESTANQUE HUILLCA", "uso": "Acuícola", "clase": "Licencia", "volumen": 78360.65, "area": 0.0, "modulo": 0.0, "usuario": "HUILLCA CORRALES, LUCIO", "documento": "DNI: 41052776", "fuentetipo": null, "fuente": "Manantial SIN NOMBRE", "volumenfue": null, "cur": 2.0180055045904151e+19, "organizaci": null, "bloquecodi": null, "bloquenomb": null, "coordenada": null, "departamen": null, "provincia": "Tahuamanu", "distrito": "Tahuamanu", "juntausuar": null, "comisionco": null, "fecharegis": null, "validado": "JUAN92_JS", "pozo": null, "codpozo": null, "numfila": 1, "datum": "WGS 84 (UTM)", "zona": 19, "este": 483200, "norte": 8685880, "unidadhidr": null, "areatotal": 0.0 }, "geometry": { "type": "Point", "coordinates": [ -69.154264110470507, -11.88751524129192 ] } },
{ "type": "Feature", "properties": { "aaa": "Madre de Dios", "ala": "Tahuamanu - Madre de Dios", "resolucion": "RD 0056-2018", "fecha": "15\/02\/2018", "archivo": "59-RD-0056-2018-03.pdf", "codlugarus": null, "lugaruso": "HOSPEDAJE TECSI", "uso": "Otros Usos", "clase": "Licencia", "volumen": 2044.0, "area": 0.0, "modulo": 0.0, "usuario": "OASIS DE JUAN TECSI S.A.C.", "documento": "RUC: 220602019021", "fuentetipo": null, "fuente": "Acuífero TAMBOPATA (46644)", "volumenfue": null, "cur": 2.0180056045912093e+19, "organizaci": null, "bloquecodi": null, "bloquenomb": null, "coordenada": null, "departamen": null, "provincia": "Tambopata", "distrito": "Tambopata", "juntausuar": null, "comisionco": null, "fecharegis": null, "validado": "JUAN92_JS", "pozo": null, "codpozo": null, "numfila": 1, "datum": "WGS 84 (UTM)", "zona": 19, "este": 480098, "norte": 8607678, "unidadhidr": null, "areatotal": 0.0 }, "geometry": { "type": "Point", "coordinates": [ -69.183234688293197, -12.594693198573177 ] } },
{ "type": "Feature", "properties": { "aaa": "Madre de Dios", "ala": "Tahuamanu - Madre de Dios", "resolucion": "RD 0058-2018", "fecha": "20\/02\/2018", "archivo": "59-RD-0058-2018-03.pdf", "codlugarus": null, "lugaruso": "ESTANQUE-LOCALIDAD BAMBERME", "uso": "Acuícola", "clase": "Licencia", "volumen": 62147.52, "area": 0.0, "modulo": 0.0, "usuario": "CCOYORI AYMA, NICOLASA", "documento": "DNI: 24577705", "fuentetipo": null, "fuente": "Quebrada BAMBERME", "volumenfue": null, "cur": 2.0180058045904155e+19, "organizaci": null, "bloquecodi": null, "bloquenomb": null, "coordenada": null, "departamen": null, "provincia": "Manu", "distrito": "Huepetuhe", "juntausuar": null, "comisionco": null, "fecharegis": null, "validado": "JUAN92_JS", "pozo": null, "codpozo": null, "numfila": 1, "datum": "WGS 84 (UTM)", "zona": 19, "este": 319618, "norte": 8559517, "unidadhidr": null, "areatotal": 0.0 }, "geometry": { "type": "Point", "coordinates": [ -70.663360732504401, -13.024931164107239 ] } },
{ "type": "Feature", "properties": { "aaa": "Madre de Dios", "ala": "Tahuamanu - Madre de Dios", "resolucion": "RD 0059-2018", "fecha": "20\/02\/2018", "archivo": "59-RD-0059-2018-03.pdf", "codlugarus": null, "lugaruso": "SERVICENTRO CARIBE", "uso": "Otros Usos", "clase": "Licencia", "volumen": 419.75, "area": 0.0, "modulo": 0.0, "usuario": "SERVICENTRO CARIBE S.A.C.", "documento": "RUC: 20450698939", "fuentetipo": null, "fuente": "Acuífero INTERCUENCA MEDIO MADRE DE DIOS 46645", "volumenfue": null, "cur": 2.0180059045912093e+19, "organizaci": null, "bloquecodi": null, "bloquenomb": null, "coordenada": null, "departamen": null, "provincia": "Tambopata", "distrito": "Tambopata", "juntausuar": null, "comisionco": null, "fecharegis": null, "validado": "JUAN92_JS", "pozo": null, "codpozo": null, "numfila": 1, "datum": "WGS 84 (UTM)", "zona": 19, "este": 478647, "norte": 8609119, "unidadhidr": null, "areatotal": 0.0 }, "geometry": { "type": "Point", "coordinates": [ -69.196583850679716, -12.581652830787458 ] } },
{ "type": "Feature", "properties": { "aaa": "Madre de Dios", "ala": "Tahuamanu - Madre de Dios", "resolucion": "RD 0061-2018", "fecha": "21\/02\/2018", "archivo": "59-RD-0061-2018-03.pdf", "codlugarus": null, "lugaruso": "LOCAL AGUA DE MESA-IBERIA", "uso": "Industrial", "clase": "Licencia", "volumen": 5037.0, "area": 0.0, "modulo": 0.0, "usuario": "BERRIOS JIMENEZ, JUAN FERDINAND", "documento": "DNI: 23994172", "fuentetipo": null, "fuente": "Acuífero ORTHON 4662", "volumenfue": null, "cur": 2.0180061045906194e+19, "organizaci": null, "bloquecodi": null, "bloquenomb": null, "coordenada": null, "departamen": null, "provincia": "Tahuamanu", "distrito": "Iberia", "juntausuar": null, "comisionco": null, "fecharegis": null, "validado": "JUAN92_JS", "pozo": null, "codpozo": null, "numfila": 1, "datum": "WGS 84 (UTM)", "zona": 19, "este": 446479, "norte": 8738924, "unidadhidr": null, "areatotal": 0.0 }, "geometry": { "type": "Point", "coordinates": [ -69.490602890776103, -11.407438230056009 ] } },
{ "type": "Feature", "properties": { "aaa": "Madre de Dios", "ala": "Tahuamanu - Madre de Dios", "resolucion": "RD 0067-2018", "fecha": "02\/03\/2018", "archivo": "59-RD-0067-2018-03.pdf", "codlugarus": null, "lugaruso": "BARRIO 28 DE JULIO-LA NOVIA", "uso": "Poblacional", "clase": "Licencia", "volumen": 12151.0, "area": 0.0, "modulo": 0.0, "usuario": "JUNTA ADMINISTRADORA DE SERVICIOS DE SANEAMIENTO (JASS) DEL BARRIO 28 DE JULIO-LA NOVIA", "documento": null, "fuentetipo": null, "fuente": "Acuífero ORTHON 4662", "volumenfue": null, "cur": 2.0180067045901111e+19, "organizaci": null, "bloquecodi": null, "bloquenomb": null, "coordenada": null, "departamen": null, "provincia": "Tahuamanu", "distrito": "Tahuamanu", "juntausuar": null, "comisionco": null, "fecharegis": null, "validado": "JUAN92_JS", "pozo": null, "codpozo": null, "numfila": 1, "datum": "WGS 84 (UTM)", "zona": 19, "este": 485363, "norte": 8687929, "unidadhidr": null, "areatotal": 0.0 }, "geometry": { "type": "Point", "coordinates": [ -69.134393563455603, -11.86899538331841 ] } },
{ "type": "Feature", "properties": { "aaa": "Madre de Dios", "ala": "Tahuamanu - Madre de Dios", "resolucion": "RD 0088-2018", "fecha": "16\/03\/2018", "archivo": "59-RD-0088-2018-03.pdf", "codlugarus": null, "lugaruso": "HOSPEDAJE GOLDEN INN", "uso": "Otros Usos", "clase": "Licencia", "volumen": 237.25, "area": 0.0, "modulo": 0.0, "usuario": "GOLDEN INVERSIONES MDD E.I.R.L.", "documento": "RUC: 20600264703", "fuentetipo": null, "fuente": "Acuífero TAMBOPATA (46644)", "volumenfue": null, "cur": 2.0180088045912093e+19, "organizaci": null, "bloquecodi": null, "bloquenomb": null, "coordenada": null, "departamen": null, "provincia": "Tambopata", "distrito": "Tambopata", "juntausuar": null, "comisionco": null, "fecharegis": null, "validado": "JUAN92_JS", "pozo": null, "codpozo": null, "numfila": 1, "datum": "WGS 84 (UTM)", "zona": 19, "este": 480659, "norte": 8607595, "unidadhidr": null, "areatotal": 0.0 }, "geometry": { "type": "Point", "coordinates": [ -69.178070182242195, -12.595447251284419 ] } },
{ "type": "Feature", "properties": { "aaa": "Madre de Dios", "ala": "Tahuamanu - Madre de Dios", "resolucion": "RD 0104-2018", "fecha": "09\/04\/2018", "archivo": "59-RD-0104-2018-03.pdf", "codlugarus": null, "lugaruso": "HOSPEDAJE PUERTO CANDELA JR. 28 DE JULIO 854-PUERTO MALDONADO", "uso": "Otros Usos", "clase": "Licencia", "volumen": 1839.6, "area": 0.0, "modulo": 0.0, "usuario": "HOSPEDAJE PUERTO CANDELA EMPRESA INDIVIDUAL DE RESPONSABILIDAD LIMITADA", "documento": "RUC: 20602600662", "fuentetipo": null, "fuente": "Acuífero INTERCUENCA MEDIO MADRE DE DIOS 46645", "volumenfue": null, "cur": 2.0180104045912109e+19, "organizaci": null, "bloquecodi": null, "bloquenomb": null, "coordenada": null, "departamen": null, "provincia": "Tambopata", "distrito": "Tambopata", "juntausuar": null, "comisionco": null, "fecharegis": null, "validado": "JUAN92_JS", "pozo": null, "codpozo": null, "numfila": 1, "datum": "WGS 84 (UTM)", "zona": 19, "este": 479325, "norte": 8608421, "unidadhidr": null, "areatotal": 0.0 }, "geometry": { "type": "Point", "coordinates": [ -69.19034660054335, -12.587969320081953 ] } },
{ "type": "Feature", "properties": { "aaa": "Madre de Dios", "ala": "Tahuamanu - Madre de Dios", "resolucion": "RD 0113-2018", "fecha": "26\/04\/2018", "archivo": "59-RD-0113-2018-03.pdf", "codlugarus": null, "lugaruso": "ASENTAMIENTO HUMANO RURAL SETAPO", "uso": "Poblacional", "clase": "Licencia", "volumen": 16083.36, "area": 0.0, "modulo": 0.0, "usuario": "JUNTA ADMINISTRADORA DE SERVICIOS DE SANEAMIENTO (JASS) DEL ASENTAMIENTO HUMANO RURAL SETAPO", "documento": null, "fuentetipo": null, "fuente": "Acuífero INTERCUENCA ALTO MADRE DE DIOS 46649", "volumenfue": null, "cur": 2.0180113045901111e+19, "organizaci": null, "bloquecodi": null, "bloquenomb": null, "coordenada": null, "departamen": null, "provincia": "Manu", "distrito": "Madre De Dios", "juntausuar": null, "comisionco": null, "fecharegis": null, "validado": "JUAN92_JS", "pozo": null, "codpozo": null, "numfila": 1, "datum": "WGS 84 (UTM)", "zona": 19, "este": 321388, "norte": 8565788, "unidadhidr": null, "areatotal": 0.0 }, "geometry": { "type": "Point", "coordinates": [ -70.646670007733505, -12.968352032984024 ] } },
{ "type": "Feature", "properties": { "aaa": "Madre de Dios", "ala": "Tahuamanu - Madre de Dios", "resolucion": "RD 0132-2018", "fecha": "28\/05\/2018", "archivo": "59-RD-0132-2018-03.pdf", "codlugarus": null, "lugaruso": "POZAS 1 Y 2-CARR. SALVACIÓN-CUSCO", "uso": "Acuícola", "clase": "Licencia", "volumen": 82845.5, "area": 0.0, "modulo": 0.0, "usuario": "PACORI CUTIPA, ROSA", "documento": "DNI: 04961062", "fuentetipo": null, "fuente": "Quebrada ROSA", "volumenfue": null, "cur": 2.0180132045904134e+19, "organizaci": null, "bloquecodi": null, "bloquenomb": null, "coordenada": null, "departamen": null, "provincia": "Manu", "distrito": "Manu", "juntausuar": null, "comisionco": null, "fecharegis": null, "validado": "JUAN92_JS", "pozo": null, "codpozo": null, "numfila": 1, "datum": "WGS 84 (UTM)", "zona": 19, "este": 243410, "norte": 8577984, "unidadhidr": null, "areatotal": 0.0 }, "geometry": { "type": "Point", "coordinates": [ -71.364167196591723, -12.852622937228222 ] } },
{ "type": "Feature", "properties": { "aaa": "Madre de Dios", "ala": "Tahuamanu - Madre de Dios", "resolucion": "RD 0133-2018", "fecha": "29\/05\/2018", "archivo": "59-RD-0133-2018-03.pdf", "codlugarus": null, "lugaruso": "CASA", "uso": "Doméstico - Poblacional", "clase": "Licencia", "volumen": 885.15, "area": 0.0, "modulo": 0.0, "usuario": "JIMENEZ DORADO, FLAVIO", "documento": "DNI: 04827985", "fuentetipo": null, "fuente": "Acuífero INTERCUENCA MEDIO MADRE DE DIOS 46645", "volumenfue": null, "cur": 2.0180133045902156e+19, "organizaci": null, "bloquecodi": null, "bloquenomb": null, "coordenada": null, "departamen": null, "provincia": "Tambopata", "distrito": "Las Piedras", "juntausuar": null, "comisionco": null, "fecharegis": null, "validado": "JUAN92_JS", "pozo": null, "codpozo": null, "numfila": 1, "datum": "WGS 84 (UTM)", "zona": 19, "este": 484556, "norte": 8619417, "unidadhidr": null, "areatotal": 0.0 }, "geometry": { "type": "Point", "coordinates": [ -69.142132441816159, -12.488562360548112 ] } },
{ "type": "Feature", "properties": { "aaa": "Madre de Dios", "ala": "Tahuamanu - Madre de Dios", "resolucion": "RD 0135-2018", "fecha": "30\/05\/2018", "archivo": "59-RD-0135-2018-03.pdf", "codlugarus": null, "lugaruso": "ESTANQUE-CARR. SALVACIÓN-CUSCO KM 4", "uso": "Acuícola", "clase": "Licencia", "volumen": 43200.0, "area": 0.0, "modulo": 0.0, "usuario": "OCHOA LOPEZ, REYNALDO", "documento": "DNI: 04960363", "fuentetipo": null, "fuente": "Quebrada REYNALDO", "volumenfue": null, "cur": 2.018013504590413e+19, "organizaci": null, "bloquecodi": null, "bloquenomb": null, "coordenada": null, "departamen": null, "provincia": "Manu", "distrito": "Manu", "juntausuar": null, "comisionco": null, "fecharegis": null, "validado": "JUAN92_JS", "pozo": null, "codpozo": null, "numfila": 1, "datum": "WGS 84 (UTM)", "zona": 19, "este": 243567, "norte": 8577293, "unidadhidr": null, "areatotal": 0.0 }, "geometry": { "type": "Point", "coordinates": [ -71.362779913035297, -12.858879202301685 ] } },
{ "type": "Feature", "properties": { "aaa": "Madre de Dios", "ala": "Tahuamanu - Madre de Dios", "resolucion": "RD 0139-2018", "fecha": "31\/05\/2018", "archivo": "59-RD-0139-2018-03.pdf", "codlugarus": null, "lugaruso": "HOSPEDAJE TAMBO", "uso": "Otros Usos", "clase": "Licencia", "volumen": 3153.6, "area": 0.0, "modulo": 0.0, "usuario": "CALLAÑAUPA VALENZUELA, ROBERTO", "documento": "DNI: 25326830", "fuentetipo": null, "fuente": "Acuífero INTERCUENCA MEDIO ALTO MADRE DE DIOS 46647", "volumenfue": null, "cur": 2.0180139045912113e+19, "organizaci": null, "bloquecodi": null, "bloquenomb": null, "coordenada": null, "departamen": null, "provincia": "Tambopata", "distrito": "Tambopata", "juntausuar": null, "comisionco": null, "fecharegis": null, "validado": "JUAN92_JS", "pozo": null, "codpozo": null, "numfila": 1, "datum": "WGS 84 (UTM)", "zona": 19, "este": 477952, "norte": 8608752, "unidadhidr": null, "areatotal": 0.0 }, "geometry": { "type": "Point", "coordinates": [ -69.202984865406989, -12.584966817943952 ] } },
{ "type": "Feature", "properties": { "aaa": "Madre de Dios", "ala": "Tahuamanu - Madre de Dios", "resolucion": "RD 0148-2018", "fecha": "15\/06\/2018", "archivo": "59-RD-0148-2018-04.pdf", "codlugarus": null, "lugaruso": "BLOQUETERIA JR. NICOLAS DE PIEROLA N° 173-PUERTO MALDONADO", "uso": "Industrial", "clase": "Licencia", "volumen": 367.93, "area": 0.0, "modulo": 0.0, "usuario": "ARANYA CUSIHUAMAN, LEONCIO", "documento": "DNI: 23828718", "fuentetipo": null, "fuente": "Acuífero TAMBOPATA (46644)", "volumenfue": null, "cur": 2.0180148045906194e+19, "organizaci": null, "bloquecodi": null, "bloquenomb": null, "coordenada": null, "departamen": null, "provincia": "Tambopata", "distrito": "Tambopata", "juntausuar": null, "comisionco": null, "fecharegis": null, "validado": "JUAN92_JS", "pozo": null, "codpozo": null, "numfila": 1, "datum": "WGS 84 (UTM)", "zona": 19, "este": 478650, "norte": 8607412, "unidadhidr": null, "areatotal": 0.0 }, "geometry": { "type": "Point", "coordinates": [ -69.196567983162467, -12.597089157283206 ] } },
{ "type": "Feature", "properties": { "aaa": "Madre de Dios", "ala": "Tahuamanu - Madre de Dios", "resolucion": "RD 0149-2018", "fecha": "19\/06\/2018", "archivo": "59-RD-0149-2018-03.pdf", "codlugarus": null, "lugaruso": "LOCAL IBERIAGUA (AV. JOSE ALDAMIZ S\/N-IBERIA)", "uso": "Industrial", "clase": "Licencia", "volumen": 6424.0, "area": 0.0, "modulo": 0.0, "usuario": "HERMOZA SOVRINO, CELIA VANESSA", "documento": "DNI: 43435074", "fuentetipo": null, "fuente": "Acuífero ORTHON 4662", "volumenfue": null, "cur": 2.0180149045906203e+19, "organizaci": null, "bloquecodi": null, "bloquenomb": null, "coordenada": null, "departamen": null, "provincia": "Tahuamanu", "distrito": "Iberia", "juntausuar": null, "comisionco": null, "fecharegis": null, "validado": "JUAN92_JS", "pozo": null, "codpozo": null, "numfila": 1, "datum": "WGS 84 (UTM)", "zona": 19, "este": 446510, "norte": 8738965, "unidadhidr": null, "areatotal": 0.0 }, "geometry": { "type": "Point", "coordinates": [ -69.490318098890768, -11.407067924209001 ] } },
{ "type": "Feature", "properties": { "aaa": "Madre de Dios", "ala": "Tahuamanu - Madre de Dios", "resolucion": "RD 0155-2018", "fecha": "26\/06\/2018", "archivo": "59-RD-0155-2018-03.pdf", "codlugarus": null, "lugaruso": "PLANTA DE TRANSFORMACIÓN PRIMARIA DE PRODUCTOS FORESTALES MADERABLES", "uso": "Otros Usos", "clase": "Licencia", "volumen": 8976.5, "area": 0.0, "modulo": 0.0, "usuario": "FORESTAL OTORONGO SOCIEDAD ANONIMA CERRADA", "documento": "RUC: 20484479616", "fuentetipo": null, "fuente": "Acuífero INTERCUENCA MEDIO MADRE DE DIOS 46645", "volumenfue": null, "cur": 2.0180155045912113e+19, "organizaci": null, "bloquecodi": null, "bloquenomb": null, "coordenada": null, "departamen": null, "provincia": "Tambopata", "distrito": "Tambopata", "juntausuar": null, "comisionco": null, "fecharegis": null, "validado": "JUAN92_JS", "pozo": null, "codpozo": null, "numfila": 1, "datum": "WGS 84 (UTM)", "zona": 19, "este": 479358, "norte": 8611150, "unidadhidr": null, "areatotal": 0.0 }, "geometry": { "type": "Point", "coordinates": [ -69.190024640860187, -12.563291305675845 ] } },
{ "type": "Feature", "properties": { "aaa": "Madre de Dios", "ala": "Tahuamanu - Madre de Dios", "resolucion": "RD 0164-2018", "fecha": "27\/06\/2018", "archivo": "59-RD-0164-2018-04.pdf", "codlugarus": null, "lugaruso": "RESERVA ECOLÓGICA TARICAYA", "uso": "Otros Usos", "clase": "Licencia", "volumen": 2190.0, "area": 0.0, "modulo": 0.0, "usuario": "ROSEMBERG FORT, FERNANDO MIGUEL", "documento": "DNI: 04811708", "fuentetipo": null, "fuente": "Quebrada SANDOVAL", "volumenfue": null, "cur": 2.0180164045912195e+19, "organizaci": null, "bloquecodi": null, "bloquenomb": null, "coordenada": null, "departamen": null, "provincia": "Tambopata", "distrito": "Tambopata", "juntausuar": null, "comisionco": null, "fecharegis": null, "validado": "JUAN92_JS", "pozo": null, "codpozo": null, "numfila": 1, "datum": "WGS 84 (UTM)", "zona": 19, "este": 502192, "norte": 8616043, "unidadhidr": null, "areatotal": 0.0 }, "geometry": { "type": "Point", "coordinates": [ -68.979824449466065, -12.519110332850628 ] } },
{ "type": "Feature", "properties": { "aaa": "Madre de Dios", "ala": "Tahuamanu - Madre de Dios", "resolucion": "RD 0170-2018", "fecha": "02\/07\/2018", "archivo": "59-RD-0170-2018-03.pdf", "codlugarus": null, "lugaruso": "ALBERGUE TURÍSTICO INKATERRA HACIENDA CONCEPCIÓN", "uso": "Otros Usos", "clase": "Licencia", "volumen": 18921.6, "area": 0.0, "modulo": 0.0, "usuario": "PALMA REAL S.A.C.", "documento": "RUC: 20309001037", "fuentetipo": null, "fuente": "Río MADRE DE DIOS", "volumenfue": null, "cur": 2.0180170045912195e+19, "organizaci": null, "bloquecodi": null, "bloquenomb": null, "coordenada": null, "departamen": null, "provincia": "Tambopata", "distrito": "Tambopata", "juntausuar": null, "comisionco": null, "fecharegis": null, "validado": "PSANTIN", "pozo": null, "codpozo": null, "numfila": 1, "datum": "WGS 84 (UTM)", "zona": 19, "este": 491261, "norte": 8606258, "unidadhidr": null, "areatotal": 0.0 }, "geometry": { "type": "Point", "coordinates": [ -69.08046276652334, -12.607584884373601 ] } },
{ "type": "Feature", "properties": { "aaa": "Madre de Dios", "ala": "Tahuamanu - Madre de Dios", "resolucion": "RD 0174-2018", "fecha": "03\/07\/2018", "archivo": "59-RD-0174-2018-03.pdf", "codlugarus": null, "lugaruso": "PSJ. JOSE BUSTAMANTE DAVILA S\/N UPIS JUAN VELAZCO ALVARADO", "uso": "Doméstico - Poblacional", "clase": "Licencia", "volumen": 259.2, "area": 0.0, "modulo": 0.0, "usuario": "HUAYCHAO CARDENAS, LUCIO", "documento": "DNI: 24292126", "fuentetipo": null, "fuente": "Acuífero INTERCUENCA MEDIO ALTO MADRE DE DIOS 46647", "volumenfue": null, "cur": 2.0180174045902e+17, "organizaci": null, "bloquecodi": null, "bloquenomb": null, "coordenada": null, "departamen": null, "provincia": "Tambopata", "distrito": "Tambopata", "juntausuar": null, "comisionco": null, "fecharegis": null, "validado": "JUAN92_JS", "pozo": null, "codpozo": null, "numfila": 1, "datum": "WGS 84 (UTM)", "zona": 19, "este": 474543, "norte": 8607172, "unidadhidr": null, "areatotal": 0.0 }, "geometry": { "type": "Point", "coordinates": [ -69.234382617227169, -12.599228995616121 ] } },
{ "type": "Feature", "properties": { "aaa": "Madre de Dios", "ala": "Tahuamanu - Madre de Dios", "resolucion": "RD 0185-2018", "fecha": "09\/07\/2018", "archivo": "59-RD-0185-2018-04.pdf", "codlugarus": null, "lugaruso": "HOSPEDAJE MODELO II AV. FITZCARRALD Nº 935", "uso": "Otros Usos", "clase": "Licencia", "volumen": 4270.5, "area": 0.0, "modulo": 0.0, "usuario": "CHAVEZ CONISLLA, SANTIAGO", "documento": "DNI: 08384370", "fuentetipo": null, "fuente": "Acuífero INTERCUENCA MEDIO MADRE DE DIOS 46645", "volumenfue": null, "cur": 2.0180185045912125e+19, "organizaci": null, "bloquecodi": null, "bloquenomb": null, "coordenada": null, "departamen": null, "provincia": "Tambopata", "distrito": "Tambopata", "juntausuar": null, "comisionco": null, "fecharegis": null, "validado": "JUAN92_JS", "pozo": null, "codpozo": null, "numfila": 1, "datum": "WGS 84 (UTM)", "zona": 19, "este": 479497, "norte": 8607678, "unidadhidr": null, "areatotal": 0.0 }, "geometry": { "type": "Point", "coordinates": [ -69.188767983137325, -12.594689351405464 ] } },
{ "type": "Feature", "properties": { "aaa": "Madre de Dios", "ala": "Tahuamanu - Madre de Dios", "resolucion": "RD 0186-2018", "fecha": "11\/07\/2018", "archivo": "59-RD-0186-2018-04.pdf", "codlugarus": null, "lugaruso": "GRIFO SAN LUIS III", "uso": "Otros Usos", "clase": "Licencia", "volumen": 3905.5, "area": 0.0, "modulo": 0.0, "usuario": "PROVEEDORA DEL SUR E.I.R.L.", "documento": "RUC: 20230767131", "fuentetipo": null, "fuente": "Acuífero TAMBOPATA (46644)", "volumenfue": null, "cur": 2.0180186045912125e+19, "organizaci": null, "bloquecodi": null, "bloquenomb": null, "coordenada": null, "departamen": null, "provincia": "Tambopata", "distrito": "Tambopata", "juntausuar": null, "comisionco": null, "fecharegis": null, "validado": "JUAN92_JS", "pozo": null, "codpozo": null, "numfila": 1, "datum": "WGS 84 (UTM)", "zona": 19, "este": 479114, "norte": 8607441, "unidadhidr": null, "areatotal": 0.0 }, "geometry": { "type": "Point", "coordinates": [ -69.19229578869674, -12.596830017374987 ] } },
{ "type": "Feature", "properties": { "aaa": "Madre de Dios", "ala": "Tahuamanu - Madre de Dios", "resolucion": "RD 0190-2018", "fecha": "12\/07\/2018", "archivo": "59-RD-0190-2018-04.pdf", "codlugarus": null, "lugaruso": "GRIFO SAN LUIS", "uso": "Otros Usos", "clase": "Licencia", "volumen": 4051.5, "area": 0.0, "modulo": 0.0, "usuario": "PROVEEDORA DEL SUR E.I.R.L.", "documento": "RUC: 20230767131", "fuentetipo": null, "fuente": "Acuífero TAMBOPATA (46644)", "volumenfue": null, "cur": 2.0180190045912125e+19, "organizaci": null, "bloquecodi": null, "bloquenomb": null, "coordenada": null, "departamen": null, "provincia": "Tambopata", "distrito": "Tambopata", "juntausuar": null, "comisionco": null, "fecharegis": null, "validado": "JUAN92_JS", "pozo": null, "codpozo": null, "numfila": 1, "datum": "WGS 84 (UTM)", "zona": 19, "este": 477676, "norte": 8607093, "unidadhidr": null, "areatotal": 0.0 }, "geometry": { "type": "Point", "coordinates": [ -69.205537792683174, -12.599967112408443 ] } },
{ "type": "Feature", "properties": { "aaa": "Madre de Dios", "ala": "Tahuamanu - Madre de Dios", "resolucion": "RD 0191-2018", "fecha": "13\/07\/2018", "archivo": "59-RD-0191-2018-04.pdf", "codlugarus": null, "lugaruso": "HOSPEDAJE MALIBU AV. FITZCARRALD Nº 1928", "uso": "Otros Usos", "clase": "Licencia", "volumen": 4730.4, "area": 0.0, "modulo": 0.0, "usuario": "QUISPE CRUZ, KLEIBERT", "documento": "DNI: 46510448", "fuentetipo": null, "fuente": "Acuífero INTERCUENCA MEDIO MADRE DE DIOS 46645", "volumenfue": null, "cur": 2.018019104591213e+19, "organizaci": null, "bloquecodi": null, "bloquenomb": null, "coordenada": null, "departamen": null, "provincia": "Tambopata", "distrito": "Tambopata", "juntausuar": null, "comisionco": null, "fecharegis": null, "validado": "JUAN92_JS", "pozo": null, "codpozo": null, "numfila": 1, "datum": "WGS 84 (UTM)", "zona": 19, "este": 478614, "norte": 8608545, "unidadhidr": null, "areatotal": 0.0 }, "geometry": { "type": "Point", "coordinates": [ -69.196891616502612, -12.586843259591879 ] } },
{ "type": "Feature", "properties": { "aaa": "Madre de Dios", "ala": "Tahuamanu - Madre de Dios", "resolucion": "RD 0193-2018", "fecha": "16\/07\/2018", "archivo": "59-RD-0193-2018-03.pdf", "codlugarus": null, "lugaruso": "JUNTA ADMINISTRADORA DE SERVICIO (JASS) DE LA COMUNIDAD DE ITAHUANIA", "uso": "Poblacional", "clase": "Licencia", "volumen": 35004.93, "area": 0.0, "modulo": 0.0, "usuario": "JUNTA ADMINISTRADORA DE SERVICIO (JASS) DE LA COMUNIDAD DE ITAHUANIA", "documento": null, "fuentetipo": null, "fuente": "Manantial Tapir \/ Manantial Paujil \/ Manantial Shiringayoc", "volumenfue": null, "cur": 2.0180193045901091e+19, "organizaci": null, "bloquecodi": null, "bloquenomb": null, "coordenada": null, "departamen": null, "provincia": "Manu", "distrito": "Manu", "juntausuar": null, "comisionco": null, "fecharegis": null, "validado": "JUAN92_JS", "pozo": null, "codpozo": null, "numfila": 1, "datum": "WGS 84 (UTM)", "zona": 19, "este": 258461, "norte": 8601903, "unidadhidr": null, "areatotal": 0.0 }, "geometry": { "type": "Point", "coordinates": [ -71.223679218574787, -12.637702377484549 ] } },
{ "type": "Feature", "properties": { "aaa": "Madre de Dios", "ala": "Tahuamanu - Madre de Dios", "resolucion": "RD 0194-2018", "fecha": "16\/07\/2018", "archivo": "59-RD-0194-2018-03.pdf", "codlugarus": null, "lugaruso": "JUNTA ADMINISTRADORA DE SERVICIO (JASS) DE LA COMUNIDAD DE GAMITANA", "uso": "Poblacional", "clase": "Licencia", "volumen": 21917.52, "area": 0.0, "modulo": 0.0, "usuario": "JUNTA ADMINISTRADORA DE SERVICIO (JASS) DE LA COMUNIDAD DE GAMITANA", "documento": null, "fuentetipo": null, "fuente": "Manantial Camarón", "volumenfue": null, "cur": 2.0180194045901087e+19, "organizaci": null, "bloquecodi": null, "bloquenomb": null, "coordenada": null, "departamen": null, "provincia": "Manu", "distrito": "Manu", "juntausuar": null, "comisionco": null, "fecharegis": null, "validado": "JUAN92_JS", "pozo": null, "codpozo": null, "numfila": 1, "datum": "WGS 84 (UTM)", "zona": 19, "este": 245060, "norte": 8573963, "unidadhidr": null, "areatotal": 0.0 }, "geometry": { "type": "Point", "coordinates": [ -71.349311843153728, -12.88908979046076 ] } },
{ "type": "Feature", "properties": { "aaa": "Madre de Dios", "ala": "Tahuamanu - Madre de Dios", "resolucion": "RD 0195-2018", "fecha": "16\/07\/2018", "archivo": "59-RD-0195-2018-03.pdf", "codlugarus": null, "lugaruso": "JUNTA ADMINISTRADORA DE SERVICIO (JASS) DEL LA COMUNIDAD MANSILLA", "uso": "Poblacional", "clase": "Licencia", "volumen": 21917.52, "area": 0.0, "modulo": 0.0, "usuario": "JUNTA ADMINISTRADORA DE SERVICIO (JASS) DEL LA COMUNIDAD MANSILLA", "documento": null, "fuentetipo": null, "fuente": "Quebrada MANSILLA", "volumenfue": null, "cur": 2.0180195045901119e+19, "organizaci": null, "bloquecodi": null, "bloquenomb": null, "coordenada": null, "departamen": null, "provincia": "Manu", "distrito": "Manu", "juntausuar": null, "comisionco": null, "fecharegis": null, "validado": "JUAN92_JS", "pozo": null, "codpozo": null, "numfila": 1, "datum": "WGS 84 (UTM)", "zona": 19, "este": 244997, "norte": 8588813, "unidadhidr": null, "areatotal": 0.0 }, "geometry": { "type": "Point", "coordinates": [ -71.348647203708168, -12.754911963826446 ] } },
{ "type": "Feature", "properties": { "aaa": "Madre de Dios", "ala": "Tahuamanu - Madre de Dios", "resolucion": "RD 0198-2018", "fecha": "18\/07\/2018", "archivo": "59-RD-0198-2018-03.pdf", "codlugarus": null, "lugaruso": "ALBERGUE TURISTICO INKATERRA RESERVA AMAZONICA", "uso": "Otros Usos", "clase": "Licencia", "volumen": 26805.6, "area": 0.0, "modulo": 0.0, "usuario": "PALMA REAL S.A.C.", "documento": "RUC: 20309001037", "fuentetipo": null, "fuente": "Río MADRE DE DIOS", "volumenfue": null, "cur": 2.0180198045912113e+19, "organizaci": null, "bloquecodi": null, "bloquenomb": null, "coordenada": null, "departamen": null, "provincia": "Tambopata", "distrito": "Las Piedras", "juntausuar": null, "comisionco": null, "fecharegis": null, "validado": "PSANTIN", "pozo": null, "codpozo": null, "numfila": 1, "datum": "WGS 84 (UTM)", "zona": 19, "este": 494149, "norte": 8613609, "unidadhidr": null, "areatotal": 0.0 }, "geometry": { "type": "Point", "coordinates": [ -69.05385818667223, -12.541116443730333 ] } },
{ "type": "Feature", "properties": { "aaa": "Madre de Dios", "ala": "Tahuamanu - Madre de Dios", "resolucion": "RD 0203-2018", "fecha": "25\/07\/2018", "archivo": "59-RD-0203-2018-03.pdf", "codlugarus": null, "lugaruso": "ALBERGUE TURÍSTICO AMAZON PLANET", "uso": "Otros Usos", "clase": "Licencia", "volumen": 3368.23, "area": 0.0, "modulo": 0.0, "usuario": "AMAZON PLANET S.A.C.", "documento": "RUC: 20490106210", "fuentetipo": null, "fuente": "Río MADRE DE DIOS", "volumenfue": null, "cur": 2.0180203045912199e+19, "organizaci": null, "bloquecodi": null, "bloquenomb": null, "coordenada": null, "departamen": null, "provincia": "Tambopata", "distrito": "Tambopata", "juntausuar": null, "comisionco": null, "fecharegis": null, "validado": "JUAN92_JS", "pozo": null, "codpozo": null, "numfila": 1, "datum": "WGS 84 (UTM)", "zona": 19, "este": 503087, "norte": 8615714, "unidadhidr": null, "areatotal": 0.0 }, "geometry": { "type": "Point", "coordinates": [ -68.971586388328987, -12.522084750158385 ] } },
{ "type": "Feature", "properties": { "aaa": "Madre de Dios", "ala": "Tahuamanu - Madre de Dios", "resolucion": "RD 0205-2018", "fecha": "31\/07\/2018", "archivo": "59-RD-0205-2018-04.pdf", "codlugarus": null, "lugaruso": "CENTRO RECREACIONAL AGUAZUL-PUERTO MALDONADO", "uso": "Recreativo", "clase": "Licencia", "volumen": 6022.5, "area": 0.0, "modulo": 0.0, "usuario": "CONTRERAS VIVANCO, DAVID", "documento": "DNI: 04805979", "fuentetipo": null, "fuente": "Acuífero TAMBOPATA (46644)", "volumenfue": null, "cur": 2.0180205045909172e+19, "organizaci": null, "bloquecodi": null, "bloquenomb": null, "coordenada": null, "departamen": null, "provincia": "Tambopata", "distrito": "Tambopata", "juntausuar": null, "comisionco": null, "fecharegis": null, "validado": "JUAN92_JS", "pozo": null, "codpozo": null, "numfila": 1, "datum": "WGS 84 (UTM)", "zona": 19, "este": 476404, "norte": 8607417, "unidadhidr": null, "areatotal": 0.0 }, "geometry": { "type": "Point", "coordinates": [ -69.217246613336997, -12.597027946439512 ] } },
{ "type": "Feature", "properties": { "aaa": "Madre de Dios", "ala": "Tahuamanu - Madre de Dios", "resolucion": "RD 0206-2018", "fecha": "02\/08\/2018", "archivo": "59-RD-0206-2018-04.pdf", "codlugarus": null, "lugaruso": "LAVADERO GAMA WASH", "uso": "Otros Usos", "clase": "Licencia", "volumen": 2263.0, "area": 0.0, "modulo": 0.0, "usuario": "AYALA PUNTACA, MARIA ELIZABETH", "documento": "DNI: 41777907", "fuentetipo": null, "fuente": "Acuífero INTERCUENCA MEDIO MADRE DE DIOS 46645", "volumenfue": null, "cur": 2.0180206045912134e+19, "organizaci": null, "bloquecodi": null, "bloquenomb": null, "coordenada": null, "departamen": null, "provincia": "Tambopata", "distrito": "Tambopata", "juntausuar": null, "comisionco": null, "fecharegis": null, "validado": "JUAN92_JS", "pozo": null, "codpozo": null, "numfila": 1, "datum": "WGS 84 (UTM)", "zona": 19, "este": 479021, "norte": 8608254, "unidadhidr": null, "areatotal": 0.0 }, "geometry": { "type": "Point", "coordinates": [ -69.193146527632578, -12.589477487153212 ] } },
{ "type": "Feature", "properties": { "aaa": "Madre de Dios", "ala": "Tahuamanu - Madre de Dios", "resolucion": "RD 0207-2018", "fecha": "03\/08\/2018", "archivo": "59-RD-0207-2018-04.pdf", "codlugarus": null, "lugaruso": "HOSTAL LA TORRE INN", "uso": "Otros Usos", "clase": "Licencia", "volumen": 4015.0, "area": 0.0, "modulo": 0.0, "usuario": "LA TORRE INN E.I.R.L.", "documento": "RUC: 20563838087", "fuentetipo": null, "fuente": "Acuífero INTERCUENCA MEDIO MADRE DE DIOS 46645", "volumenfue": null, "cur": 2.0180207045912142e+19, "organizaci": null, "bloquecodi": null, "bloquenomb": null, "coordenada": null, "departamen": null, "provincia": "Tambopata", "distrito": "Tambopata", "juntausuar": null, "comisionco": null, "fecharegis": null, "validado": "JUAN92_JS", "pozo": null, "codpozo": null, "numfila": 1, "datum": "WGS 84 (UTM)", "zona": 19, "este": 478618, "norte": 8608363, "unidadhidr": null, "areatotal": 0.0 }, "geometry": { "type": "Point", "coordinates": [ -69.196856045030003, -12.588489102751987 ] } },
{ "type": "Feature", "properties": { "aaa": "Madre de Dios", "ala": "Tahuamanu - Madre de Dios", "resolucion": "RD 0209-2018", "fecha": "03\/08\/2018", "archivo": "59-RD-0209-2018-03.pdf", "codlugarus": null, "lugaruso": "HOSTAL LA TORRE VALSAI", "uso": "Otros Usos", "clase": "Licencia", "volumen": 4015.0, "area": 0.0, "modulo": 0.0, "usuario": "LA TORRE VALSAI E.I.R.L.", "documento": "RUC: 20563829681", "fuentetipo": null, "fuente": "Acuífero INTERCUENCA MEDIO MADRE DE DIOS 46645", "volumenfue": null, "cur": 2.0180209045912142e+19, "organizaci": null, "bloquecodi": null, "bloquenomb": null, "coordenada": null, "departamen": null, "provincia": "Tambopata", "distrito": "Tambopata", "juntausuar": null, "comisionco": null, "fecharegis": null, "validado": "JUAN92_JS", "pozo": null, "codpozo": null, "numfila": 1, "datum": "WGS 84 (UTM)", "zona": 19, "este": 478598, "norte": 8608340, "unidadhidr": null, "areatotal": 0.0 }, "geometry": { "type": "Point", "coordinates": [ -69.197040335469609, -12.588696954986411 ] } },
{ "type": "Feature", "properties": { "aaa": "Madre de Dios", "ala": "Tahuamanu - Madre de Dios", "resolucion": "RD 0216-2018", "fecha": "10\/08\/2018", "archivo": "59-RD-0216-2018-03.pdf", "codlugarus": null, "lugaruso": "PARCELA 08", "uso": "Acuícola", "clase": "Licencia", "volumen": 33689.95, "area": 0.0, "modulo": 0.0, "usuario": "VARGAS GUERRA, VICTOR", "documento": "DNI: 05070658", "fuentetipo": null, "fuente": "Quebrada TARAPOTO", "volumenfue": null, "cur": 2.0180216045904204e+19, "organizaci": null, "bloquecodi": null, "bloquenomb": null, "coordenada": null, "departamen": null, "provincia": "Tambopata", "distrito": "Las Piedras", "juntausuar": null, "comisionco": null, "fecharegis": null, "validado": "JUAN92_JS", "pozo": null, "codpozo": null, "numfila": 1, "datum": "WGS 84 (UTM)", "zona": 19, "este": 487382, "norte": 8661995, "unidadhidr": null, "areatotal": 0.0 }, "geometry": { "type": "Point", "coordinates": [ -69.115955680552219, -12.103534521746663 ] } },
{ "type": "Feature", "properties": { "aaa": "Madre de Dios", "ala": "Tahuamanu - Madre de Dios", "resolucion": "RD 0219-2018", "fecha": "13\/08\/2018", "archivo": "59-RD-0219-2018-04.pdf", "codlugarus": null, "lugaruso": "HOSTAL LA JOYA JR. MIGUEL GRAU MZ.11-B LTE. 13-A", "uso": "Otros Usos", "clase": "Licencia", "volumen": 3491.0, "area": 0.0, "modulo": 0.0, "usuario": "TOROBEO CASTRO, ROBER", "documento": "DNI: 24282988", "fuentetipo": null, "fuente": "Acuífero INTERCUENCA MEDIO ALTO MADRE DE DIOS 46647", "volumenfue": null, "cur": 2.0180219045912142e+19, "organizaci": null, "bloquecodi": null, "bloquenomb": null, "coordenada": null, "departamen": null, "provincia": "Tambopata", "distrito": "Tambopata", "juntausuar": null, "comisionco": null, "fecharegis": null, "validado": "JUAN92_JS", "pozo": null, "codpozo": null, "numfila": 1, "datum": "WGS 84 (UTM)", "zona": 19, "este": 478425, "norte": 8608593, "unidadhidr": null, "areatotal": 0.0 }, "geometry": { "type": "Point", "coordinates": [ -69.198631316278721, -12.586407912674677 ] } },
{ "type": "Feature", "properties": { "aaa": "Madre de Dios", "ala": "Tahuamanu - Madre de Dios", "resolucion": "RD 0220-2018", "fecha": "14\/08\/2018", "archivo": "59-RD-0220-2018-04.pdf", "codlugarus": null, "lugaruso": "COMERCIAL NAVARRETE 1º AL 5º PISO", "uso": "Otros Usos", "clase": "Licencia", "volumen": 3832.5, "area": 0.0, "modulo": 0.0, "usuario": "COMERCIAL NAVARRETE E.I.R.L.", "documento": "RUC: 20490454927", "fuentetipo": null, "fuente": "Acuífero TAMBOPATA (46644)", "volumenfue": null, "cur": 2.0180220045912142e+19, "organizaci": null, "bloquecodi": null, "bloquenomb": null, "coordenada": null, "departamen": null, "provincia": "Tambopata", "distrito": "Tambopata", "juntausuar": null, "comisionco": null, "fecharegis": null, "validado": "JUAN92_JS", "pozo": null, "codpozo": null, "numfila": 1, "datum": "WGS 84 (UTM)", "zona": 19, "este": 477822, "norte": 8607932, "unidadhidr": null, "areatotal": 0.0 }, "geometry": { "type": "Point", "coordinates": [ -69.204187568518762, -12.592381119193911 ] } },
{ "type": "Feature", "properties": { "aaa": "Madre de Dios", "ala": "Tahuamanu - Madre de Dios", "resolucion": "RD 0224-2018", "fecha": "29\/08\/2018", "archivo": "59-RD-0224-2018-04.pdf", "codlugarus": null, "lugaruso": "FUNDO ALEGRIA-LOCALIDAD DE ALEGRIA (01 POZA)", "uso": "Acuícola", "clase": "Licencia", "volumen": 17569.44, "area": 0.0, "modulo": 0.0, "usuario": "TINTAYA RODRIGO, MODESTA", "documento": "DNI: 04824473", "fuentetipo": null, "fuente": "Quebrada TARAPOTO", "volumenfue": null, "cur": 2.0180224045904101e+19, "organizaci": null, "bloquecodi": null, "bloquenomb": null, "coordenada": null, "departamen": null, "provincia": "Tambopata", "distrito": "Las Piedras", "juntausuar": null, "comisionco": null, "fecharegis": null, "validado": "JUAN92_JS", "pozo": null, "codpozo": null, "numfila": 1, "datum": "WGS 84 (UTM)", "zona": 19, "este": 487532, "norte": 8661192, "unidadhidr": null, "areatotal": 0.0 }, "geometry": { "type": "Point", "coordinates": [ -69.114580322138295, -12.110796863234002 ] } },
{ "type": "Feature", "properties": { "aaa": "Madre de Dios", "ala": "Tahuamanu - Madre de Dios", "resolucion": "RD 0225-2018", "fecha": "24\/08\/2018", "archivo": "59-RD-0225-2018-04.pdf", "codlugarus": null, "lugaruso": null, "uso": "Doméstico - Poblacional", "clase": "Licencia", "volumen": 899.92, "area": 0.0, "modulo": 0.0, "usuario": "ZAVALA HAGA, MARY LUZ", "documento": "DNI: 04803998", "fuentetipo": null, "fuente": "Manantial HAGA", "volumenfue": null, "cur": 2.018022504590216e+19, "organizaci": null, "bloquecodi": null, "bloquenomb": null, "coordenada": null, "departamen": null, "provincia": "Tambopata", "distrito": "Tambopata", "juntausuar": null, "comisionco": null, "fecharegis": null, "validado": "JUAN92_JS", "pozo": null, "codpozo": null, "numfila": 1, "datum": "WGS 84 (UTM)", "zona": 19, "este": 474670, "norte": 8607720, "unidadhidr": null, "areatotal": 0.0 }, "geometry": { "type": "Point", "coordinates": [ -69.233208856250144, -12.594274498962109 ] } },
{ "type": "Feature", "properties": { "aaa": "Madre de Dios", "ala": "Tahuamanu - Madre de Dios", "resolucion": "RD 0248-2018", "fecha": "21\/09\/2018", "archivo": "59-RD-0248-2018-03.pdf", "codlugarus": null, "lugaruso": "SERVICENTRO LUCIA", "uso": "Otros Usos", "clase": "Licencia", "volumen": 4423.8, "area": 0.0, "modulo": 0.0, "usuario": "SERVICENTRO LUCIA E.I.R.L.", "documento": "RUC: 20528011684", "fuentetipo": null, "fuente": "Acuífero INTERCUENCA MEDIO MADRE DE DIOS 46645", "volumenfue": null, "cur": 2.0180248045912146e+19, "organizaci": null, "bloquecodi": null, "bloquenomb": null, "coordenada": null, "departamen": null, "provincia": "Tambopata", "distrito": "Tambopata", "juntausuar": null, "comisionco": null, "fecharegis": null, "validado": "JUAN92_JS", "pozo": null, "codpozo": null, "numfila": 1, "datum": "WGS 84 (UTM)", "zona": 19, "este": 481593, "norte": 8608603, "unidadhidr": null, "areatotal": 0.0 }, "geometry": { "type": "Point", "coordinates": [ -69.169465003856573, -12.586337536417368 ] } },
{ "type": "Feature", "properties": { "aaa": "Madre de Dios", "ala": "Tahuamanu - Madre de Dios", "resolucion": "RD 0278-2018", "fecha": "17\/10\/2018", "archivo": "59-RD-0278-2018-04.pdf", "codlugarus": null, "lugaruso": "GONZALES PADRA Nº 1012", "uso": "Otros Usos", "clase": "Licencia", "volumen": 5991.8, "area": 0.0, "modulo": 0.0, "usuario": "MUÑOZ MEJIA, NESTOR ALFONSO", "documento": "DNI: 23874995", "fuentetipo": null, "fuente": "Acuífero INTERCUENCA MEDIO MADRE DE DIOS 46645", "volumenfue": null, "cur": 2.0180278045912162e+19, "organizaci": null, "bloquecodi": null, "bloquenomb": null, "coordenada": null, "departamen": null, "provincia": "Tambopata", "distrito": "Tambopata", "juntausuar": null, "comisionco": null, "fecharegis": null, "validado": "JUAN92_JS", "pozo": null, "codpozo": null, "numfila": 1, "datum": "WGS 84 (UTM)", "zona": 19, "este": 479862, "norte": 8608057, "unidadhidr": null, "areatotal": 0.0 }, "geometry": { "type": "Point", "coordinates": [ -69.185405034670751, -12.5912644242459 ] } },
{ "type": "Feature", "properties": { "aaa": "Madre de Dios", "ala": "Tahuamanu - Madre de Dios", "resolucion": "RD 0279-2018", "fecha": "16\/10\/2018", "archivo": "59-RD-0279-2018-04.pdf", "codlugarus": null, "lugaruso": "AV. FITZCARRALD MZA. 4N LTE. 4A", "uso": "Otros Usos", "clase": "Licencia", "volumen": 5045.8, "area": 0.0, "modulo": 0.0, "usuario": "QUISPE COAQUIRA, FORTUNATO", "documento": "DNI: 25184981", "fuentetipo": null, "fuente": "Acuífero INTERCUENCA MEDIO MADRE DE DIOS 46645", "volumenfue": null, "cur": 2.0180279045912166e+19, "organizaci": null, "bloquecodi": null, "bloquenomb": null, "coordenada": null, "departamen": null, "provincia": "Tambopata", "distrito": "Tambopata", "juntausuar": null, "comisionco": null, "fecharegis": null, "validado": "JUAN92_JS", "pozo": null, "codpozo": null, "numfila": 1, "datum": "WGS 84 (UTM)", "zona": 19, "este": 479494, "norte": 8607746, "unidadhidr": null, "areatotal": 0.0 }, "geometry": { "type": "Point", "coordinates": [ -69.188795153752423, -12.59407441163796 ] } },
{ "type": "Feature", "properties": { "aaa": "Madre de Dios", "ala": "Tahuamanu - Madre de Dios", "resolucion": "RD 0293-2018", "fecha": "25\/10\/2018", "archivo": "59-RD-0293-2018-03.pdf", "codlugarus": null, "lugaruso": "PARCELA N° 23 - LOCALIDAD VILLA ESPERANZA", "uso": "Agrario", "clase": "Licencia", "volumen": 3153.6, "area": 0.0, "modulo": 0.0, "usuario": "LXG AMAZON REFORESTRY INVESTMENTS SAC", "documento": "RUC: 20600731387", "fuentetipo": null, "fuente": "Acuífero ALTO ACRE", "volumenfue": null, "cur": 2.0180293045903213e+19, "organizaci": null, "bloquecodi": null, "bloquenomb": null, "coordenada": null, "departamen": null, "provincia": "Tahuamanu", "distrito": "Iñapari", "juntausuar": null, "comisionco": null, "fecharegis": null, "validado": "JUAN92_JS", "pozo": null, "codpozo": null, "numfila": 1, "datum": "WGS 84 (UTM)", "zona": 19, "este": 437271, "norte": 8777700, "unidadhidr": null, "areatotal": 0.0 }, "geometry": { "type": "Point", "coordinates": [ -69.574311766838477, -11.056617838097008 ] } },
{ "type": "Feature", "properties": { "aaa": "Madre de Dios", "ala": "Tahuamanu - Madre de Dios", "resolucion": "RD 0295-2018", "fecha": "25\/10\/2018", "archivo": "59-RD-0295-2018-03.pdf", "codlugarus": null, "lugaruso": "AV. CIRCUNVALACION MZ H LOTE 3", "uso": "Otros Usos", "clase": "Licencia", "volumen": 3468.93, "area": 0.0, "modulo": 0.0, "usuario": "GONZALES PACHECO, TEODORO", "documento": "DNI: 04826652", "fuentetipo": null, "fuente": "Acuífero INTERCUENCA MEDIO ALTO MADRE DE DIOS 46647", "volumenfue": null, "cur": 2.018029504591217e+19, "organizaci": null, "bloquecodi": null, "bloquenomb": null, "coordenada": null, "departamen": null, "provincia": "Tambopata", "distrito": "Tambopata", "juntausuar": null, "comisionco": null, "fecharegis": null, "validado": "JUAN92_JS", "pozo": null, "codpozo": null, "numfila": 1, "datum": "WGS 84 (UTM)", "zona": 19, "este": 477968, "norte": 8608792, "unidadhidr": null, "areatotal": 0.0 }, "geometry": { "type": "Point", "coordinates": [ -69.202837278032675, -12.584605211827043 ] } },
{ "type": "Feature", "properties": { "aaa": "Madre de Dios", "ala": "Tahuamanu - Madre de Dios", "resolucion": "RD 0297-2018", "fecha": "26\/10\/2018", "archivo": "59-RD-0297-2018-03.pdf", "codlugarus": null, "lugaruso": "HOSPEDAJE CANDAMO INNS JR. GONZALES PRADA C-13 MZ. 9 Nº 1364", "uso": "Otros Usos", "clase": "Licencia", "volumen": 4178.53, "area": 0.0, "modulo": 0.0, "usuario": "PAULINA INVERSIONES & REPRESENTACIONES E.I.R.L.", "documento": "RUC: 20490440543", "fuentetipo": null, "fuente": "Acuífero INTERCUENCA MEDIO MADRE DE DIOS 46645", "volumenfue": null, "cur": 2.0180297045912175e+19, "organizaci": null, "bloquecodi": null, "bloquenomb": null, "coordenada": null, "departamen": null, "provincia": "Tambopata", "distrito": "Tambopata", "juntausuar": null, "comisionco": null, "fecharegis": null, "validado": "JUAN92_JS", "pozo": null, "codpozo": null, "numfila": 1, "datum": "WGS 84 (UTM)", "zona": 19, "este": 479541, "norte": 8608367, "unidadhidr": null, "areatotal": 0.0 }, "geometry": { "type": "Point", "coordinates": [ -69.188358337213614, -12.588459046209572 ] } },
{ "type": "Feature", "properties": { "aaa": "Madre de Dios", "ala": "Tahuamanu - Madre de Dios", "resolucion": "RD 0298-2018", "fecha": "26\/10\/2018", "archivo": "59-RD-0298-2018-03.pdf", "codlugarus": null, "lugaruso": "HOSPEDAJE REAL ALAMEDA AV. MADRE DE DIOS Nº 555", "uso": "Otros Usos", "clase": "Licencia", "volumen": 3469.0, "area": 0.0, "modulo": 0.0, "usuario": "INVERSIONES TURISTICAS REAL ALAMEDA E.I.R.L.", "documento": "RUC: 20490869388", "fuentetipo": null, "fuente": "Acuífero INTERCUENCA MEDIO MADRE DE DIOS 46645", "volumenfue": null, "cur": 2.0180298045912175e+19, "organizaci": null, "bloquecodi": null, "bloquenomb": null, "coordenada": null, "departamen": null, "provincia": "Tambopata", "distrito": "Tambopata", "juntausuar": null, "comisionco": null, "fecharegis": null, "validado": "JUAN92_JS", "pozo": null, "codpozo": null, "numfila": 1, "datum": "WGS 84 (UTM)", "zona": 19, "este": 479598, "norte": 8607884, "unidadhidr": null, "areatotal": 0.0 }, "geometry": { "type": "Point", "coordinates": [ -69.187836739405967, -12.592827159025026 ] } },
{ "type": "Feature", "properties": { "aaa": "Madre de Dios", "ala": "Tahuamanu - Madre de Dios", "resolucion": "RD 0303-2018", "fecha": "06\/11\/2018", "archivo": "59-RD-0303-2018-03.pdf", "codlugarus": null, "lugaruso": "LAVADERO DE VEHICULOS JHON CAR WASH", "uso": "Otros Usos", "clase": "Licencia", "volumen": 3796.0, "area": 0.0, "modulo": 0.0, "usuario": "AUCCAPURI CUTIRI, JHON RONAL", "documento": "DNI: 41054258", "fuentetipo": null, "fuente": "Acuífero INTERCUENCA MEDIO MADRE DE DIOS 46645", "volumenfue": null, "cur": 2.0180303045912175e+19, "organizaci": null, "bloquecodi": null, "bloquenomb": null, "coordenada": null, "departamen": null, "provincia": "Tambopata", "distrito": "Tambopata", "juntausuar": null, "comisionco": null, "fecharegis": null, "validado": "JUAN92_JS", "pozo": null, "codpozo": null, "numfila": 1, "datum": "WGS 84 (UTM)", "zona": 19, "este": 479364, "norte": 8608677, "unidadhidr": null, "areatotal": 0.0 }, "geometry": { "type": "Point", "coordinates": [ -69.189985841186896, -12.585654580059499 ] } },
{ "type": "Feature", "properties": { "aaa": "Madre de Dios", "ala": "Tahuamanu - Madre de Dios", "resolucion": "RD 0305-2018", "fecha": "06\/11\/2018", "archivo": "59-RD-0305-2018-03.pdf", "codlugarus": null, "lugaruso": "GRIFO PUERTO RICO PREDIO LAS PALMERAS", "uso": "Otros Usos", "clase": "Licencia", "volumen": 4099.67, "area": 0.0, "modulo": 0.0, "usuario": "GRIFO PUERTO RICO S.R.L.", "documento": "RUC: 20490300458", "fuentetipo": null, "fuente": "Acuífero INTERCUENCA MEDIO MADRE DE DIOS 46645", "volumenfue": null, "cur": 2.0180305045912183e+19, "organizaci": null, "bloquecodi": null, "bloquenomb": null, "coordenada": null, "departamen": null, "provincia": "Tambopata", "distrito": "Tambopata", "juntausuar": null, "comisionco": null, "fecharegis": null, "validado": "JUAN92_JS", "pozo": null, "codpozo": null, "numfila": 1, "datum": "WGS 84 (UTM)", "zona": 19, "este": 481273, "norte": 8609121, "unidadhidr": null, "areatotal": 0.0 }, "geometry": { "type": "Point", "coordinates": [ -69.172407964717095, -12.581651401611214 ] } },
{ "type": "Feature", "properties": { "aaa": "Madre de Dios", "ala": "Tahuamanu - Madre de Dios", "resolucion": "RD 0308-2018", "fecha": "07\/11\/2018", "archivo": "59-RD-0308-2018-03.pdf", "codlugarus": null, "lugaruso": "HOSPEDAJE CRISMAS JR. CAJAMARCA Nº 725", "uso": "Otros Usos", "clase": "Licencia", "volumen": 2838.2, "area": 0.0, "modulo": 0.0, "usuario": "VALER CARPIO, TRINIDAD", "documento": "DNI: 24283855", "fuentetipo": null, "fuente": "Acuífero TAMBOPATA (46644)", "volumenfue": null, "cur": 2.0180308045912183e+19, "organizaci": null, "bloquecodi": null, "bloquenomb": null, "coordenada": null, "departamen": null, "provincia": "Tambopata", "distrito": "Tambopata", "juntausuar": null, "comisionco": null, "fecharegis": null, "validado": "JUAN92_JS", "pozo": null, "codpozo": null, "numfila": 1, "datum": "WGS 84 (UTM)", "zona": 19, "este": 479606, "norte": 8607440, "unidadhidr": null, "areatotal": 0.0 }, "geometry": { "type": "Point", "coordinates": [ -69.187766006573341, -12.596842278514458 ] } },
{ "type": "Feature", "properties": { "aaa": "Madre de Dios", "ala": "Tahuamanu - Madre de Dios", "resolucion": "RD 0310-2018", "fecha": "07\/11\/2018", "archivo": "59-RD-0310-2018-03.pdf", "codlugarus": null, "lugaruso": "LAVADERO DE VEHÍCULOS EL CHINO AV. CIRCUNVALACION MZA. C LOTE 11", "uso": "Otros Usos", "clase": "Licencia", "volumen": 3468.93, "area": 0.0, "modulo": 0.0, "usuario": "CRUZ TURPO, ESTEBAN", "documento": "DNI: 25216400", "fuentetipo": null, "fuente": "Acuífero INTERCUENCA MEDIO ALTO MADRE DE DIOS 46647", "volumenfue": null, "cur": 2.0180310045912183e+19, "organizaci": null, "bloquecodi": null, "bloquenomb": null, "coordenada": null, "departamen": null, "provincia": "Tambopata", "distrito": "Tambopata", "juntausuar": null, "comisionco": null, "fecharegis": null, "validado": "JUAN92_JS", "pozo": null, "codpozo": null, "numfila": 1, "datum": "WGS 84 (UTM)", "zona": 19, "este": 477976, "norte": 8609039, "unidadhidr": null, "areatotal": 0.0 }, "geometry": { "type": "Point", "coordinates": [ -69.20276187325868, -12.582371660200362 ] } },
{ "type": "Feature", "properties": { "aaa": "Madre de Dios", "ala": "Tahuamanu - Madre de Dios", "resolucion": "RD 0333-2018", "fecha": "23\/11\/2018", "archivo": "59-RD-0333-2018-03.pdf", "codlugarus": null, "lugaruso": "LAVADERO DIEGUITO AV. TAMBOPATA Nº 1055", "uso": "Otros Usos", "clase": "Licencia", "volumen": 2498.04, "area": 0.0, "modulo": 0.0, "usuario": "RIMAYHUAMAN TURPO, FRANCISCO", "documento": "DNI: 04803397", "fuentetipo": null, "fuente": "Acuífero INTERCUENCA MEDIO MADRE DE DIOS 46645", "volumenfue": null, "cur": 2.0180333045912183e+19, "organizaci": null, "bloquecodi": null, "bloquenomb": null, "coordenada": null, "departamen": null, "provincia": "Tambopata", "distrito": "Tambopata", "juntausuar": null, "comisionco": null, "fecharegis": null, "validado": "JUAN92_JS", "pozo": null, "codpozo": null, "numfila": 1, "datum": "WGS 84 (UTM)", "zona": 19, "este": 478965, "norte": 8607957, "unidadhidr": null, "areatotal": 0.0 }, "geometry": { "type": "Point", "coordinates": [ -69.193664113269776, -12.592162869250975 ] } },
{ "type": "Feature", "properties": { "aaa": "Madre de Dios", "ala": "Tahuamanu - Madre de Dios", "resolucion": "RD 0339-2018", "fecha": "05\/12\/2017", "archivo": "59-RD-0339-2018-03.pdf", "codlugarus": null, "lugaruso": "HOSTAL LUZ DE LUNA AV. AEROPUERTO S\/N", "uso": "Otros Usos", "clase": "Licencia", "volumen": 3468.93, "area": 0.0, "modulo": 0.0, "usuario": "PAZ FERNANDEZ, ADRIANA PATRICIA", "documento": "DNI: 70014854", "fuentetipo": null, "fuente": "Acuífero TAMBOPATA (46644)", "volumenfue": null, "cur": 2.0180339045912187e+19, "organizaci": null, "bloquecodi": null, "bloquenomb": null, "coordenada": null, "departamen": null, "provincia": "Tambopata", "distrito": "Tambopata", "juntausuar": null, "comisionco": null, "fecharegis": null, "validado": "JUAN92_JS", "pozo": null, "codpozo": null, "numfila": 1, "datum": "WGS 84 (UTM)", "zona": 19, "este": 476755, "norte": 8607384, "unidadhidr": null, "areatotal": 0.0 }, "geometry": { "type": "Point", "coordinates": [ -69.214015245965868, -12.597328968344177 ] } },
{ "type": "Feature", "properties": { "aaa": "Madre de Dios", "ala": "Tahuamanu - Madre de Dios", "resolucion": "RD 0343-2018", "fecha": "06\/12\/2018", "archivo": "59-RD-0343-2018-03.pdf", "codlugarus": null, "lugaruso": "JR. JAIME TRONCOSO Nº 439", "uso": "Otros Usos", "clase": "Licencia", "volumen": 2628.0, "area": 0.0, "modulo": 0.0, "usuario": "DELGADO HURTADO, ARMANDO", "documento": "DNI: 05062480", "fuentetipo": null, "fuente": "Acuífero TAMBOPATA (46644)", "volumenfue": null, "cur": 2.0180343045912191e+19, "organizaci": null, "bloquecodi": null, "bloquenomb": null, "coordenada": null, "departamen": null, "provincia": "Tambopata", "distrito": "Tambopata", "juntausuar": null, "comisionco": null, "fecharegis": null, "validado": "JUAN92_JS", "pozo": null, "codpozo": null, "numfila": 1, "datum": "WGS 84 (UTM)", "zona": 19, "este": 480101, "norte": 8607631, "unidadhidr": null, "areatotal": 0.0 }, "geometry": { "type": "Point", "coordinates": [ -69.183207369564286, -12.595118236035198 ] } },
{ "type": "Feature", "properties": { "aaa": "Madre de Dios", "ala": "Tahuamanu - Madre de Dios", "resolucion": "RD 0348-2018", "fecha": "14\/12\/2017", "archivo": "59-RD-0348-2018-03.pdf", "codlugarus": null, "lugaruso": "HOSPEDAJE PARDO DE MIGUEL JR. PADRO DE MIGUEL Nº 937", "uso": "Otros Usos", "clase": "Licencia", "volumen": 2628.0, "area": 0.0, "modulo": 0.0, "usuario": "CARDENAS COLQUE, BASILIDES", "documento": "DNI: 04825024", "fuentetipo": null, "fuente": "Acuífero INTERCUENCA MEDIO MADRE DE DIOS 46645", "volumenfue": null, "cur": 2.0180348045912191e+19, "organizaci": null, "bloquecodi": null, "bloquenomb": null, "coordenada": null, "departamen": null, "provincia": "Tambopata", "distrito": "Tambopata", "juntausuar": null, "comisionco": null, "fecharegis": null, "validado": "JUAN92_JS", "pozo": null, "codpozo": null, "numfila": 1, "datum": "WGS 84 (UTM)", "zona": 19, "este": 478784, "norte": 8608306, "unidadhidr": null, "areatotal": 0.0 }, "geometry": { "type": "Point", "coordinates": [ -69.195328141547463, -12.589005670365619 ] } },
{ "type": "Feature", "properties": { "aaa": "Madre de Dios", "ala": "Tahuamanu - Madre de Dios", "resolucion": "RD 0376-2018", "fecha": "21\/12\/2018", "archivo": "59-RD-0376-2018-03.pdf", "codlugarus": null, "lugaruso": "CENTRO POBLADO RURAL DE SAN ISIDRO DE CHILINA", "uso": "Poblacional", "clase": "Licencia", "volumen": 2330.16, "area": 0.0, "modulo": 0.0, "usuario": "JUNTA ADMINISTRADORA DE SERVICIO (JASS) DEL CENTRO POBLADO RURAL DE SAN ISIDRO DE CHILINA", "documento": null, "fuentetipo": null, "fuente": "Manantial San Isidro", "volumenfue": null, "cur": 2.0180376045901095e+19, "organizaci": null, "bloquecodi": null, "bloquenomb": null, "coordenada": null, "departamen": null, "provincia": "Tahuamanu", "distrito": "Iñapari", "juntausuar": null, "comisionco": null, "fecharegis": null, "validado": "JUAN92_JS", "pozo": null, "codpozo": null, "numfila": 1, "datum": "WGS 84 (UTM)", "zona": 19, "este": 440468, "norte": 8759737, "unidadhidr": null, "areatotal": 0.0 }, "geometry": { "type": "Point", "coordinates": [ -69.545345139364542, -11.219120605133684 ] } },
{ "type": "Feature", "properties": { "aaa": "Madre de Dios", "ala": "Tahuamanu - Madre de Dios", "resolucion": "RD 0389-2018", "fecha": "27\/12\/2018", "archivo": "59-RD-0389-2018-03.pdf", "codlugarus": null, "lugaruso": "CENTRO RECREACIONAL EL MUNDIALITO, AV. AEROPUERTO S\/N LA JOYA-PUERTO MALDONADO", "uso": "Recreativo", "clase": "Licencia", "volumen": 1752.0, "area": 0.0, "modulo": 0.0, "usuario": "OLARTE AÑO, ALEX HILMER", "documento": "RUC: 10400696221", "fuentetipo": null, "fuente": "Acuífero TAMBOPATA (46644)", "volumenfue": null, "cur": 2.0180389045909176e+19, "organizaci": null, "bloquecodi": null, "bloquenomb": null, "coordenada": null, "departamen": null, "provincia": "Tambopata", "distrito": "Tambopata", "juntausuar": null, "comisionco": null, "fecharegis": null, "validado": "JUAN92_JS", "pozo": null, "codpozo": null, "numfila": 1, "datum": "WGS 84 (UTM)", "zona": 19, "este": 476981, "norte": 8607261, "unidadhidr": null, "areatotal": 0.0 }, "geometry": { "type": "Point", "coordinates": [ -69.211935401928741, -12.598442905562504 ] } },
{ "type": "Feature", "properties": { "aaa": "Madre de Dios", "ala": "Tahuamanu - Madre de Dios", "resolucion": "RD 0392-2018", "fecha": "27\/12\/2018", "archivo": "59-RD-0392-2018-03.pdf", "codlugarus": null, "lugaruso": null, "uso": "Doméstico - Poblacional", "clase": "Licencia", "volumen": 876.0, "area": 0.0, "modulo": 0.0, "usuario": "BERRIO LOCUMBER, MARIO DANIEL", "documento": "DNI: 04826718", "fuentetipo": null, "fuente": "Acuífero INTERCUENCA MEDIO BAJO MADRE DE DIOS  46643", "volumenfue": null, "cur": 2.018039204590218e+19, "organizaci": null, "bloquecodi": null, "bloquenomb": null, "coordenada": null, "departamen": null, "provincia": "Tambopata", "distrito": "Las Piedras", "juntausuar": null, "comisionco": null, "fecharegis": null, "validado": "JUAN92_JS", "pozo": null, "codpozo": null, "numfila": 1, "datum": "WGS 84 (UTM)", "zona": 19, "este": 482896, "norte": 8634896, "unidadhidr": null, "areatotal": 0.0 }, "geometry": { "type": "Point", "coordinates": [ -69.15732540485736, -12.348576068697847 ] } },
{ "type": "Feature", "properties": { "aaa": "Madre de Dios", "ala": "Tahuamanu - Madre de Dios", "resolucion": "RD 0006-2019", "fecha": "03\/01\/2019", "archivo": "59-RD-0006-2019-03.pdf", "codlugarus": null, "lugaruso": "AV. ANDRES A. CACERES 4041, KM 7.5 CAR. INTEROC. PUERTO MALDONADO-CUSCO; PUERTO MALDONADO", "uso": "Otros Usos", "clase": "Licencia", "volumen": 463.55, "area": 0.0, "modulo": 0.0, "usuario": "AMAZONMARK S.A.C", "documento": "RUC: 20600054130", "fuentetipo": null, "fuente": "Acuífero INTERCUENCA MEDIO ALTO MADRE DE DIOS 46647", "volumenfue": null, "cur": 2.0190006045912101e+19, "organizaci": null, "bloquecodi": null, "bloquenomb": null, "coordenada": null, "departamen": null, "provincia": "Tambopata", "distrito": "Tambopata", "juntausuar": null, "comisionco": null, "fecharegis": null, "validado": "JUAN92_JS", "pozo": null, "codpozo": null, "numfila": 1, "datum": "WGS 84 (UTM)", "zona": 19, "este": 474439, "norte": 8607331, "unidadhidr": null, "areatotal": 0.0 }, "geometry": { "type": "Point", "coordinates": [ -69.23533882811175, -12.59779033120607 ] } },
{ "type": "Feature", "properties": { "aaa": "Madre de Dios", "ala": "Tahuamanu - Madre de Dios", "resolucion": "RD 0009-2019", "fecha": "07\/01\/2019", "archivo": "59-RD-0009-2019-03.pdf", "codlugarus": null, "lugaruso": "HOSPEDAJE PIURA (JR. PIURA MZ 30 LOTE 1A-PUERTO MALDONADO)", "uso": "Otros Usos", "clase": "Licencia", "volumen": 2555.0, "area": 0.0, "modulo": 0.0, "usuario": "INVERSIONES TURISTICAS FHS E.I.R.L.", "documento": "RUC: 20563830931", "fuentetipo": null, "fuente": "Acuífero TAMBOPATA (46644)", "volumenfue": null, "cur": 2.0190009045912211e+19, "organizaci": null, "bloquecodi": null, "bloquenomb": null, "coordenada": null, "departamen": null, "provincia": "Tambopata", "distrito": "Tambopata", "juntausuar": null, "comisionco": null, "fecharegis": null, "validado": "JUAN92_JS", "pozo": null, "codpozo": null, "numfila": 1, "datum": "WGS 84 (UTM)", "zona": 19, "este": 479776, "norte": 8607448, "unidadhidr": null, "areatotal": 0.0 }, "geometry": { "type": "Point", "coordinates": [ -69.186200783132804, -12.596771029101408 ] } },
{ "type": "Feature", "properties": { "aaa": "Madre de Dios", "ala": "Tahuamanu - Madre de Dios", "resolucion": "RD 0010-2019", "fecha": "08\/01\/2019", "archivo": "59-RD-0010-2019-03.pdf", "codlugarus": null, "lugaruso": "HOSPEDAJE ETERNO VERANO  (AV. CIRCUNVALACION MZ. F LOTE 07-PUERTO MALDONADO", "uso": "Otros Usos", "clase": "Licencia", "volumen": 3153.6, "area": 0.0, "modulo": 0.0, "usuario": "MMM SERVICIOS EIRL", "documento": "RUC: 20600448472", "fuentetipo": null, "fuente": "Acuífero INTERCUENCA MEDIO ALTO MADRE DE DIOS 46647", "volumenfue": null, "cur": 2.0190010045912211e+19, "organizaci": null, "bloquecodi": null, "bloquenomb": null, "coordenada": null, "departamen": null, "provincia": "Tambopata", "distrito": "Tambopata", "juntausuar": null, "comisionco": null, "fecharegis": null, "validado": "JUAN92_JS", "pozo": null, "codpozo": null, "numfila": 1, "datum": "WGS 84 (UTM)", "zona": 19, "este": 478023, "norte": 8608603, "unidadhidr": null, "areatotal": 0.0 }, "geometry": { "type": "Point", "coordinates": [ -69.202332262471771, -12.586314711385688 ] } },
{ "type": "Feature", "properties": { "aaa": "Madre de Dios", "ala": "Tahuamanu - Madre de Dios", "resolucion": "RD 0013-2019", "fecha": "10\/01\/2019", "archivo": "59-RD-0013-2019-03.pdf", "codlugarus": null, "lugaruso": "LAVANDERIA SEÑOR BURBUJAS (AV. DOS DE MAYO N° 769-PUERTO MALDONADO)", "uso": "Otros Usos", "clase": "Licencia", "volumen": 1168.0, "area": 0.0, "modulo": 0.0, "usuario": "FLORES BARRIGA, CRIST YOSMAEL", "documento": "RUC: 10415818632", "fuentetipo": null, "fuente": "Acuífero INTERCUENCA MEDIO MADRE DE DIOS 46645", "volumenfue": null, "cur": 2.0190013045912211e+19, "organizaci": null, "bloquecodi": null, "bloquenomb": null, "coordenada": null, "departamen": null, "provincia": "Tambopata", "distrito": "Tambopata", "juntausuar": null, "comisionco": null, "fecharegis": null, "validado": "JUAN92_JS", "pozo": null, "codpozo": null, "numfila": 1, "datum": "WGS 84 (UTM)", "zona": 19, "este": 480145, "norte": 8607928, "unidadhidr": null, "areatotal": 0.0 }, "geometry": { "type": "Point", "coordinates": [ -69.182800366849406, -12.592432757387414 ] } },
{ "type": "Feature", "properties": { "aaa": "Madre de Dios", "ala": "Tahuamanu - Madre de Dios", "resolucion": "RD 0014-2019", "fecha": "11\/01\/2019", "archivo": "59-RD-0014-2019-03.pdf", "codlugarus": null, "lugaruso": "COMUNIDAD NATIVA SHINTUYA CARRETERA VILLA SALVACION- ITAHUANIA KM 35.5", "uso": "Acuícola", "clase": "Licencia", "volumen": 13930.8, "area": 0.0, "modulo": 0.0, "usuario": "JICCA CORITO,MATEO", "documento": "DNI: 04960206", "fuentetipo": null, "fuente": "Acuífero INTERCUENCA ALTO MADRE DE DIOS 46649", "volumenfue": null, "cur": 2.0190014045904204e+19, "organizaci": null, "bloquecodi": null, "bloquenomb": null, "coordenada": null, "departamen": null, "provincia": "Manu", "distrito": "Manu", "juntausuar": null, "comisionco": null, "fecharegis": null, "validado": "JUAN92_JS", "pozo": null, "codpozo": null, "numfila": 1, "datum": "WGS 84 (UTM)", "zona": 19, "este": 250362, "norte": 8598833, "unidadhidr": null, "areatotal": 0.0 }, "geometry": { "type": "Point", "coordinates": [ -71.298447840760247, -12.664809655840559 ] } },
{ "type": "Feature", "properties": { "aaa": "Madre de Dios", "ala": "Tahuamanu - Madre de Dios", "resolucion": "RD 0015-2019", "fecha": "11\/01\/2019", "archivo": "59-RD-0015-2019-03.pdf", "codlugarus": null, "lugaruso": "ESTACION DE SERVICIOS INAMBARI II (PREDIO EL CASTAÑAL I-EL CASTAÑAL)", "uso": "Otros Usos", "clase": "Licencia", "volumen": 3248.5, "area": 0.0, "modulo": 0.0, "usuario": "EXPLORACIONES PUERTO LEGUIA-INAMBARI S.R.L", "documento": "RUC: 20490895460", "fuentetipo": null, "fuente": "Acuífero TAMBOPATA (46644)", "volumenfue": null, "cur": 2.0190015045912216e+19, "organizaci": null, "bloquecodi": null, "bloquenomb": null, "coordenada": null, "departamen": null, "provincia": "Tambopata", "distrito": "Tambopata", "juntausuar": null, "comisionco": null, "fecharegis": null, "validado": "JUAN92_JS", "pozo": null, "codpozo": null, "numfila": 1, "datum": "WGS 84 (UTM)", "zona": 19, "este": 472268, "norte": 8603825, "unidadhidr": null, "areatotal": 0.0 }, "geometry": { "type": "Point", "coordinates": [ -69.255358397371964, -12.629476373522161 ] } },
{ "type": "Feature", "properties": { "aaa": "Madre de Dios", "ala": "Tahuamanu - Madre de Dios", "resolucion": "RD 0027-2019", "fecha": "16\/01\/2019", "archivo": "59-RD-0027-2019-03.pdf", "codlugarus": null, "lugaruso": "LAVADERO DE VEHICULOS RICO PUERTO (ESQUINA DE AV. ANDRES MALLEA CON JR. TUPAC AMARU MZ D LOTE 1-PUERTO MALDONADO)", "uso": "Otros Usos", "clase": "Licencia", "volumen": 3468.93, "area": 0.0, "modulo": 0.0, "usuario": "QUISPE CONDORI, JAIME", "documento": "DNI: 04816321", "fuentetipo": null, "fuente": "Acuífero INTERCUENCA MEDIO ALTO MADRE DE DIOS 46647", "volumenfue": null, "cur": 2.0190027045912093e+19, "organizaci": null, "bloquecodi": null, "bloquenomb": null, "coordenada": null, "departamen": null, "provincia": "Tambopata", "distrito": "Tambopata", "juntausuar": null, "comisionco": null, "fecharegis": null, "validado": "JUAN92_JS", "pozo": null, "codpozo": null, "numfila": 1, "datum": "WGS 84 (UTM)", "zona": 19, "este": 478263, "norte": 8608935, "unidadhidr": null, "areatotal": 0.0 }, "geometry": { "type": "Point", "coordinates": [ -69.200120374831229, -12.583314114431296 ] } },
{ "type": "Feature", "properties": { "aaa": "Madre de Dios", "ala": "Tahuamanu - Madre de Dios", "resolucion": "RD 0032-2019", "fecha": "18\/01\/2019", "archivo": "59-RD-0032-2019-04.pdf", "codlugarus": null, "lugaruso": "VIVIENDA RURAL", "uso": "Doméstico - Poblacional", "clase": "Licencia", "volumen": 946.07, "area": 0.0, "modulo": 0.0, "usuario": "FLORES ESTRELLA,SILVIA FABIOLA", "documento": "DNI: 30677189", "fuentetipo": null, "fuente": "Acuífero INTERCUENCA MEDIO MADRE DE DIOS 46645", "volumenfue": null, "cur": 2.0190032045902123e+19, "organizaci": null, "bloquecodi": null, "bloquenomb": null, "coordenada": null, "departamen": null, "provincia": "Tambopata", "distrito": "Las Piedras", "juntausuar": null, "comisionco": null, "fecharegis": null, "validado": "JUAN92_JS", "pozo": null, "codpozo": null, "numfila": 1, "datum": "WGS 84 (UTM)", "zona": 19, "este": 481108, "norte": 8609538, "unidadhidr": null, "areatotal": 0.0 }, "geometry": { "type": "Point", "coordinates": [ -69.173924475129112, -12.577879503884224 ] } },
{ "type": "Feature", "properties": { "aaa": "Madre de Dios", "ala": "Tahuamanu - Madre de Dios", "resolucion": "RD 0033-2019", "fecha": "18\/01\/2019", "archivo": "59-RD-0033-2019-04.pdf", "codlugarus": null, "lugaruso": "VIVIENDA RURAL", "uso": "Doméstico - Poblacional", "clase": "Licencia", "volumen": 946.07, "area": 0.0, "modulo": 0.0, "usuario": "VILLALTA SANCHEZ, MARIO CLIDER", "documento": "DNI: 23805993", "fuentetipo": null, "fuente": "Acuífero INTERCUENCA MEDIO MADRE DE DIOS 46645", "volumenfue": null, "cur": 2.0190033045902123e+19, "organizaci": null, "bloquecodi": null, "bloquenomb": null, "coordenada": null, "departamen": null, "provincia": "Tambopata", "distrito": "Las Piedras", "juntausuar": null, "comisionco": null, "fecharegis": null, "validado": "JUAN92_JS", "pozo": null, "codpozo": null, "numfila": 1, "datum": "WGS 84 (UTM)", "zona": 19, "este": 481219, "norte": 8609551, "unidadhidr": null, "areatotal": 0.0 }, "geometry": { "type": "Point", "coordinates": [ -69.172902506006992, -12.577762606933561 ] } },
{ "type": "Feature", "properties": { "aaa": "Madre de Dios", "ala": "Tahuamanu - Madre de Dios", "resolucion": "RD 0035-2019", "fecha": "18\/01\/2019", "archivo": "59-RD-0035-2019-03.pdf", "codlugarus": null, "lugaruso": "ESTACIÓN DE SERVICIOS SERVICENTRO SANTA MARIA (AV. CIRCUNVALACIÓN CON JR. BAQUIJANO 855)-PUERTO MALDONADO", "uso": "Otros Usos", "clase": "Licencia", "volumen": 3139.0, "area": 0.0, "modulo": 0.0, "usuario": "RIVERA TRISTAN, CARMEN LUISA.", "documento": "DNI: 23994497", "fuentetipo": null, "fuente": "Acuífero INTERCUENCA MEDIO ALTO MADRE DE DIOS 46647", "volumenfue": null, "cur": 2.0190035045912125e+19, "organizaci": null, "bloquecodi": null, "bloquenomb": null, "coordenada": null, "departamen": null, "provincia": "Tambopata", "distrito": "Tambopata", "juntausuar": null, "comisionco": null, "fecharegis": null, "validado": "JUAN92_JS", "pozo": null, "codpozo": null, "numfila": 1, "datum": "WGS 84 (UTM)", "zona": 19, "este": 478069, "norte": 8608381, "unidadhidr": null, "areatotal": 0.0 }, "geometry": { "type": "Point", "coordinates": [ -69.201910332831801, -12.588322564479093 ] } },
{ "type": "Feature", "properties": { "aaa": "Madre de Dios", "ala": "Tahuamanu - Madre de Dios", "resolucion": "RD 0040-2019", "fecha": "22\/01\/2019", "archivo": "59-RD-0040-2019-03.pdf", "codlugarus": null, "lugaruso": "ESTANQUE FLOR 946 M2-COMUNIDAD NATIVA DE SHINTUYA", "uso": "Acuícola", "clase": "Licencia", "volumen": 17028.0, "area": 0.0, "modulo": 0.0, "usuario": "CORISEPA QUIRAMO,FLOR NELIDA.", "documento": "DNI: 47032216", "fuentetipo": null, "fuente": "Quebrada FLOR", "volumenfue": null, "cur": 2.0190040045904196e+19, "organizaci": null, "bloquecodi": null, "bloquenomb": null, "coordenada": null, "departamen": null, "provincia": "Manu", "distrito": "Manu", "juntausuar": null, "comisionco": null, "fecharegis": null, "validado": "JUAN92_JS", "pozo": null, "codpozo": null, "numfila": 1, "datum": "WGS 84 (UTM)", "zona": 19, "este": 250164, "norte": 8598164, "unidadhidr": null, "areatotal": 0.0 }, "geometry": { "type": "Point", "coordinates": [ -71.300324049477567, -12.670838731366553 ] } },
{ "type": "Feature", "properties": { "aaa": "Madre de Dios", "ala": "Tahuamanu - Madre de Dios", "resolucion": "RD 0043-2019", "fecha": "22\/01\/2019", "archivo": "59-RD-0043-2019-03.pdf", "codlugarus": null, "lugaruso": "ESTANQUE MARIA DE 1034 M2", "uso": "Acuícola", "clase": "Licencia", "volumen": 18612.0, "area": 0.0, "modulo": 0.0, "usuario": "BARIO SANTOS, MARIA JESUS.", "documento": "DNI: 04960903", "fuentetipo": null, "fuente": "Quebrada MARIA", "volumenfue": null, "cur": 2.0190043045904073e+19, "organizaci": null, "bloquecodi": null, "bloquenomb": null, "coordenada": null, "departamen": null, "provincia": "Manu", "distrito": "Manu", "juntausuar": null, "comisionco": null, "fecharegis": null, "validado": "JUAN92_JS", "pozo": null, "codpozo": null, "numfila": 1, "datum": "WGS 84 (UTM)", "zona": 19, "este": 249943, "norte": 8598079, "unidadhidr": null, "areatotal": 0.0 }, "geometry": { "type": "Point", "coordinates": [ -71.302364615005828, -12.671589154373615 ] } },
{ "type": "Feature", "properties": { "aaa": "Madre de Dios", "ala": "Tahuamanu - Madre de Dios", "resolucion": "RD 0044-2019", "fecha": "22\/01\/2019", "archivo": "59-RD-0044-2019-03.pdf", "codlugarus": null, "lugaruso": "02 ESTANQUES DE TIERRA (POZAS) ESTELA DE 733 M2", "uso": "Acuícola", "clase": "Licencia", "volumen": 13258.08, "area": 0.0, "modulo": 0.0, "usuario": "MIRANDA JEREHUA, ZEYTEL ESTELA", "documento": "DNI: 72712372", "fuentetipo": null, "fuente": "Quebrada ESTELA", "volumenfue": null, "cur": 2.0190044045904073e+19, "organizaci": null, "bloquecodi": null, "bloquenomb": null, "coordenada": null, "departamen": null, "provincia": "Paucartambo", "distrito": "Kosñipata", "juntausuar": null, "comisionco": null, "fecharegis": null, "validado": "JUAN92_JS", "pozo": null, "codpozo": null, "numfila": 1, "datum": "WGS 84 (UTM)", "zona": 19, "este": 245628, "norte": 8565482, "unidadhidr": null, "areatotal": 0.0 }, "geometry": { "type": "Point", "coordinates": [ -71.344796243174812, -12.96576382794831 ] } },
{ "type": "Feature", "properties": { "aaa": "Madre de Dios", "ala": "Tahuamanu - Madre de Dios", "resolucion": "RD 0045-2019", "fecha": "23\/01\/2019", "archivo": "59-RD-0045-2019-03.pdf", "codlugarus": null, "lugaruso": "ESTANQUE MIGUEL DE 926 M2-CN DE SHINTUYA", "uso": "Acuícola", "clase": "Licencia", "volumen": 16668.0, "area": 0.0, "modulo": 0.0, "usuario": "VISSE MANI, MIGUEL ANGEL.", "documento": "DNI: 04960657", "fuentetipo": null, "fuente": "Quebrada MIGUEL", "volumenfue": null, "cur": 2.0190045045904073e+19, "organizaci": null, "bloquecodi": null, "bloquenomb": null, "coordenada": null, "departamen": null, "provincia": "Manu", "distrito": "Manu", "juntausuar": null, "comisionco": null, "fecharegis": null, "validado": "JUAN92_JS", "pozo": null, "codpozo": null, "numfila": 1, "datum": "WGS 84 (UTM)", "zona": 19, "este": 249673, "norte": 8598276, "unidadhidr": null, "areatotal": 0.0 }, "geometry": { "type": "Point", "coordinates": [ -71.304833184581327, -12.669787616472243 ] } },
{ "type": "Feature", "properties": { "aaa": "Madre de Dios", "ala": "Tahuamanu - Madre de Dios", "resolucion": "RD 0047-2019", "fecha": "23\/01\/2019", "archivo": "59-RD-0047-2019-03.pdf", "codlugarus": null, "lugaruso": "ESTANQUE GRACIELA DE 1687 M2-COMUNIDAD NATIVA DE SHINTUYA", "uso": "Acuícola", "clase": "Licencia", "volumen": 28341.6, "area": 0.0, "modulo": 0.0, "usuario": "OJEDA PEÑAREAL, GRACIELA.", "documento": "DNI: 04964434", "fuentetipo": null, "fuente": "Quebrada GRACIELA", "volumenfue": null, "cur": 2.0190047045904114e+19, "organizaci": null, "bloquecodi": null, "bloquenomb": null, "coordenada": null, "departamen": null, "provincia": "Manu", "distrito": "Manu", "juntausuar": null, "comisionco": null, "fecharegis": null, "validado": "JUAN92_JS", "pozo": null, "codpozo": null, "numfila": 1, "datum": "WGS 84 (UTM)", "zona": 19, "este": 250702, "norte": 8596699, "unidadhidr": null, "areatotal": 0.0 }, "geometry": { "type": "Point", "coordinates": [ -71.295491897711088, -12.68411872817089 ] } },
{ "type": "Feature", "properties": { "aaa": "Madre de Dios", "ala": "Tahuamanu - Madre de Dios", "resolucion": "RD 0048-2019", "fecha": "23\/01\/2019", "archivo": "59-RD-0048-2019-03.pdf", "codlugarus": null, "lugaruso": "ESTANQUE HECTOR DE 427 M2", "uso": "Acuícola", "clase": "Licencia", "volumen": 7173.6, "area": 0.0, "modulo": 0.0, "usuario": "CARASE OCHOA. HECTOR.", "documento": "DNI: 46311703", "fuentetipo": null, "fuente": "Filtración HECTOR", "volumenfue": null, "cur": 2.0190048045904142e+19, "organizaci": null, "bloquecodi": null, "bloquenomb": null, "coordenada": null, "departamen": null, "provincia": "Manu", "distrito": "Manu", "juntausuar": null, "comisionco": null, "fecharegis": null, "validado": "JUAN92_JS", "pozo": null, "codpozo": null, "numfila": 1, "datum": "WGS 84 (UTM)", "zona": 19, "este": 250543, "norte": 8598145, "unidadhidr": null, "areatotal": 0.0 }, "geometry": { "type": "Point", "coordinates": [ -71.296837979436788, -12.671040559919421 ] } },
{ "type": "Feature", "properties": { "aaa": "Madre de Dios", "ala": "Tahuamanu - Madre de Dios", "resolucion": "RD 0051-2019", "fecha": "24\/01\/2019", "archivo": "59-RD-0051-2019-03.pdf", "codlugarus": null, "lugaruso": "ESTANQUE FEDERICO DE 200 M2", "uso": "Acuícola", "clase": "Licencia", "volumen": 3600.0, "area": 0.0, "modulo": 0.0, "usuario": "CAPARI BIO, FEDERICO.", "documento": "DNI: 04960218", "fuentetipo": null, "fuente": "Filtración FEDERICO", "volumenfue": null, "cur": 2.0190051045904163e+19, "organizaci": null, "bloquecodi": null, "bloquenomb": null, "coordenada": null, "departamen": null, "provincia": "Manu", "distrito": "Manu", "juntausuar": null, "comisionco": null, "fecharegis": null, "validado": "JUAN92_JS", "pozo": null, "codpozo": null, "numfila": 1, "datum": "WGS 84 (UTM)", "zona": 19, "este": 250421, "norte": 8598508, "unidadhidr": null, "areatotal": 0.0 }, "geometry": { "type": "Point", "coordinates": [ -71.297931242164353, -12.667750926244734 ] } },
{ "type": "Feature", "properties": { "aaa": "Madre de Dios", "ala": "Tahuamanu - Madre de Dios", "resolucion": "RD 0053-2019", "fecha": "24\/01\/2019", "archivo": "59-RD-0053-2019-03.pdf", "codlugarus": null, "lugaruso": "ESTANQUE GEORGINA DE 468 M2-COMUNIDAD NATIVA DE SHINTUYA", "uso": "Acuícola", "clase": "Licencia", "volumen": 8985.6, "area": 0.0, "modulo": 0.0, "usuario": "CARECHE IRIMONA, GEORGINA", "documento": "DNI: 04961022", "fuentetipo": null, "fuente": "Filtración GEORGINA", "volumenfue": null, "cur": 2.0190053045904163e+19, "organizaci": null, "bloquecodi": null, "bloquenomb": null, "coordenada": null, "departamen": null, "provincia": "Manu", "distrito": "Manu", "juntausuar": null, "comisionco": null, "fecharegis": null, "validado": "JUAN92_JS", "pozo": null, "codpozo": null, "numfila": 1, "datum": "WGS 84 (UTM)", "zona": 19, "este": 250399, "norte": 8598474, "unidadhidr": null, "areatotal": 0.0 }, "geometry": { "type": "Point", "coordinates": [ -71.298136440248271, -12.668056388188635 ] } },
{ "type": "Feature", "properties": { "aaa": "Madre de Dios", "ala": "Tahuamanu - Madre de Dios", "resolucion": "RA 0054-2019", "fecha": "11\/06\/2019", "archivo": "59-RA-0054-2019-02.pdf", "codlugarus": null, "lugaruso": "JR. JOSE MARIA ARGUEDAS S\/N AA.HH. 7 DE JUNIO", "uso": "Industrial", "clase": "Licencia", "volumen": 5880.15, "area": 0.0, "modulo": 0.0, "usuario": "EMPRESA DE TRANSPORTES RAPIDO EXPRESS SOCIEDAD ANONIMA", "documento": "RUC: 20527625883", "fuentetipo": null, "fuente": "Acuífero INTERCUENCA MEDIO ALTO MADRE DE DIOS 46647", "volumenfue": null, "cur": 2.0190054015906169e+19, "organizaci": null, "bloquecodi": null, "bloquenomb": null, "coordenada": null, "departamen": null, "provincia": "Tambopata", "distrito": "Tambopata", "juntausuar": null, "comisionco": null, "fecharegis": null, "validado": "WTICONA", "pozo": null, "codpozo": null, "numfila": 1, "datum": "WGS 84 (UTM)", "zona": 19, "este": 478310, "norte": 8608647, "unidadhidr": null, "areatotal": 0.0 }, "geometry": { "type": "Point", "coordinates": [ -69.199689687455574, -12.585918805930266 ] } },
{ "type": "Feature", "properties": { "aaa": "Madre de Dios", "ala": "Tahuamanu - Madre de Dios", "resolucion": "RD 0054-2019", "fecha": "24\/01\/2019", "archivo": "59-RD-0054-2019-03.pdf", "codlugarus": null, "lugaruso": "ESTANQUE HORTENSIA DE 697 M2-COMUNIDAD NATIVA DE SHINTUYA", "uso": "Acuícola", "clase": "Licencia", "volumen": 12546.0, "area": 0.0, "modulo": 0.0, "usuario": "RODRIGUEZ ZELA, HORTENSIA.", "documento": "DNI: 04960241", "fuentetipo": null, "fuente": "Filtración HORTENSIA", "volumenfue": null, "cur": 2.0190054045904163e+19, "organizaci": null, "bloquecodi": null, "bloquenomb": null, "coordenada": null, "departamen": null, "provincia": "Manu", "distrito": "Manu", "juntausuar": null, "comisionco": null, "fecharegis": null, "validado": "JUAN92_JS", "pozo": null, "codpozo": null, "numfila": 1, "datum": "WGS 84 (UTM)", "zona": 19, "este": 250392, "norte": 8598535, "unidadhidr": null, "areatotal": 0.0 }, "geometry": { "type": "Point", "coordinates": [ -71.2981959142395, -12.667504658279377 ] } },
{ "type": "Feature", "properties": { "aaa": "Madre de Dios", "ala": "Tahuamanu - Madre de Dios", "resolucion": "RD 0055-2019", "fecha": "24\/01\/2019", "archivo": "59-RD-0055-2019-03.pdf", "codlugarus": null, "lugaruso": "ESTANQUE FELIPE DE 756 M2-COMUNIDAD NATIVA DE SHINTUYA", "uso": "Acuícola", "clase": "Licencia", "volumen": 13608.0, "area": 0.0, "modulo": 0.0, "usuario": "SONQUE MACA, FELIPE.", "documento": "DNI: 04960898", "fuentetipo": null, "fuente": "Quebrada FELIPE", "volumenfue": null, "cur": 2.0190055045904167e+19, "organizaci": null, "bloquecodi": null, "bloquenomb": null, "coordenada": null, "departamen": null, "provincia": "Manu", "distrito": "Manu", "juntausuar": null, "comisionco": null, "fecharegis": null, "validado": "JUAN92_JS", "pozo": null, "codpozo": null, "numfila": 1, "datum": "WGS 84 (UTM)", "zona": 19, "este": 249837, "norte": 8598866, "unidadhidr": null, "areatotal": 0.0 }, "geometry": { "type": "Point", "coordinates": [ -71.303276160627973, -12.664469692738447 ] } },
{ "type": "Feature", "properties": { "aaa": "Madre de Dios", "ala": "Tahuamanu - Madre de Dios", "resolucion": "RD 0056-2019", "fecha": "24\/01\/2019", "archivo": "59-RD-0056-2019-03.pdf", "codlugarus": null, "lugaruso": "ESTANQUE DAVID DE 1710 M2-COMUNIDAD NATIVA DE SHINTUYA", "uso": "Acuícola", "clase": "Licencia", "volumen": 30780.0, "area": 0.0, "modulo": 0.0, "usuario": "YURI VISSE, DAVID WALTER.", "documento": "DNI: 80659960", "fuentetipo": null, "fuente": "Filtración DAVID", "volumenfue": null, "cur": 2.0190056045904167e+19, "organizaci": null, "bloquecodi": null, "bloquenomb": null, "coordenada": null, "departamen": null, "provincia": "Manu", "distrito": "Manu", "juntausuar": null, "comisionco": null, "fecharegis": null, "validado": "JUAN92_JS", "pozo": null, "codpozo": null, "numfila": 1, "datum": "WGS 84 (UTM)", "zona": 19, "este": 249546, "norte": 8598613, "unidadhidr": null, "areatotal": 0.0 }, "geometry": { "type": "Point", "coordinates": [ -71.305974458514996, -12.666732494317461 ] } },
{ "type": "Feature", "properties": { "aaa": "Madre de Dios", "ala": "Tahuamanu - Madre de Dios", "resolucion": "RA 0058-2019", "fecha": "16\/09\/2019", "archivo": "59-RA-0058-2019-02.pdf", "codlugarus": null, "lugaruso": "ESTANQUE", "uso": "Acuícola", "clase": "Permiso", "volumen": 36000.0, "area": 0.0, "modulo": 0.0, "usuario": "BALCON FLORES, LUIS ARCANGEL.", "documento": "DNI: 04824092", "fuentetipo": null, "fuente": "Lluvia LLUVIA", "volumenfue": null, "cur": 2.0190058025904112e+19, "organizaci": null, "bloquecodi": null, "bloquenomb": null, "coordenada": null, "departamen": null, "provincia": "Tambopata", "distrito": "Las Piedras", "juntausuar": null, "comisionco": null, "fecharegis": null, "validado": "JUAN92_JS", "pozo": null, "codpozo": null, "numfila": 1, "datum": "WGS 84 (UTM)", "zona": 19, "este": 491910, "norte": 8613536, "unidadhidr": null, "areatotal": 0.0 }, "geometry": { "type": "Point", "coordinates": [ -69.074468258105739, -12.541771660913986 ] } },
{ "type": "Feature", "properties": { "aaa": "Madre de Dios", "ala": "Tahuamanu - Madre de Dios", "resolucion": "RA 0059-2019", "fecha": "16\/09\/2019", "archivo": "59-RA-0059-2019-02.pdf", "codlugarus": null, "lugaruso": "ESTANQUE", "uso": "Acuícola", "clase": "Permiso", "volumen": 72000.0, "area": 0.0, "modulo": 0.0, "usuario": "IKEDA GAHONA, RENE.", "documento": "DNI: 04827168", "fuentetipo": null, "fuente": "Lluvia LLUVIA", "volumenfue": null, "cur": 2.0190059025904112e+19, "organizaci": null, "bloquecodi": null, "bloquenomb": null, "coordenada": null, "departamen": null, "provincia": "Tambopata", "distrito": "Las Piedras", "juntausuar": null, "comisionco": null, "fecharegis": null, "validado": "JUAN92_JS", "pozo": null, "codpozo": null, "numfila": 1, "datum": "WGS 84 (UTM)", "zona": 19, "este": 484320, "norte": 8645729, "unidadhidr": null, "areatotal": 0.0 }, "geometry": { "type": "Point", "coordinates": [ -69.144173836775167, -12.250618736255326 ] } },
{ "type": "Feature", "properties": { "aaa": "Madre de Dios", "ala": "Tahuamanu - Madre de Dios", "resolucion": "RD 0059-2019", "fecha": "25\/01\/2019", "archivo": "59-RD-0059-2019-03.pdf", "codlugarus": null, "lugaruso": "ESTANQUE FRANKLIN DE 1242 M2-COMUNIDAD NATIVA DE SHINTUYA", "uso": "Acuícola", "clase": "Licencia", "volumen": 22356.0, "area": 0.0, "modulo": 0.0, "usuario": "YURI VISSE, FRANKLIN JHONATAN.", "documento": "DNI: 44163251", "fuentetipo": null, "fuente": "Filtración FRANKLIN", "volumenfue": null, "cur": 2.0190059045904171e+19, "organizaci": null, "bloquecodi": null, "bloquenomb": null, "coordenada": null, "departamen": null, "provincia": "Manu", "distrito": "Manu", "juntausuar": null, "comisionco": null, "fecharegis": null, "validado": "JUAN92_JS", "pozo": null, "codpozo": null, "numfila": 1, "datum": "WGS 84 (UTM)", "zona": 19, "este": 249583, "norte": 8598666, "unidadhidr": null, "areatotal": 0.0 }, "geometry": { "type": "Point", "coordinates": [ -71.305629681032556, -12.666256560412354 ] } },
{ "type": "Feature", "properties": { "aaa": "Madre de Dios", "ala": "Tahuamanu - Madre de Dios", "resolucion": "RA 0060-2019", "fecha": "16\/09\/2019", "archivo": "59-RA-0060-2019-02.pdf", "codlugarus": null, "lugaruso": "ESTANQUE", "uso": "Acuícola", "clase": "Permiso", "volumen": 25920.0, "area": 0.0, "modulo": 0.0, "usuario": "ALARCON LLAULLE, JAIME MARCELINO.", "documento": "DNI: 31421067", "fuentetipo": null, "fuente": "Lluvia LLUVIA", "volumenfue": null, "cur": 2.0190060025904116e+19, "organizaci": null, "bloquecodi": null, "bloquenomb": null, "coordenada": null, "departamen": null, "provincia": "Tambopata", "distrito": "Laberinto", "juntausuar": null, "comisionco": null, "fecharegis": null, "validado": "JUAN92_JS", "pozo": null, "codpozo": null, "numfila": 1, "datum": "WGS 84 (UTM)", "zona": 19, "este": 443388, "norte": 8590643, "unidadhidr": null, "areatotal": 0.0 }, "geometry": { "type": "Point", "coordinates": [ -69.521524587599032, -12.74828832485059 ] } },
{ "type": "Feature", "properties": { "aaa": "Madre de Dios", "ala": "Tahuamanu - Madre de Dios", "resolucion": "RA 0061-2019", "fecha": "16\/09\/2019", "archivo": "59-RA-0061-2019-02.pdf", "codlugarus": null, "lugaruso": "ESTANQUE", "uso": "Acuícola", "clase": "Permiso", "volumen": 15876.0, "area": 0.0, "modulo": 0.0, "usuario": "BETTSY LILA BOURONCLE HERRERA", "documento": "DNI: 04801511", "fuentetipo": null, "fuente": "Lluvia LLUVIA", "volumenfue": null, "cur": 2.0190061025904116e+19, "organizaci": null, "bloquecodi": null, "bloquenomb": null, "coordenada": null, "departamen": null, "provincia": "Tambopata", "distrito": "Tambopata", "juntausuar": null, "comisionco": null, "fecharegis": null, "validado": "JUAN92_JS", "pozo": null, "codpozo": null, "numfila": 1, "datum": "WGS 84 (UTM)", "zona": 19, "este": 478437, "norte": 8605766, "unidadhidr": null, "areatotal": 0.0 }, "geometry": { "type": "Point", "coordinates": [ -69.198540510821729, -12.611972376886412 ] } },
{ "type": "Feature", "properties": { "aaa": "Madre de Dios", "ala": "Tahuamanu - Madre de Dios", "resolucion": "RA 0062-2019", "fecha": "16\/09\/2019", "archivo": "59-RA-0062-2019-02.pdf", "codlugarus": null, "lugaruso": "ESTANQUE", "uso": "Acuícola", "clase": "Permiso", "volumen": 59200.0, "area": 0.0, "modulo": 0.0, "usuario": "CANAL ZAMORA, ROLANDO.", "documento": "DNI: 04826762", "fuentetipo": null, "fuente": "Lluvia LLUVIA", "volumenfue": null, "cur": 2.0190062025904116e+19, "organizaci": null, "bloquecodi": null, "bloquenomb": null, "coordenada": null, "departamen": null, "provincia": "Tambopata", "distrito": "Las Piedras", "juntausuar": null, "comisionco": null, "fecharegis": null, "validado": "JUAN92_JS", "pozo": null, "codpozo": null, "numfila": 1, "datum": "WGS 84 (UTM)", "zona": 19, "este": 491516, "norte": 8613323, "unidadhidr": null, "areatotal": 0.0 }, "geometry": { "type": "Point", "coordinates": [ -69.078095596814734, -12.543696794302573 ] } },
{ "type": "Feature", "properties": { "aaa": "Madre de Dios", "ala": "Tahuamanu - Madre de Dios", "resolucion": "RA 0063-2019", "fecha": "16\/09\/2019", "archivo": "59-RA-0063-2019-02.pdf", "codlugarus": null, "lugaruso": "ESTANQUE", "uso": "Acuícola", "clase": "Permiso", "volumen": 93600.0, "area": 0.0, "modulo": 0.0, "usuario": "IKEDA YOSHIKAWA, REYNALDO.", "documento": "DNI: 06302914", "fuentetipo": null, "fuente": "Lluvia LLUVIA", "volumenfue": null, "cur": 2.0190063025904116e+19, "organizaci": null, "bloquecodi": null, "bloquenomb": null, "coordenada": null, "departamen": null, "provincia": "Tambopata", "distrito": "Las Piedras", "juntausuar": null, "comisionco": null, "fecharegis": null, "validado": "JUAN92_JS", "pozo": null, "codpozo": null, "numfila": 1, "datum": "WGS 84 (UTM)", "zona": 19, "este": 482820, "norte": 8635355, "unidadhidr": null, "areatotal": 0.0 }, "geometry": { "type": "Point", "coordinates": [ -69.158021973700457, -12.344424869497576 ] } },
{ "type": "Feature", "properties": { "aaa": "Madre de Dios", "ala": "Tahuamanu - Madre de Dios", "resolucion": "RD 0063-2019", "fecha": "25\/01\/2019", "archivo": "59-RD-0063-2019-03.pdf", "codlugarus": null, "lugaruso": "ESTANQUE DAMARIS DE 1121 M2-COMUNIDAD NATIVA DE QUEROS", "uso": "Acuícola", "clase": "Licencia", "volumen": 18958.75, "area": 0.0, "modulo": 0.0, "usuario": "TERRAZAS JEREHUA, DAMARIS", "documento": "DNI: 44342224", "fuentetipo": null, "fuente": "Quebrada ESTELA", "volumenfue": null, "cur": 2.0190063045904171e+19, "organizaci": null, "bloquecodi": null, "bloquenomb": null, "coordenada": null, "departamen": null, "provincia": "Paucartambo", "distrito": "Kosñipata", "juntausuar": null, "comisionco": null, "fecharegis": null, "validado": "JUAN92_JS", "pozo": null, "codpozo": null, "numfila": 1, "datum": "WGS 84 (UTM)", "zona": 19, "este": 245583, "norte": 8565411, "unidadhidr": null, "areatotal": 0.0 }, "geometry": { "type": "Point", "coordinates": [ -71.345216818211071, -12.966401585746031 ] } },
{ "type": "Feature", "properties": { "aaa": "Madre de Dios", "ala": "Tahuamanu - Madre de Dios", "resolucion": "RA 0064-2019", "fecha": "16\/09\/2019", "archivo": "59-RA-0064-2019-02.pdf", "codlugarus": null, "lugaruso": "ESTANQUE", "uso": "Acuícola", "clase": "Permiso", "volumen": 388350.0, "area": 0.0, "modulo": 0.0, "usuario": "JOVINO FIGUEIREDO, CLARIBELLY IRENE.", "documento": "DNI: 40403501", "fuentetipo": null, "fuente": "Lluvia LLUVIA", "volumenfue": null, "cur": 2.019006402590412e+19, "organizaci": null, "bloquecodi": null, "bloquenomb": null, "coordenada": null, "departamen": null, "provincia": "Tambopata", "distrito": "Las Piedras", "juntausuar": null, "comisionco": null, "fecharegis": null, "validado": "JUAN92_JS", "pozo": null, "codpozo": null, "numfila": 1, "datum": "WGS 84 (UTM)", "zona": 19, "este": 492278, "norte": 8613490, "unidadhidr": null, "areatotal": 0.0 }, "geometry": { "type": "Point", "coordinates": [ -69.071080942781137, -12.542188557838205 ] } },
{ "type": "Feature", "properties": { "aaa": "Madre de Dios", "ala": "Tahuamanu - Madre de Dios", "resolucion": "RD 0064-2019", "fecha": "25\/01\/2019", "archivo": "59-RD-0064-2019-03.pdf", "codlugarus": null, "lugaruso": "ESTANQUE ELSA DE 2102 M2-COMUNIDAD NATIVA DE QUEROS", "uso": "Acuícola", "clase": "Licencia", "volumen": 35394.62, "area": 0.0, "modulo": 0.0, "usuario": "JEREHUA DARIQUEBE, ELSA.", "documento": "DNI: 25131613", "fuentetipo": null, "fuente": "Quebrada ESTELA", "volumenfue": null, "cur": 2.0190064045904171e+19, "organizaci": null, "bloquecodi": null, "bloquenomb": null, "coordenada": null, "departamen": null, "provincia": "Paucartambo", "distrito": "Kosñipata", "juntausuar": null, "comisionco": null, "fecharegis": null, "validado": "JUAN92_JS", "pozo": null, "codpozo": null, "numfila": 1, "datum": "WGS 84 (UTM)", "zona": 19, "este": 245616, "norte": 8565420, "unidadhidr": null, "areatotal": 0.0 }, "geometry": { "type": "Point", "coordinates": [ -71.344912041702699, -12.96632300939609 ] } },
{ "type": "Feature", "properties": { "aaa": "Madre de Dios", "ala": "Tahuamanu - Madre de Dios", "resolucion": "RA 0065-2019", "fecha": "16\/09\/2019", "archivo": "59-RA-0065-2019-02.pdf", "codlugarus": null, "lugaruso": "ESTANQUE", "uso": "Acuícola", "clase": "Permiso", "volumen": 11640.0, "area": 0.0, "modulo": 0.0, "usuario": "NISHIDA TANAKA, GEBER.", "documento": "DNI: 05060804", "fuentetipo": null, "fuente": "Lluvia LLUVIA", "volumenfue": null, "cur": 2.019006502590412e+19, "organizaci": null, "bloquecodi": null, "bloquenomb": null, "coordenada": null, "departamen": null, "provincia": "Tambopata", "distrito": "Las Piedras", "juntausuar": null, "comisionco": null, "fecharegis": null, "validado": "JUAN92_JS", "pozo": null, "codpozo": null, "numfila": 1, "datum": "WGS 84 (UTM)", "zona": 19, "este": 483134, "norte": 8624147, "unidadhidr": null, "areatotal": 0.0 }, "geometry": { "type": "Point", "coordinates": [ -69.155193741973974, -12.445781534054385 ] } },
{ "type": "Feature", "properties": { "aaa": "Madre de Dios", "ala": "Tahuamanu - Madre de Dios", "resolucion": "RA 0066-2019", "fecha": "16\/09\/2019", "archivo": "59-RA-0066-2019-02.pdf", "codlugarus": null, "lugaruso": "ESTANQUE", "uso": "Acuícola", "clase": "Permiso", "volumen": 36000.0, "area": 0.0, "modulo": 0.0, "usuario": "CHAVEZ LOPEZ, JORGE DENIS.", "documento": "DNI: 04802823", "fuentetipo": null, "fuente": "Lluvia LLUVIA", "volumenfue": null, "cur": 2.0190066025904124e+19, "organizaci": null, "bloquecodi": null, "bloquenomb": null, "coordenada": null, "departamen": null, "provincia": "Tambopata", "distrito": "Laberinto", "juntausuar": null, "comisionco": null, "fecharegis": null, "validado": "JUAN92_JS", "pozo": null, "codpozo": null, "numfila": 1, "datum": "WGS 84 (UTM)", "zona": 19, "este": 447514, "norte": 8594168, "unidadhidr": null, "areatotal": 0.0 }, "geometry": { "type": "Point", "coordinates": [ -69.483455392534054, -12.716485451533481 ] } },
{ "type": "Feature", "properties": { "aaa": "Madre de Dios", "ala": "Tahuamanu - Madre de Dios", "resolucion": "RD 0066-2019", "fecha": "25\/01\/2019", "archivo": "59-RD-0066-2019-04.pdf", "codlugarus": null, "lugaruso": "VIVIENDA-SECTOR BANCOPATA", "uso": "Doméstico - Poblacional", "clase": "Licencia", "volumen": 709.05, "area": 0.0, "modulo": 0.0, "usuario": "BRAYLDE ALZAMORA SANDOVAL", "documento": "DNI: 04818617", "fuentetipo": null, "fuente": "Manantial COQUITO", "volumenfue": null, "cur": 2.0190066045902184e+19, "organizaci": null, "bloquecodi": null, "bloquenomb": null, "coordenada": null, "departamen": null, "provincia": "Manu", "distrito": "Huepetuhe", "juntausuar": null, "comisionco": null, "fecharegis": null, "validado": "PSANTIN", "pozo": null, "codpozo": null, "numfila": 1, "datum": "WGS 84 (UTM)", "zona": 19, "este": 333578, "norte": 8562928, "unidadhidr": null, "areatotal": 0.0 }, "geometry": { "type": "Point", "coordinates": [ -70.534475313792029, -12.994891530378881 ] } },
{ "type": "Feature", "properties": { "aaa": "Madre de Dios", "ala": "Tahuamanu - Madre de Dios", "resolucion": "RA 0067-2019", "fecha": "16\/09\/2019", "archivo": "59-RA-0067-2019-02.pdf", "codlugarus": null, "lugaruso": "ESTANQUE", "uso": "Acuícola", "clase": "Permiso", "volumen": 21600.0, "area": 0.0, "modulo": 0.0, "usuario": "ANTONIA CAHUAPAZA QUISPE", "documento": "DNI: 04818958", "fuentetipo": null, "fuente": "Lluvia LLUVIA", "volumenfue": null, "cur": 2.0190067025904124e+19, "organizaci": null, "bloquecodi": null, "bloquenomb": null, "coordenada": null, "departamen": null, "provincia": "Tambopata", "distrito": "Las Piedras", "juntausuar": null, "comisionco": null, "fecharegis": null, "validado": "JUAN92_JS", "pozo": null, "codpozo": null, "numfila": 1, "datum": "WGS 84 (UTM)", "zona": 19, "este": 486743, "norte": 8607326, "unidadhidr": null, "areatotal": 0.0 }, "geometry": { "type": "Point", "coordinates": [ -69.122056811086537, -12.597911233288015 ] } },
{ "type": "Feature", "properties": { "aaa": "Madre de Dios", "ala": "Tahuamanu - Madre de Dios", "resolucion": "RD 0067-2019", "fecha": "28\/01\/2019", "archivo": "59-RD-0067-2019-03.pdf", "codlugarus": null, "lugaruso": "ESTANQUE EMILIO", "uso": "Acuícola", "clase": "Licencia", "volumen": 23737.54, "area": 0.0, "modulo": 0.0, "usuario": "QUISPE HUILLCA, EMILIO.", "documento": "DNI: 80222740", "fuentetipo": null, "fuente": "Quebrada EMILIO", "volumenfue": null, "cur": 2.0190067045904122e+19, "organizaci": null, "bloquecodi": null, "bloquenomb": null, "coordenada": null, "departamen": null, "provincia": "Paucartambo", "distrito": "Kosñipata", "juntausuar": null, "comisionco": null, "fecharegis": null, "validado": "JUAN92_JS", "pozo": null, "codpozo": null, "numfila": 1, "datum": "WGS 84 (UTM)", "zona": 19, "este": 243195, "norte": 8566459, "unidadhidr": null, "areatotal": 0.0 }, "geometry": { "type": "Point", "coordinates": [ -71.367126723089882, -12.95673372766651 ] } },
{ "type": "Feature", "properties": { "aaa": "Madre de Dios", "ala": "Tahuamanu - Madre de Dios", "resolucion": "RA 0068-2019", "fecha": "16\/09\/2019", "archivo": "59-RA-0068-2019-02.pdf", "codlugarus": null, "lugaruso": "ESTANQUE", "uso": "Acuícola", "clase": "Permiso", "volumen": 50160.0, "area": 0.0, "modulo": 0.0, "usuario": "HALANOCCA QUISPE, ISIDRO.", "documento": "DNI: 04822778", "fuentetipo": null, "fuente": "Lluvia LLUVIA", "volumenfue": null, "cur": 2.0190068025904124e+19, "organizaci": null, "bloquecodi": null, "bloquenomb": null, "coordenada": null, "departamen": null, "provincia": "Tambopata", "distrito": "Las Piedras", "juntausuar": null, "comisionco": null, "fecharegis": null, "validado": "JUAN92_JS", "pozo": null, "codpozo": null, "numfila": 1, "datum": "WGS 84 (UTM)", "zona": 19, "este": 486761, "norte": 8651390, "unidadhidr": null, "areatotal": 0.0 }, "geometry": { "type": "Point", "coordinates": [ -69.121706053752177, -12.199435937290737 ] } },
{ "type": "Feature", "properties": { "aaa": "Madre de Dios", "ala": "Tahuamanu - Madre de Dios", "resolucion": "RD 0068-2019", "fecha": "28\/01\/2019", "archivo": "59-RD-0068-2019-03.pdf", "codlugarus": null, "lugaruso": "ESTANQUE \"CARMEN DE 1332 M2\"", "uso": "Acuícola", "clase": "Licencia", "volumen": 24052.9, "area": 0.0, "modulo": 0.0, "usuario": "DARIQUEBE JEREHUA, CARMEN LUZ.", "documento": "DNI: 25132618", "fuentetipo": null, "fuente": "Quebrada LUZ", "volumenfue": null, "cur": 2.0190068045904126e+19, "organizaci": null, "bloquecodi": null, "bloquenomb": null, "coordenada": null, "departamen": null, "provincia": "Paucartambo", "distrito": "Kosñipata", "juntausuar": null, "comisionco": null, "fecharegis": null, "validado": "JUAN92_JS", "pozo": null, "codpozo": null, "numfila": 1, "datum": "WGS 84 (UTM)", "zona": 19, "este": 245143, "norte": 8565955, "unidadhidr": null, "areatotal": 0.0 }, "geometry": { "type": "Point", "coordinates": [ -71.349224216381288, -12.961449929924591 ] } },
{ "type": "Feature", "properties": { "aaa": "Madre de Dios", "ala": "Tahuamanu - Madre de Dios", "resolucion": "RA 0069-2019", "fecha": "23\/09\/2019", "archivo": "59-RA-0069-2019-02.pdf", "codlugarus": null, "lugaruso": "ESTANQUE", "uso": "Acuícola", "clase": "Permiso", "volumen": 39600.0, "area": 0.0, "modulo": 0.0, "usuario": "KEA URQUIA, ANTONIO.", "documento": "DNI: 05064092", "fuentetipo": null, "fuente": "Lluvia LLUVIA", "volumenfue": null, "cur": 2.0190069025904124e+19, "organizaci": null, "bloquecodi": null, "bloquenomb": null, "coordenada": null, "departamen": null, "provincia": "Tahuamanu", "distrito": "Iñapari", "juntausuar": null, "comisionco": null, "fecharegis": null, "validado": "JUAN92_JS", "pozo": null, "codpozo": null, "numfila": 1, "datum": "WGS 84 (UTM)", "zona": 19, "este": 440956, "norte": 8779293, "unidadhidr": null, "areatotal": 0.0 }, "geometry": { "type": "Point", "coordinates": [ -69.54054866581032, -11.042273611041276 ] } },
{ "type": "Feature", "properties": { "aaa": "Madre de Dios", "ala": "Tahuamanu - Madre de Dios", "resolucion": "RD 0069-2019", "fecha": "28\/01\/2019", "archivo": "59-RD-0069-2019-03.pdf", "codlugarus": null, "lugaruso": "ESTANQUE JORGE", "uso": "Acuícola", "clase": "Licencia", "volumen": 7744.92, "area": 0.0, "modulo": 0.0, "usuario": "HUAMAN FOLLANO, JORGE.", "documento": "DNI: 24956962", "fuentetipo": null, "fuente": "Quebrada AQUINO", "volumenfue": null, "cur": 2.019006904590413e+19, "organizaci": null, "bloquecodi": null, "bloquenomb": null, "coordenada": null, "departamen": null, "provincia": "Paucartambo", "distrito": "Kosñipata", "juntausuar": null, "comisionco": null, "fecharegis": null, "validado": "JUAN92_JS", "pozo": null, "codpozo": null, "numfila": 1, "datum": "WGS 84 (UTM)", "zona": 19, "este": 245094, "norte": 8566043, "unidadhidr": null, "areatotal": 0.0 }, "geometry": { "type": "Point", "coordinates": [ -71.349668160846051, -12.960650767400949 ] } },
{ "type": "Feature", "properties": { "aaa": "Madre de Dios", "ala": "Tahuamanu - Madre de Dios", "resolucion": "RA 0070-2019", "fecha": "23\/09\/2019", "archivo": "59-RA-0070-2019-02.pdf", "codlugarus": null, "lugaruso": "ESTANQUE", "uso": "Acuícola", "clase": "Permiso", "volumen": 237175.0, "area": 0.0, "modulo": 0.0, "usuario": "FLORES RIOS, RAUL.", "documento": "DNI: 40485621", "fuentetipo": null, "fuente": "Lluvia LLUVIA", "volumenfue": null, "cur": 2.0190070025904124e+19, "organizaci": null, "bloquecodi": null, "bloquenomb": null, "coordenada": null, "departamen": null, "provincia": "Tahuamanu", "distrito": "Iñapari", "juntausuar": null, "comisionco": null, "fecharegis": null, "validado": "JUAN92_JS", "pozo": null, "codpozo": null, "numfila": 1, "datum": "WGS 84 (UTM)", "zona": 19, "este": 436385, "norte": 8788426, "unidadhidr": null, "areatotal": 0.0 }, "geometry": { "type": "Point", "coordinates": [ -69.582232651391593, -10.959601408434029 ] } },
{ "type": "Feature", "properties": { "aaa": "Madre de Dios", "ala": "Tahuamanu - Madre de Dios", "resolucion": "RD 0070-2019", "fecha": "28\/01\/2019", "archivo": "59-RD-0070-2019-03.pdf", "codlugarus": null, "lugaruso": "ESTANQUE \"AQUINO DE 2040M2\"", "uso": "Acuícola", "clase": "Licencia", "volumen": 36656.09, "area": 0.0, "modulo": 0.0, "usuario": "HUAMANI CUPE, AQUINO.", "documento": "DNI: 07964915", "fuentetipo": null, "fuente": "Quebrada AQUINO", "volumenfue": null, "cur": 2.0190070045904151e+19, "organizaci": null, "bloquecodi": null, "bloquenomb": null, "coordenada": null, "departamen": null, "provincia": "Paucartambo", "distrito": "Kosñipata", "juntausuar": null, "comisionco": null, "fecharegis": null, "validado": "JUAN92_JS", "pozo": null, "codpozo": null, "numfila": 1, "datum": "WGS 84 (UTM)", "zona": 19, "este": 245208, "norte": 8566323, "unidadhidr": null, "areatotal": 0.0 }, "geometry": { "type": "Point", "coordinates": [ -71.348594230093738, -12.958130415515377 ] } },
{ "type": "Feature", "properties": { "aaa": "Madre de Dios", "ala": "Tahuamanu - Madre de Dios", "resolucion": "RA 0071-2019", "fecha": "23\/09\/2019", "archivo": "59-RA-0071-2019-02.pdf", "codlugarus": null, "lugaruso": "ESTANQUE", "uso": "Acuícola", "clase": "Permiso", "volumen": 28800.0, "area": 0.0, "modulo": 0.0, "usuario": "FRIAS PERALTA, MARIA MIROSLAVA.", "documento": "DNI: 05060857", "fuentetipo": null, "fuente": "Lluvia LLUVIA", "volumenfue": null, "cur": 2.0190071025904124e+19, "organizaci": null, "bloquecodi": null, "bloquenomb": null, "coordenada": null, "departamen": null, "provincia": "Tahuamanu", "distrito": "Iberia", "juntausuar": null, "comisionco": null, "fecharegis": null, "validado": "JUAN92_JS", "pozo": null, "codpozo": null, "numfila": 1, "datum": "WGS 84 (UTM)", "zona": 19, "este": 446290, "norte": 8738440, "unidadhidr": null, "areatotal": 0.0 }, "geometry": { "type": "Point", "coordinates": [ -69.492342865840143, -11.411812346824796 ] } },
{ "type": "Feature", "properties": { "aaa": "Madre de Dios", "ala": "Tahuamanu - Madre de Dios", "resolucion": "RA 0072-2019", "fecha": "23\/09\/2019", "archivo": "59-RA-0072-2019-02.pdf", "codlugarus": null, "lugaruso": "ESTANQUE", "uso": "Acuícola", "clase": "Permiso", "volumen": 16000.0, "area": 0.0, "modulo": 0.0, "usuario": "VERGARA PEREZ, MARTINA LESMES.", "documento": "DNI: 04810241", "fuentetipo": null, "fuente": "Lluvia LLUVIA", "volumenfue": null, "cur": 2.0190072025904128e+19, "organizaci": null, "bloquecodi": null, "bloquenomb": null, "coordenada": null, "departamen": null, "provincia": "Tambopata", "distrito": "Tambopata", "juntausuar": null, "comisionco": null, "fecharegis": null, "validado": "WTICONA", "pozo": null, "codpozo": null, "numfila": 1, "datum": "WGS 84 (UTM)", "zona": 19, "este": 482019, "norte": 8613821, "unidadhidr": null, "areatotal": 0.0 }, "geometry": { "type": "Point", "coordinates": [ -69.165512839624142, -12.539153731454707 ] } },
{ "type": "Feature", "properties": { "aaa": "Madre de Dios", "ala": "Tahuamanu - Madre de Dios", "resolucion": "RA 0073-2019", "fecha": "23\/09\/2019", "archivo": "59-RA-0073-2019-02.pdf", "codlugarus": null, "lugaruso": "ESTANQUE", "uso": "Acuícola", "clase": "Permiso", "volumen": 17100.0, "area": 0.0, "modulo": 0.0, "usuario": "HERNAN LUIS CAPQUIQUE CUSI", "documento": "DNI: 04963555", "fuentetipo": null, "fuente": "Lluvia LLUVIA", "volumenfue": null, "cur": 2.0190073025904132e+19, "organizaci": null, "bloquecodi": null, "bloquenomb": null, "coordenada": null, "departamen": null, "provincia": "Tambopata", "distrito": "Tambopata", "juntausuar": null, "comisionco": null, "fecharegis": null, "validado": "JUAN92_JS", "pozo": null, "codpozo": null, "numfila": 1, "datum": "WGS 84 (UTM)", "zona": 19, "este": 479521, "norte": 8617812, "unidadhidr": null, "areatotal": 0.0 }, "geometry": { "type": "Point", "coordinates": [ -69.188480332928947, -12.50304798813235 ] } },
{ "type": "Feature", "properties": { "aaa": "Madre de Dios", "ala": "Tahuamanu - Madre de Dios", "resolucion": "RD 0073-2019", "fecha": "29\/01\/2019", "archivo": "59-RD-0073-2019-03.pdf", "codlugarus": null, "lugaruso": "ESTANQUE ERBERTO", "uso": "Acuícola", "clase": "Licencia", "volumen": 33162.9, "area": 0.0, "modulo": 0.0, "usuario": "CHUQUIHUANCA MAMANI, ERBERTO.", "documento": "DNI: 25131872", "fuentetipo": null, "fuente": "Quebrada ERBERTO", "volumenfue": null, "cur": 2.0190073045904155e+19, "organizaci": null, "bloquecodi": null, "bloquenomb": null, "coordenada": null, "departamen": null, "provincia": "Paucartambo", "distrito": "Kosñipata", "juntausuar": null, "comisionco": null, "fecharegis": null, "validado": "JUAN92_JS", "pozo": null, "codpozo": null, "numfila": 1, "datum": "WGS 84 (UTM)", "zona": 19, "este": 245167, "norte": 8566075, "unidadhidr": null, "areatotal": 0.0 }, "geometry": { "type": "Point", "coordinates": [ -71.348992948857656, -12.960367713249743 ] } },
{ "type": "Feature", "properties": { "aaa": "Madre de Dios", "ala": "Tahuamanu - Madre de Dios", "resolucion": "RA 0074-2019", "fecha": "23\/09\/2019", "archivo": "59-RA-0074-2019-02.pdf", "codlugarus": null, "lugaruso": "ESTANQUE MELISSA", "uso": "Acuícola", "clase": "Permiso", "volumen": 680332.0, "area": 0.0, "modulo": 0.0, "usuario": "CARDOZO RIOS, MELISSA BIANCA.", "documento": "DNI: 45331641", "fuentetipo": null, "fuente": "Lluvia LLUVIA", "volumenfue": null, "cur": 2.0190074025904132e+19, "organizaci": null, "bloquecodi": null, "bloquenomb": null, "coordenada": null, "departamen": null, "provincia": "Tahuamanu", "distrito": "Iñapari", "juntausuar": null, "comisionco": null, "fecharegis": null, "validado": "JUAN92_JS", "pozo": null, "codpozo": null, "numfila": 1, "datum": "WGS 84 (UTM)", "zona": 19, "este": 439211, "norte": 8783689, "unidadhidr": null, "areatotal": 0.0 }, "geometry": { "type": "Point", "coordinates": [ -69.556448920415335, -11.002489166545148 ] } },
{ "type": "Feature", "properties": { "aaa": "Madre de Dios", "ala": "Tahuamanu - Madre de Dios", "resolucion": "RD 0074-2019", "fecha": "29\/01\/2019", "archivo": "59-RD-0074-2019-03.pdf", "codlugarus": null, "lugaruso": "Estanque \"Wilber\" de 283 m2", "uso": "Acuícola", "clase": "Licencia", "volumen": 4754.59, "area": 0.0, "modulo": 0.0, "usuario": "QUERTEHUARI DARIQUEBE, WILBER", "documento": "DNI: 25132679", "fuentetipo": null, "fuente": "Quebrada AQUINO", "volumenfue": null, "cur": 2.0190074045904163e+19, "organizaci": null, "bloquecodi": null, "bloquenomb": null, "coordenada": null, "departamen": null, "provincia": "Paucartambo", "distrito": "Kosñipata", "juntausuar": null, "comisionco": null, "fecharegis": null, "validado": "JUAN92_JS", "pozo": null, "codpozo": null, "numfila": 1, "datum": "WGS 84 (UTM)", "zona": 19, "este": 245098, "norte": 8566067, "unidadhidr": null, "areatotal": 0.0 }, "geometry": { "type": "Point", "coordinates": [ -71.349629276871312, -12.960434257706533 ] } },
{ "type": "Feature", "properties": { "aaa": "Madre de Dios", "ala": "Tahuamanu - Madre de Dios", "resolucion": "RA 0075-2019", "fecha": "23\/09\/2019", "archivo": "59-RA-0075-2019-02.pdf", "codlugarus": null, "lugaruso": "ESTANQUE ERWIN", "uso": "Acuícola", "clase": "Permiso", "volumen": 137945.7, "area": 0.0, "modulo": 0.0, "usuario": "BAEZ ORTEGA, ERWIN.", "documento": "DNI: 42338445", "fuentetipo": null, "fuente": "Lluvia LLUVIA", "volumenfue": null, "cur": 2.0190075025904132e+19, "organizaci": null, "bloquecodi": null, "bloquenomb": null, "coordenada": null, "departamen": null, "provincia": "Tahuamanu", "distrito": "Iñapari", "juntausuar": null, "comisionco": null, "fecharegis": null, "validado": "JUAN92_JS", "pozo": null, "codpozo": null, "numfila": 1, "datum": "WGS 84 (UTM)", "zona": 19, "este": 440669, "norte": 8760674, "unidadhidr": null, "areatotal": 0.0 }, "geometry": { "type": "Point", "coordinates": [ -69.543488093828671, -11.210650236194009 ] } },
{ "type": "Feature", "properties": { "aaa": "Madre de Dios", "ala": "Tahuamanu - Madre de Dios", "resolucion": "RD 0075-2019", "fecha": "29\/01\/2019", "archivo": "59-RD-0075-2019-03.pdf", "codlugarus": null, "lugaruso": "Estanque Gloria", "uso": "Acuícola", "clase": "Licencia", "volumen": 25831.01, "area": 0.0, "modulo": 0.0, "usuario": "TOQUE VALENCIA, GLORIA.", "documento": "DNI: 41382855", "fuentetipo": null, "fuente": "Quebrada GLORIA", "volumenfue": null, "cur": 2.0190075045904151e+19, "organizaci": null, "bloquecodi": null, "bloquenomb": null, "coordenada": null, "departamen": null, "provincia": "Paucartambo", "distrito": "Kosñipata", "juntausuar": null, "comisionco": null, "fecharegis": null, "validado": "JUAN92_JS", "pozo": null, "codpozo": null, "numfila": 1, "datum": "WGS 84 (UTM)", "zona": 19, "este": 244611, "norte": 8566484, "unidadhidr": null, "areatotal": 0.0 }, "geometry": { "type": "Point", "coordinates": [ -71.354080253332654, -12.956626103523366 ] } },
{ "type": "Feature", "properties": { "aaa": "Madre de Dios", "ala": "Tahuamanu - Madre de Dios", "resolucion": "RA 0076-2019", "fecha": "20\/10\/2019", "archivo": "59-RA-0076-2019-02.pdf", "codlugarus": null, "lugaruso": "ESTANQUE NOEMI", "uso": "Acuícola", "clase": "Permiso", "volumen": 13680.0, "area": 0.0, "modulo": 0.0, "usuario": "LAZO DE HERRERA, NOEMI", "documento": "DNI: 04807659", "fuentetipo": null, "fuente": "Lluvia LLUVIA", "volumenfue": null, "cur": 2.0190076025904132e+19, "organizaci": null, "bloquecodi": null, "bloquenomb": null, "coordenada": null, "departamen": null, "provincia": "Tambopata", "distrito": "Tambopata", "juntausuar": null, "comisionco": null, "fecharegis": null, "validado": "JUAN92_JS", "pozo": null, "codpozo": null, "numfila": 1, "datum": "WGS 84 (UTM)", "zona": 19, "este": 479224, "norte": 8606511, "unidadhidr": null, "areatotal": 0.0 }, "geometry": { "type": "Point", "coordinates": [ -69.191289267687665, -12.605240677228995 ] } },
{ "type": "Feature", "properties": { "aaa": "Madre de Dios", "ala": "Tahuamanu - Madre de Dios", "resolucion": "RA 0077-2019", "fecha": "20\/10\/2019", "archivo": "59-RA-0077-2019-02.pdf", "codlugarus": null, "lugaruso": "ESTANQUE", "uso": "Acuícola", "clase": "Permiso", "volumen": 31600.0, "area": 0.0, "modulo": 0.0, "usuario": "ROJAS MAITA, NILDA VIANNEY", "documento": "DNI: 41074838", "fuentetipo": null, "fuente": "Lluvia LLUVIA", "volumenfue": null, "cur": 2.0190077025904136e+19, "organizaci": null, "bloquecodi": null, "bloquenomb": null, "coordenada": null, "departamen": null, "provincia": "Manu", "distrito": "Manu", "juntausuar": null, "comisionco": null, "fecharegis": null, "validado": "JUAN92_JS", "pozo": null, "codpozo": null, "numfila": 1, "datum": "WGS 84 (UTM)", "zona": 19, "este": 243452, "norte": 8578810, "unidadhidr": null, "areatotal": 0.0 }, "geometry": { "type": "Point", "coordinates": [ -71.363710629355879, -12.845163445802012 ] } },
{ "type": "Feature", "properties": { "aaa": "Madre de Dios", "ala": "Tahuamanu - Madre de Dios", "resolucion": "RD 0077-2019", "fecha": "29\/01\/2019", "archivo": "59-RD-0077-2019-03.pdf", "codlugarus": null, "lugaruso": "ESTANQUE JULIAN", "uso": "Acuícola", "clase": "Licencia", "volumen": 12627.36, "area": 0.0, "modulo": 0.0, "usuario": "DARIQUEBE JEREHUA, JULIAN.", "documento": "DNI: 25131728", "fuentetipo": null, "fuente": "Quebrada LUZ", "volumenfue": null, "cur": 2.0190077045904101e+19, "organizaci": null, "bloquecodi": null, "bloquenomb": null, "coordenada": null, "departamen": null, "provincia": "Paucartambo", "distrito": "Kosñipata", "juntausuar": null, "comisionco": null, "fecharegis": null, "validado": "JUAN92_JS", "pozo": null, "codpozo": null, "numfila": 1, "datum": "WGS 84 (UTM)", "zona": 19, "este": 245162, "norte": 8565846, "unidadhidr": null, "areatotal": 0.0 }, "geometry": { "type": "Point", "coordinates": [ -71.349058421196133, -12.962436335200154 ] } },
{ "type": "Feature", "properties": { "aaa": "Madre de Dios", "ala": "Tahuamanu - Madre de Dios", "resolucion": "RA 0078-2019", "fecha": "21\/10\/2019", "archivo": "59-RA-0078-2019-02.pdf", "codlugarus": null, "lugaruso": "ESTANQUE", "uso": "Acuícola", "clase": "Permiso", "volumen": 30780.0, "area": 0.0, "modulo": 0.0, "usuario": "HEREDIA BUIZA, AUGUSTO ROEL.", "documento": "DNI: 45005154", "fuentetipo": null, "fuente": "Lluvia LLUVIA", "volumenfue": null, "cur": 2.0190078025904136e+19, "organizaci": null, "bloquecodi": null, "bloquenomb": null, "coordenada": null, "departamen": null, "provincia": "Tahuamanu", "distrito": "Iberia", "juntausuar": null, "comisionco": null, "fecharegis": null, "validado": "JUAN92_JS", "pozo": null, "codpozo": null, "numfila": 1, "datum": "WGS 84 (UTM)", "zona": 19, "este": 458978, "norte": 8741720, "unidadhidr": null, "areatotal": 0.0 }, "geometry": { "type": "Point", "coordinates": [ -69.37599894110889, -11.382321486392506 ] } },
{ "type": "Feature", "properties": { "aaa": "Madre de Dios", "ala": "Tahuamanu - Madre de Dios", "resolucion": "RA 0079-2019", "fecha": "21\/10\/2019", "archivo": "59-RA-0079-2019-02.pdf", "codlugarus": null, "lugaruso": "ESTANQUE", "uso": "Acuícola", "clase": "Permiso", "volumen": 311220.0, "area": 0.0, "modulo": 0.0, "usuario": "CORDOVA VELASQUEZ, ELEUTERIO JACINTO", "documento": "DNI: 04801013", "fuentetipo": null, "fuente": "Lluvia LLUVIA", "volumenfue": null, "cur": 2.0190079025904136e+19, "organizaci": null, "bloquecodi": null, "bloquenomb": null, "coordenada": null, "departamen": null, "provincia": "Tambopata", "distrito": "Tambopata", "juntausuar": null, "comisionco": null, "fecharegis": null, "validado": "JUAN92_JS", "pozo": null, "codpozo": null, "numfila": 1, "datum": "WGS 84 (UTM)", "zona": 19, "este": 474188, "norte": 8608370, "unidadhidr": null, "areatotal": 0.0 }, "geometry": { "type": "Point", "coordinates": [ -69.237641108034836, -12.588392696803806 ] } },
{ "type": "Feature", "properties": { "aaa": "Madre de Dios", "ala": "Tahuamanu - Madre de Dios", "resolucion": "RD 0079-2019", "fecha": "30\/01\/2019", "archivo": "59-RD-0079-2019-03.pdf", "codlugarus": null, "lugaruso": "ESTANQUE EDY", "uso": "Acuícola", "clase": "Licencia", "volumen": 32216.83, "area": 0.0, "modulo": 0.0, "usuario": "DARIQUEBE LAURA, EDY REYNALDO", "documento": "DNI: 43033000", "fuentetipo": null, "fuente": "Quebrada GLORIA", "volumenfue": null, "cur": 2.0190079045904105e+19, "organizaci": null, "bloquecodi": null, "bloquenomb": null, "coordenada": null, "departamen": null, "provincia": "Paucartambo", "distrito": "Kosñipata", "juntausuar": null, "comisionco": null, "fecharegis": null, "validado": "JUAN92_JS", "pozo": null, "codpozo": null, "numfila": 1, "datum": "WGS 84 (UTM)", "zona": 19, "este": 244724, "norte": 8566379, "unidadhidr": null, "areatotal": 0.0 }, "geometry": { "type": "Point", "coordinates": [ -71.353048192537983, -12.957584195013524 ] } },
{ "type": "Feature", "properties": { "aaa": "Madre de Dios", "ala": "Tahuamanu - Madre de Dios", "resolucion": "RA 0080-2019", "fecha": "21\/10\/2019", "archivo": "59-RA-0080-2019-01.pdf", "codlugarus": null, "lugaruso": "POZA EN EL SECTOR CHOQUE KM 9 CARRETERA DELTA 1", "uso": "Acuícola", "clase": "Licencia", "volumen": 296562.5, "area": 0.0, "modulo": 0.0, "usuario": "SOCIEDAD MINERA AURIFERA QUEBRADAS UNIDAS SOCIEDAD COMERCIAL DE RESPONSABILIDAD LIMITADA", "documento": "RUC: 20490205382", "fuentetipo": null, "fuente": "Manantial EL AGUAJAL", "volumenfue": null, "cur": 2.0190080015904182e+19, "organizaci": null, "bloquecodi": null, "bloquenomb": null, "coordenada": null, "departamen": null, "provincia": "Manu", "distrito": "Huepetuhe", "juntausuar": null, "comisionco": null, "fecharegis": null, "validado": "WTICONA", "pozo": null, "codpozo": null, "numfila": 1, "datum": "WGS 84 (UTM)", "zona": 19, "este": 326860, "norte": 8563849, "unidadhidr": null, "areatotal": 0.0 }, "geometry": { "type": "Point", "coordinates": [ -70.596348084517146, -12.98619325816216 ] } },
{ "type": "Feature", "properties": { "aaa": "Madre de Dios", "ala": "Tahuamanu - Madre de Dios", "resolucion": "RA 0082-2019", "fecha": "15\/11\/2019", "archivo": "59-RA-0082-2019-02.pdf", "codlugarus": null, "lugaruso": "ESTANQUE", "uso": "Acuícola", "clase": "Permiso", "volumen": 20520.0, "area": 0.0, "modulo": 0.0, "usuario": "DUEÑAS POLO, JHON NILTON", "documento": "DNI: 44287412", "fuentetipo": null, "fuente": "Lluvia LLUVIA", "volumenfue": null, "cur": 2.019008202590414e+19, "organizaci": null, "bloquecodi": null, "bloquenomb": null, "coordenada": null, "departamen": null, "provincia": "Manu", "distrito": "Madre De Dios", "juntausuar": null, "comisionco": null, "fecharegis": null, "validado": "JUAN92_JS", "pozo": null, "codpozo": null, "numfila": 1, "datum": "WGS 84 (UTM)", "zona": 19, "este": 350242, "norte": 8585965, "unidadhidr": null, "areatotal": 0.0 }, "geometry": { "type": "Point", "coordinates": [ -70.379718752697073, -12.78749554174137 ] } },
{ "type": "Feature", "properties": { "aaa": "Madre de Dios", "ala": "Tahuamanu - Madre de Dios", "resolucion": "RA 0083-2019", "fecha": "15\/11\/2019", "archivo": "59-RA-0083-2019-02.pdf", "codlugarus": null, "lugaruso": "ESTANQUE", "uso": "Acuícola", "clase": "Permiso", "volumen": 25650.0, "area": 0.0, "modulo": 0.0, "usuario": "PEREZ ALFARO, MANUEL JESUS", "documento": "DNI: 04963187", "fuentetipo": null, "fuente": "Lluvia LLUVIA", "volumenfue": null, "cur": 2.019008302590414e+19, "organizaci": null, "bloquecodi": null, "bloquenomb": null, "coordenada": null, "departamen": null, "provincia": "Tambopata", "distrito": "Laberinto", "juntausuar": null, "comisionco": null, "fecharegis": null, "validado": "JUAN92_JS", "pozo": null, "codpozo": null, "numfila": 1, "datum": "WGS 84 (UTM)", "zona": 19, "este": 437885, "norte": 8588947, "unidadhidr": null, "areatotal": 0.0 }, "geometry": { "type": "Point", "coordinates": [ -69.572252422108392, -12.763519478727853 ] } },
{ "type": "Feature", "properties": { "aaa": "Madre de Dios", "ala": "Tahuamanu - Madre de Dios", "resolucion": "RA 0084-2019", "fecha": "15\/11\/2019", "archivo": "59-RA-0084-2019-02.pdf", "codlugarus": null, "lugaruso": "ESTANQUE", "uso": "Acuícola", "clase": "Permiso", "volumen": 27360.0, "area": 0.0, "modulo": 0.0, "usuario": "FLORES OCAS, RAYMUNDO", "documento": "Carnet extranjería: 04802657", "fuentetipo": null, "fuente": "Lluvia LLUVIA", "volumenfue": null, "cur": 2.019008402590414e+19, "organizaci": null, "bloquecodi": null, "bloquenomb": null, "coordenada": null, "departamen": null, "provincia": "Tambopata", "distrito": "Las Piedras", "juntausuar": null, "comisionco": null, "fecharegis": null, "validado": "JUAN92_JS", "pozo": null, "codpozo": null, "numfila": 1, "datum": "WGS 84 (UTM)", "zona": 19, "este": 488542, "norte": 8616612, "unidadhidr": null, "areatotal": 0.0 }, "geometry": { "type": "Point", "coordinates": [ -69.105459282055349, -12.513944933753761 ] } },
{ "type": "Feature", "properties": { "aaa": "Madre de Dios", "ala": "Tahuamanu - Madre de Dios", "resolucion": "RA 0087-2019", "fecha": "29\/11\/2019", "archivo": "59-RA-0087-2019-02.pdf", "codlugarus": null, "lugaruso": "ESTANQUE", "uso": "Acuícola", "clase": "Permiso", "volumen": 20420.0, "area": 0.0, "modulo": 0.0, "usuario": "GAMBOA HUAMAN, BRAULIO", "documento": "DNI: 04806789", "fuentetipo": null, "fuente": "Lluvia LLUVIA", "volumenfue": null, "cur": 2.0190087025904144e+19, "organizaci": null, "bloquecodi": null, "bloquenomb": null, "coordenada": null, "departamen": null, "provincia": "Tambopata", "distrito": "Laberinto", "juntausuar": null, "comisionco": null, "fecharegis": null, "validado": "JUAN92_JS", "pozo": null, "codpozo": null, "numfila": 1, "datum": "WGS 84 (UTM)", "zona": 19, "este": 444478, "norte": 8590954, "unidadhidr": null, "areatotal": 0.0 }, "geometry": { "type": "Point", "coordinates": [ -69.511477862736967, -12.745495705817596 ] } },
{ "type": "Feature", "properties": { "aaa": "Madre de Dios", "ala": "Tahuamanu - Madre de Dios", "resolucion": "RA 0088-2019", "fecha": "02\/12\/2019", "archivo": "59-RA-0088-2019-02.pdf", "codlugarus": null, "lugaruso": "ESTANQUE", "uso": "Acuícola", "clase": "Permiso", "volumen": 17100.0, "area": 0.0, "modulo": 0.0, "usuario": "LUZ MACHACA, SILVIA", "documento": "DNI: 04404125", "fuentetipo": null, "fuente": "Lluvia LLUVIA", "volumenfue": null, "cur": 2.0190088025904144e+19, "organizaci": null, "bloquecodi": null, "bloquenomb": null, "coordenada": null, "departamen": null, "provincia": "Tambopata", "distrito": "Laberinto", "juntausuar": null, "comisionco": null, "fecharegis": null, "validado": "JUAN92_JS", "pozo": null, "codpozo": null, "numfila": 1, "datum": "WGS 84 (UTM)", "zona": 19, "este": 435720, "norte": 8588020, "unidadhidr": null, "areatotal": 0.0 }, "geometry": { "type": "Point", "coordinates": [ -69.592216882991266, -12.771857823578959 ] } },
{ "type": "Feature", "properties": { "aaa": "Madre de Dios", "ala": "Tahuamanu - Madre de Dios", "resolucion": "RD 0088-2019", "fecha": "04\/02\/2019", "archivo": "59-RD-0088-2019-03.pdf", "codlugarus": null, "lugaruso": "Hospedaje Maranoe (Av. Circunvalación Lote 13 Mz. 12. A.H. Miraflores)", "uso": "Otros Usos", "clase": "Licencia", "volumen": 2540.4, "area": 0.0, "modulo": 0.0, "usuario": "MAMANI QUISPE, NOEMI.", "documento": "RUC: 10454784800", "fuentetipo": null, "fuente": "Acuífero INTERCUENCA MEDIO ALTO MADRE DE DIOS 46647", "volumenfue": null, "cur": 2.0190088045912175e+19, "organizaci": null, "bloquecodi": null, "bloquenomb": null, "coordenada": null, "departamen": null, "provincia": "Tambopata", "distrito": "Tambopata", "juntausuar": null, "comisionco": null, "fecharegis": null, "validado": "JUAN92_JS", "pozo": null, "codpozo": null, "numfila": 1, "datum": "WGS 84 (UTM)", "zona": 19, "este": 478099, "norte": 8608035, "unidadhidr": null, "areatotal": 0.0 }, "geometry": { "type": "Point", "coordinates": [ -69.201636579054551, -12.591451630396548 ] } },
{ "type": "Feature", "properties": { "aaa": "Madre de Dios", "ala": "Tahuamanu - Madre de Dios", "resolucion": "RA 0089-2019", "fecha": "02\/12\/2019", "archivo": "59-RA-0089-2019-02.pdf", "codlugarus": null, "lugaruso": "ESTANQUE", "uso": "Acuícola", "clase": "Permiso", "volumen": 23226.0, "area": 0.0, "modulo": 0.0, "usuario": "SOTO CALLAÑAUPA, HILARIO", "documento": "DNI: 43390518", "fuentetipo": null, "fuente": "Lluvia LLUVIA", "volumenfue": null, "cur": 2.0190089025904144e+19, "organizaci": null, "bloquecodi": null, "bloquenomb": null, "coordenada": null, "departamen": null, "provincia": "Tambopata", "distrito": "Tambopata", "juntausuar": null, "comisionco": null, "fecharegis": null, "validado": "JUAN92_JS", "pozo": null, "codpozo": null, "numfila": 1, "datum": "WGS 84 (UTM)", "zona": 19, "este": 477252, "norte": 8615801, "unidadhidr": null, "areatotal": 0.0 }, "geometry": { "type": "Point", "coordinates": [ -69.209377840184473, -12.521218017155654 ] } },
{ "type": "Feature", "properties": { "aaa": "Madre de Dios", "ala": "Tahuamanu - Madre de Dios", "resolucion": "RA 0090-2019", "fecha": "13\/12\/2019", "archivo": "59-RA-0090-2019-02.pdf", "codlugarus": null, "lugaruso": "ESTANQUE", "uso": "Acuícola", "clase": "Permiso", "volumen": 8775.0, "area": 0.0, "modulo": 0.0, "usuario": "LAZO DE HERRERA, NOEMI", "documento": "DNI: 04807659", "fuentetipo": null, "fuente": "Lluvia LLUVIA", "volumenfue": null, "cur": 2.0190090025904099e+19, "organizaci": null, "bloquecodi": null, "bloquenomb": null, "coordenada": null, "departamen": null, "provincia": "Tambopata", "distrito": "Tambopata", "juntausuar": null, "comisionco": null, "fecharegis": null, "validado": "JUAN92_JS", "pozo": null, "codpozo": null, "numfila": 1, "datum": "WGS 84 (UTM)", "zona": 19, "este": 479189, "norte": 8606480, "unidadhidr": null, "areatotal": 0.0 }, "geometry": { "type": "Point", "coordinates": [ -69.191611727544085, -12.605520777457292 ] } },
{ "type": "Feature", "properties": { "aaa": "Madre de Dios", "ala": "Tahuamanu - Madre de Dios", "resolucion": "RD 0094-2019", "fecha": "13\/02\/2019", "archivo": "59-RD-0094-2019-03.pdf", "codlugarus": null, "lugaruso": "VIVIENDA RURAL (CALLE EL PACAL MZA J LOTE 11)", "uso": "Doméstico - Poblacional", "clase": "Licencia", "volumen": 946.07, "area": 0.0, "modulo": 0.0, "usuario": "BURNEO GUIMARAES, ROSA CRISTINA", "documento": "DNI: 42363721", "fuentetipo": null, "fuente": "Acuífero TAMBOPATA (46644)", "volumenfue": null, "cur": 2.0190094045902193e+19, "organizaci": null, "bloquecodi": null, "bloquenomb": null, "coordenada": null, "departamen": null, "provincia": "Tambopata", "distrito": "Tambopata", "juntausuar": null, "comisionco": null, "fecharegis": null, "validado": "JUAN92_JS", "pozo": null, "codpozo": null, "numfila": 1, "datum": "WGS 84 (UTM)", "zona": 19, "este": 476564, "norte": 8604543, "unidadhidr": null, "areatotal": 0.0 }, "geometry": { "type": "Point", "coordinates": [ -69.215795269782447, -12.623018489645707 ] } },
{ "type": "Feature", "properties": { "aaa": "Madre de Dios", "ala": "Tahuamanu - Madre de Dios", "resolucion": "RD 0100-2019", "fecha": "15\/02\/2019", "archivo": "59-RD-0100-2019-03.pdf", "codlugarus": null, "lugaruso": "CACERIO DE BAJO COLORADO", "uso": "Poblacional", "clase": "Licencia", "volumen": 15312.48, "area": 0.0, "modulo": 0.0, "usuario": "JUNTA ADMINISTRADORA DE SERVICIO (JASS) DEL CACERIO DE BAJO COLORADO", "documento": null, "fuentetipo": null, "fuente": "Acuífero INTERCUENCA ALTO MADRE DE DIOS 46649", "volumenfue": null, "cur": 2.0190100045901115e+19, "organizaci": null, "bloquecodi": null, "bloquenomb": null, "coordenada": null, "departamen": null, "provincia": "Manu", "distrito": "Madre De Dios", "juntausuar": null, "comisionco": null, "fecharegis": null, "validado": "JUAN92_JS", "pozo": null, "codpozo": null, "numfila": 1, "datum": "WGS 84 (UTM)", "zona": 19, "este": 342276, "norte": 8602437, "unidadhidr": null, "areatotal": 0.0 }, "geometry": { "type": "Point", "coordinates": [ -70.452246789273019, -12.638194714293178 ] } },
{ "type": "Feature", "properties": { "aaa": "Madre de Dios", "ala": "Tahuamanu - Madre de Dios", "resolucion": "RD 0101-2019", "fecha": "18\/02\/2019", "archivo": "59-RD-0101-2019-03.pdf", "codlugarus": null, "lugaruso": "COMUNIDAD ASENTAMIENTO RURAL CENTRO  PUKIRI (DELTA 2)", "uso": "Poblacional", "clase": "Licencia", "volumen": 4660.32, "area": 0.0, "modulo": 0.0, "usuario": "JUNTA ADMINISTRADORA DE SERVICIOS DE SANEAMIENTO (JASS) DE LA COMUNIDAD ASENTAMIENTO RURAL CENTRO PUKIRI (DELTA 2)", "documento": null, "fuentetipo": null, "fuente": "Acuífero INTERCUENCA ALTO MADRE DE DIOS 46649", "volumenfue": null, "cur": 2.0190101045901111e+19, "organizaci": null, "bloquecodi": null, "bloquenomb": null, "coordenada": null, "departamen": null, "provincia": "Manu", "distrito": "Madre De Dios", "juntausuar": null, "comisionco": null, "fecharegis": null, "validado": "JUAN92_JS", "pozo": null, "codpozo": null, "numfila": 1, "datum": "WGS 84 (UTM)", "zona": 19, "este": 333590, "norte": 8583191, "unidadhidr": null, "areatotal": 0.0 }, "geometry": { "type": "Point", "coordinates": [ -70.533248245609016, -12.811724307900016 ] } },
{ "type": "Feature", "properties": { "aaa": "Madre de Dios", "ala": "Tahuamanu - Madre de Dios", "resolucion": "RD 0102-2019", "fecha": "18\/02\/2019", "archivo": "59-RD-0102-2019-03.pdf", "codlugarus": null, "lugaruso": "CENTRO POBLADO RURAL VILLA PRIMAVERA", "uso": "Poblacional", "clase": "Licencia", "volumen": 5991.84, "area": 0.0, "modulo": 0.0, "usuario": "JUNTA ADMINISTRADORA DE SERVICIOS DE SANEAMIENTO (JASS) DEL CENTRO POBLADO RURAL VILLA PRIMAVERA", "documento": null, "fuentetipo": null, "fuente": "Acuífero ALTO ACRE", "volumenfue": null, "cur": 2.0190102045901119e+19, "organizaci": null, "bloquecodi": null, "bloquenomb": null, "coordenada": null, "departamen": null, "provincia": "Tahuamanu", "distrito": "Iñapari", "juntausuar": null, "comisionco": null, "fecharegis": null, "validado": "JUAN92_JS", "pozo": null, "codpozo": null, "numfila": 1, "datum": "WGS 84 (UTM)", "zona": 19, "este": 437365, "norte": 8779300, "unidadhidr": null, "areatotal": 0.0 }, "geometry": { "type": "Point", "coordinates": [ -69.573423087455637, -11.042149837356153 ] } },
{ "type": "Feature", "properties": { "aaa": "Madre de Dios", "ala": "Tahuamanu - Madre de Dios", "resolucion": "RD 0104-2019", "fecha": "22\/02\/2019", "archivo": "59-RD-0104-2019-03.pdf", "codlugarus": null, "lugaruso": "Centro Poblado Rural Lago Valencia", "uso": "Poblacional", "clase": "Licencia", "volumen": 4793.48, "area": 0.0, "modulo": 0.0, "usuario": "JUNTA ADMINISTRADORA DE SERVICIOS DE SANEAMIENTO (JASS) DEL CENTRO POBLADO RURAL LAGO VALENCIA", "documento": null, "fuentetipo": null, "fuente": "Acuífero INTERCUENCA MEDIO BAJO MADRE DE DIOS  46643", "volumenfue": null, "cur": 2.0190104045901124e+19, "organizaci": null, "bloquecodi": null, "bloquenomb": null, "coordenada": null, "departamen": null, "provincia": "Tambopata", "distrito": "Las Piedras", "juntausuar": null, "comisionco": null, "fecharegis": null, "validado": "PSANTIN", "pozo": null, "codpozo": null, "numfila": 1, "datum": "WGS 84 (UTM)", "zona": 19, "este": 521431, "norte": 8628511, "unidadhidr": null, "areatotal": 0.0 }, "geometry": { "type": "Point", "coordinates": [ -68.802830964691552, -12.406290288377038 ] } },
{ "type": "Feature", "properties": { "aaa": "Madre de Dios", "ala": "Tahuamanu - Madre de Dios", "resolucion": "RD 0105-2019", "fecha": "22\/02\/2019", "archivo": "59-RD-0105-2019-03.pdf", "codlugarus": null, "lugaruso": "CENTRO POBLADO RURAL NUEVO BETHEL", "uso": "Poblacional", "clase": "Licencia", "volumen": 3994.53, "area": 0.0, "modulo": 0.0, "usuario": "JUNTA ADMINISTRADORA DE SERVICIO (JASS) DEL CENTRO POBLADO RURAL NUEVO BETHEL", "documento": null, "fuentetipo": null, "fuente": "Acuífero ORTHON 4662", "volumenfue": null, "cur": 2.0190105045901115e+19, "organizaci": null, "bloquecodi": null, "bloquenomb": null, "coordenada": null, "departamen": null, "provincia": "Tambopata", "distrito": "Las Piedras", "juntausuar": null, "comisionco": null, "fecharegis": null, "validado": "JUAN92_JS", "pozo": null, "codpozo": null, "numfila": 1, "datum": "WGS 84 (UTM)", "zona": 19, "este": 477699, "norte": 8673687, "unidadhidr": null, "areatotal": 0.0 }, "geometry": { "type": "Point", "coordinates": [ -69.204859063806168, -11.997748889668333 ] } },
{ "type": "Feature", "properties": { "aaa": "Madre de Dios", "ala": "Tahuamanu - Madre de Dios", "resolucion": "RD 0106-2019", "fecha": "22\/02\/2019", "archivo": "59-RD-0106-2019-03.pdf", "codlugarus": null, "lugaruso": "Centro Poblado Rural 1 de Mayo", "uso": "Poblacional", "clase": "Licencia", "volumen": 7323.33, "area": 0.0, "modulo": 0.0, "usuario": "JUNTA ADMINISTRADORA DE SERVICIOS DE SANEAMIENTO (JASS) DEL CENTRO POBLADO RURAL 1 DE MAYO", "documento": null, "fuentetipo": null, "fuente": "Acuífero ORTHON 4662", "volumenfue": null, "cur": 2.0190106045901152e+19, "organizaci": null, "bloquecodi": null, "bloquenomb": null, "coordenada": null, "departamen": null, "provincia": "Tambopata", "distrito": "Las Piedras", "juntausuar": null, "comisionco": null, "fecharegis": null, "validado": "JUAN92_JS", "pozo": null, "codpozo": null, "numfila": 1, "datum": "WGS 84 (UTM)", "zona": 19, "este": 484019, "norte": 8646156, "unidadhidr": null, "areatotal": 0.0 }, "geometry": { "type": "Point", "coordinates": [ -69.14693931703853, -12.246755824689126 ] } },
{ "type": "Feature", "properties": { "aaa": "Madre de Dios", "ala": "Tahuamanu - Madre de Dios", "resolucion": "RD 0107-2019", "fecha": "22\/02\/2019", "archivo": "59-RD-0107-2019-03.pdf", "codlugarus": null, "lugaruso": "CENTRO POBLADO RURAL PUERTO LUCERNA", "uso": "Poblacional", "clase": "Licencia", "volumen": 5658.93, "area": 0.0, "modulo": 0.0, "usuario": "JUNTA ADMINISTRADORA DE SERVICIOS DE SANEAMIENTO (JASS) DEL CENTRO POBLADO RURAL PUERTO LUCERNA", "documento": null, "fuentetipo": null, "fuente": "Acuífero DE LAS PIEDRAS 46646", "volumenfue": null, "cur": 2.0190107045901156e+19, "organizaci": null, "bloquecodi": null, "bloquenomb": null, "coordenada": null, "departamen": null, "provincia": "Tambopata", "distrito": "Las Piedras", "juntausuar": null, "comisionco": null, "fecharegis": null, "validado": "JUAN92_JS", "pozo": null, "codpozo": null, "numfila": 1, "datum": "WGS 84 (UTM)", "zona": 19, "este": 448867, "norte": 8662602, "unidadhidr": null, "areatotal": 0.0 }, "geometry": { "type": "Point", "coordinates": [ -69.4698823321243, -12.097672043367789 ] } },
{ "type": "Feature", "properties": { "aaa": "Madre de Dios", "ala": "Tahuamanu - Madre de Dios", "resolucion": "RD 0115-2019", "fecha": "28\/02\/2019", "archivo": "59-RD-0115-2019-03.pdf", "codlugarus": null, "lugaruso": "AVADERO CRESPO  (Jr. Alejandro Von Humbolt Mz. Z Lte. 14)", "uso": "Otros Usos", "clase": "Licencia", "volumen": 3650.0, "area": 0.0, "modulo": 0.0, "usuario": "CCALLO HUAMAN, LEONARDO", "documento": "DNI: 25217688", "fuentetipo": null, "fuente": "Acuífero TAMBOPATA (46644)", "volumenfue": null, "cur": 2.0190115045912175e+19, "organizaci": null, "bloquecodi": null, "bloquenomb": null, "coordenada": null, "departamen": null, "provincia": "Tambopata", "distrito": "Tambopata", "juntausuar": null, "comisionco": null, "fecharegis": null, "validado": "JUAN92_JS", "pozo": null, "codpozo": null, "numfila": 1, "datum": "WGS 84 (UTM)", "zona": 19, "este": 478542, "norte": 8607357, "unidadhidr": null, "areatotal": 0.0 }, "geometry": { "type": "Point", "coordinates": [ -69.197562708413145, -12.59758578630645 ] } },
{ "type": "Feature", "properties": { "aaa": "Madre de Dios", "ala": "Tahuamanu - Madre de Dios", "resolucion": "RD 0123-2019", "fecha": "07\/03\/2019", "archivo": "59-RD-0123-2019-03.pdf", "codlugarus": null, "lugaruso": "NUEVO IÑAPARI", "uso": "Poblacional", "clase": "Licencia", "volumen": 11983.67, "area": 0.0, "modulo": 0.0, "usuario": "JUNTA ADMINISTRADORA DE SERVICIOS DE SANEAMIENTO (JASS) DE LA ASOCIACIÓN NUEVO IÑAPARI", "documento": null, "fuentetipo": null, "fuente": "Acuífero ALTO ACRE", "volumenfue": null, "cur": 2.0190123045901185e+19, "organizaci": null, "bloquecodi": null, "bloquenomb": null, "coordenada": null, "departamen": null, "provincia": "Tahuamanu", "distrito": "Iñapari", "juntausuar": null, "comisionco": null, "fecharegis": null, "validado": "JUAN92_JS", "pozo": null, "codpozo": null, "numfila": 1, "datum": "WGS 84 (UTM)", "zona": 19, "este": 436556, "norte": 8787608, "unidadhidr": null, "areatotal": 0.0 }, "geometry": { "type": "Point", "coordinates": [ -69.580682069757401, -10.967002024782177 ] } },
{ "type": "Feature", "properties": { "aaa": "Madre de Dios", "ala": "Tahuamanu - Madre de Dios", "resolucion": "RD 0129-2019", "fecha": "08\/03\/2019", "archivo": "59-RD-0129-2019-03.pdf", "codlugarus": null, "lugaruso": "FUNDO SANTA MONICA, COMUNIDAD ARIZONA KM 2 CARRETERA VILLA SALVACIÓN", "uso": "Acuícola", "clase": "Licencia", "volumen": 84791.22, "area": 0.0, "modulo": 0.0, "usuario": "CAMACHO GUILLEN, MARÍA LUISA", "documento": "DNI: 04960723", "fuentetipo": null, "fuente": "Quebrada TONCHACA", "volumenfue": null, "cur": 2.0190129045904114e+19, "organizaci": null, "bloquecodi": null, "bloquenomb": null, "coordenada": null, "departamen": null, "provincia": "Manu", "distrito": "Manu", "juntausuar": null, "comisionco": null, "fecharegis": null, "validado": "JUAN92_JS", "pozo": null, "codpozo": null, "numfila": 1, "datum": "WGS 84 (UTM)", "zona": 19, "este": 243430, "norte": 8578702, "unidadhidr": null, "areatotal": 0.0 }, "geometry": { "type": "Point", "coordinates": [ -71.363922332692468, -12.84613741038949 ] } },
{ "type": "Feature", "properties": { "aaa": "Madre de Dios", "ala": "Tahuamanu - Madre de Dios", "resolucion": "RD 0132-2019", "fecha": "18\/03\/2019", "archivo": "59-RD-0132-2019-03.pdf", "codlugarus": null, "lugaruso": "Vivienda Jr. La Florida, Lote Nº 02,  manzana D-1, Villa de los ríos CP Rompeolas", "uso": "Doméstico - Poblacional", "clase": "Licencia", "volumen": 630.73, "area": 0.0, "modulo": 0.0, "usuario": "QUISPE BELLIDO, VIRGINIA", "documento": "DNI: 25004442", "fuentetipo": null, "fuente": "Acuífero INTERCUENCA MEDIO ALTO MADRE DE DIOS 46647", "volumenfue": null, "cur": 2.0190132045902197e+19, "organizaci": null, "bloquecodi": null, "bloquenomb": null, "coordenada": null, "departamen": null, "provincia": "Tambopata", "distrito": "Tambopata", "juntausuar": null, "comisionco": null, "fecharegis": null, "validado": "JUAN92_JS", "pozo": null, "codpozo": null, "numfila": 1, "datum": "WGS 84 (UTM)", "zona": 19, "este": 478139, "norte": 8612200, "unidadhidr": null, "areatotal": 0.0 }, "geometry": { "type": "Point", "coordinates": [ -69.20123899430709, -12.553788007657664 ] } },
{ "type": "Feature", "properties": { "aaa": "Madre de Dios", "ala": "Tahuamanu - Madre de Dios", "resolucion": "RD 0135-2019", "fecha": "18\/03\/2019", "archivo": "59-RD-0135-2019-03.pdf", "codlugarus": null, "lugaruso": "Planta Forestal Otorongo", "uso": "Industrial", "clase": "Licencia", "volumen": 6570.0, "area": 0.0, "modulo": 0.0, "usuario": "FORESTAL OTORONGO S.A.C.", "documento": "RUC: 20484479616", "fuentetipo": null, "fuente": "Acuífero INTERCUENCA MEDIO MADRE DE DIOS 46645", "volumenfue": null, "cur": 2.019013504590619e+19, "organizaci": null, "bloquecodi": null, "bloquenomb": null, "coordenada": null, "departamen": null, "provincia": "Tambopata", "distrito": "Tambopata", "juntausuar": null, "comisionco": null, "fecharegis": null, "validado": "JUAN92_JS", "pozo": null, "codpozo": null, "numfila": 1, "datum": "WGS 84 (UTM)", "zona": 19, "este": 479229, "norte": 8611115, "unidadhidr": null, "areatotal": 0.0 }, "geometry": { "type": "Point", "coordinates": [ -69.191212409058608, -12.563606965255927 ] } },
{ "type": "Feature", "properties": { "aaa": "Madre de Dios", "ala": "Tahuamanu - Madre de Dios", "resolucion": "RD 0136-2019", "fecha": "18\/03\/2019", "archivo": "59-RD-0136-2019-03.pdf", "codlugarus": null, "lugaruso": "Institución Educativa Adventista  Jaime White, Esquina de Av. 28 de Julio 1001, con Jr. Amazonas", "uso": "Otros Usos", "clase": "Licencia", "volumen": 2464.0, "area": 0.0, "modulo": 0.0, "usuario": "ASOCIACIÓN EDUCATIVA ADVENTISTA SUR ORIENTAL DEL PERÚ", "documento": "RUC: 20490141554", "fuentetipo": null, "fuente": "Acuífero TAMBOPATA (46644)", "volumenfue": null, "cur": 2.0190136045912183e+19, "organizaci": null, "bloquecodi": null, "bloquenomb": null, "coordenada": null, "departamen": null, "provincia": "Tambopata", "distrito": "Tambopata", "juntausuar": null, "comisionco": null, "fecharegis": null, "validado": "JUAN92_JS", "pozo": null, "codpozo": null, "numfila": 1, "datum": "WGS 84 (UTM)", "zona": 19, "este": 479390, "norte": 8607252, "unidadhidr": null, "areatotal": 0.0 }, "geometry": { "type": "Point", "coordinates": [ -69.189755944804261, -12.598540948284922 ] } },
{ "type": "Feature", "properties": { "aaa": "Madre de Dios", "ala": "Tahuamanu - Madre de Dios", "resolucion": "RD 0144-2019", "fecha": "20\/03\/2019", "archivo": "59-RD-0144-2019-04.pdf", "codlugarus": null, "lugaruso": "Estación de Servicios \"Servicentro J. Americano\"", "uso": "Otros Usos", "clase": "Licencia", "volumen": 3358.0, "area": 0.0, "modulo": 0.0, "usuario": "SERVICENTRO J. AMERICANO S.A.C.", "documento": "RUC: 20542838494", "fuentetipo": null, "fuente": "Acuífero INTERCUENCA MEDIO ALTO MADRE DE DIOS 46647", "volumenfue": null, "cur": 2.0190144045912183e+19, "organizaci": null, "bloquecodi": null, "bloquenomb": null, "coordenada": null, "departamen": null, "provincia": "Tambopata", "distrito": "Tambopata", "juntausuar": null, "comisionco": null, "fecharegis": null, "validado": "JUAN92_JS", "pozo": null, "codpozo": null, "numfila": 1, "datum": "WGS 84 (UTM)", "zona": 19, "este": 475822, "norte": 8608026, "unidadhidr": null, "areatotal": 0.0 }, "geometry": { "type": "Point", "coordinates": [ -69.222600266016926, -12.591516398638589 ] } },
{ "type": "Feature", "properties": { "aaa": "Madre de Dios", "ala": "Tahuamanu - Madre de Dios", "resolucion": "RD 0147-2019", "fecha": "28\/03\/2019", "archivo": "59-RD-0147-2019-03.pdf", "codlugarus": null, "lugaruso": "ISUYAMA", "uso": "Poblacional", "clase": "Licencia", "volumen": 13315.2, "area": 0.0, "modulo": 0.0, "usuario": "JUNTA ADMINISTRADORA DE SERVICIOS DE SANEAMIENTO JASS DE ISUYAMA", "documento": null, "fuentetipo": null, "fuente": "Acuífero TAMBOPATA (46644)", "volumenfue": null, "cur": 2.0190147045901193e+19, "organizaci": null, "bloquecodi": null, "bloquenomb": null, "coordenada": null, "departamen": null, "provincia": "Tambopata", "distrito": "Tambopata", "juntausuar": null, "comisionco": null, "fecharegis": null, "validado": "JUAN92_JS", "pozo": null, "codpozo": null, "numfila": 1, "datum": "WGS 84 (UTM)", "zona": 19, "este": 479858, "norte": 8603719, "unidadhidr": null, "areatotal": 0.0 }, "geometry": { "type": "Point", "coordinates": [ -69.185470087896306, -12.630492654380618 ] } },
{ "type": "Feature", "properties": { "aaa": "Madre de Dios", "ala": "Tahuamanu - Madre de Dios", "resolucion": "RD 0153-2019", "fecha": "04\/04\/2019", "archivo": "59-RD-0153-2019-04.pdf", "codlugarus": null, "lugaruso": "Urbanizacion Popular 12 de Enero - Huepetuhe, Parte Baja", "uso": "Poblacional", "clase": "Licencia", "volumen": 59918.4, "area": 0.0, "modulo": 0.0, "usuario": "JUNTA ADMINISTRADORA DE SERVICIOS DE SANEAMIENTO (JASS) DE LA URBANIZACIÓN POPULAR 12 DE ENERO - HUEPETUHE, PARTE BAJA", "documento": null, "fuentetipo": null, "fuente": "Manantial MANANTIAL DOCE \/ Manantial Dos \/ Quebrada Sol de Oro \/ Manantial Uno \/ Manantial Villegas", "volumenfue": null, "cur": 2.0190153045901132e+19, "organizaci": null, "bloquecodi": null, "bloquenomb": null, "coordenada": null, "departamen": null, "provincia": "Manu", "distrito": "Huepetuhe", "juntausuar": null, "comisionco": null, "fecharegis": null, "validado": "JUAN92_JS", "pozo": null, "codpozo": null, "numfila": 1, "datum": "WGS 84 (UTM)", "zona": 19, "este": 333788, "norte": 8562380, "unidadhidr": null, "areatotal": 0.0 }, "geometry": { "type": "Point", "coordinates": [ -70.53256991730963, -12.999856584337998 ] } },
{ "type": "Feature", "properties": { "aaa": "Madre de Dios", "ala": "Tahuamanu - Madre de Dios", "resolucion": "RD 0172-2019", "fecha": "16\/04\/2019", "archivo": "59-RD-0172-2019-03.pdf", "codlugarus": null, "lugaruso": "INSTITUCIÓN EDUCATIVA BÁSICA RURAL \"PEDRO PAULET\"", "uso": "Otros Usos", "clase": "Licencia", "volumen": 27436.33, "area": 0.0, "modulo": 0.0, "usuario": "DIRECCIÓN REGIONAL DE EDUCACIÓN MADRE DE DIOS", "documento": "RUC: 20350338315", "fuentetipo": null, "fuente": "Acuífero INTERCUENCA ALTO MADRE DE DIOS 46649", "volumenfue": null, "cur": 2.0190172045912084e+19, "organizaci": null, "bloquecodi": null, "bloquenomb": null, "coordenada": null, "departamen": null, "provincia": "Manu", "distrito": "Madre De Dios", "juntausuar": null, "comisionco": null, "fecharegis": null, "validado": "JUAN92_JS", "pozo": null, "codpozo": null, "numfila": 1, "datum": "WGS 84 (UTM)", "zona": 19, "este": 367350, "norte": 8602261, "unidadhidr": null, "areatotal": 0.0 }, "geometry": { "type": "Point", "coordinates": [ -70.221425351699452, -12.640943369163361 ] } },
{ "type": "Feature", "properties": { "aaa": "Madre de Dios", "ala": "Tahuamanu - Madre de Dios", "resolucion": "RD 0174-2019", "fecha": "22\/04\/2019", "archivo": "59-RD-0174-2019-03.pdf", "codlugarus": null, "lugaruso": null, "uso": "Otros Usos", "clase": "Licencia", "volumen": 3468.93, "area": 0.0, "modulo": 0.0, "usuario": "HUAMAN LLAQUI, VICTORIA", "documento": "DNI: 05071870", "fuentetipo": null, "fuente": "Acuífero INTERCUENCA MEDIO ALTO MADRE DE DIOS 46647", "volumenfue": null, "cur": 2.0190174045912175e+19, "organizaci": null, "bloquecodi": null, "bloquenomb": null, "coordenada": null, "departamen": null, "provincia": "Tambopata", "distrito": "Tambopata", "juntausuar": null, "comisionco": null, "fecharegis": null, "validado": "JUAN92_JS", "pozo": null, "codpozo": null, "numfila": 1, "datum": "WGS 84 (UTM)", "zona": 19, "este": 477584, "norte": 8608573, "unidadhidr": null, "areatotal": 0.0 }, "geometry": { "type": "Point", "coordinates": [ -69.206374134737928, -12.586582914210322 ] } },
{ "type": "Feature", "properties": { "aaa": "Madre de Dios", "ala": "Tahuamanu - Madre de Dios", "resolucion": "RD 0190-2019", "fecha": "09\/05\/2019", "archivo": "59-RD-0190-2019-03.pdf", "codlugarus": null, "lugaruso": "GRANJA AVICOLA LOS 7 POLLITOS", "uso": "Pecuario", "clase": "Licencia", "volumen": 2452.8, "area": 0.0, "modulo": 0.0, "usuario": "LOS 7 POLLITOS INVERSIONES E.I.R.L.", "documento": "RUC: 20601651336", "fuentetipo": null, "fuente": "Acuífero INTERCUENCA MEDIO BAJO MADRE DE DIOS  46643 \/ Acuífero INTERCUENCA MEDIO BAJO MADRE DE DIOS  46643", "volumenfue": null, "cur": 2.0190190045913182e+19, "organizaci": null, "bloquecodi": null, "bloquenomb": null, "coordenada": null, "departamen": null, "provincia": "Tambopata", "distrito": "Las Piedras", "juntausuar": null, "comisionco": null, "fecharegis": null, "validado": "PSANTIN", "pozo": null, "codpozo": null, "numfila": 1, "datum": "WGS 84 (UTM)", "zona": 19, "este": 484681, "norte": 8626146, "unidadhidr": null, "areatotal": 0.0 }, "geometry": { "type": "Point", "coordinates": [ -69.140949194183122, -12.427712223445589 ] } },
{ "type": "Feature", "properties": { "aaa": "Madre de Dios", "ala": "Tahuamanu - Madre de Dios", "resolucion": "RD 0193-2019", "fecha": "14\/05\/2019", "archivo": "59-RD-0193-2019-03.pdf", "codlugarus": null, "lugaruso": "ESTANQUE ALICIA", "uso": "Acuícola", "clase": "Licencia", "volumen": 58800.0, "area": 0.0, "modulo": 0.0, "usuario": "CARDEÑA SANCHEZ, ALICIA", "documento": "DNI: 23934453", "fuentetipo": null, "fuente": "Quebrada AGUAJAL", "volumenfue": null, "cur": 2.0190193045904163e+19, "organizaci": null, "bloquecodi": null, "bloquenomb": null, "coordenada": null, "departamen": null, "provincia": "Manu", "distrito": "Madre De Dios", "juntausuar": null, "comisionco": null, "fecharegis": null, "validado": "JUAN92_JS", "pozo": null, "codpozo": null, "numfila": 1, "datum": "WGS 84 (UTM)", "zona": 19, "este": 349171, "norte": 8588986, "unidadhidr": null, "areatotal": 0.0 }, "geometry": { "type": "Point", "coordinates": [ -70.389434599507439, -12.760133306054259 ] } },
{ "type": "Feature", "properties": { "aaa": "Madre de Dios", "ala": "Tahuamanu - Madre de Dios", "resolucion": "RD 0203-2019", "fecha": "23\/05\/2019", "archivo": "59-RD-0203-2019-03.pdf", "codlugarus": null, "lugaruso": null, "uso": "Doméstico - Poblacional", "clase": "Licencia", "volumen": 2495.0, "area": 0.0, "modulo": 0.0, "usuario": "PORTOCARRERO MARTINEZ, ROSARIO DE LOURDES", "documento": "DNI: 08679369", "fuentetipo": null, "fuente": "Acuífero TAMBOPATA (46644)", "volumenfue": null, "cur": 2.019020304590209e+19, "organizaci": null, "bloquecodi": null, "bloquenomb": null, "coordenada": null, "departamen": null, "provincia": "Tambopata", "distrito": "Tambopata", "juntausuar": null, "comisionco": null, "fecharegis": null, "validado": "JUAN92_JS", "pozo": null, "codpozo": null, "numfila": 1, "datum": "WGS 84 (UTM)", "zona": 19, "este": 481619, "norte": 8602121, "unidadhidr": null, "areatotal": 0.0 }, "geometry": { "type": "Point", "coordinates": [ -69.169264139516557, -12.644954028676635 ] } },
{ "type": "Feature", "properties": { "aaa": "Madre de Dios", "ala": "Tahuamanu - Madre de Dios", "resolucion": "RD 0210-2019", "fecha": "31\/05\/2019", "archivo": "59-RD-0210-2019-04.pdf", "codlugarus": null, "lugaruso": "ESTANQUE MARCO", "uso": "Acuícola", "clase": "Licencia", "volumen": 53926.53, "area": 0.0, "modulo": 0.0, "usuario": "NORIEGA SUCNO, MARCO ANGEL", "documento": "DNI: 25132993", "fuentetipo": null, "fuente": "Quebrada ELIOT \/ Manantial NOEL", "volumenfue": null, "cur": 2.0190210045904122e+19, "organizaci": null, "bloquecodi": null, "bloquenomb": null, "coordenada": null, "departamen": null, "provincia": "Paucartambo", "distrito": "Kosñipata", "juntausuar": null, "comisionco": null, "fecharegis": null, "validado": "JUAN92_JS", "pozo": null, "codpozo": null, "numfila": 1, "datum": "WGS 84 (UTM)", "zona": 19, "este": 239416, "norte": 8571101, "unidadhidr": null, "areatotal": 0.0 }, "geometry": { "type": "Point", "coordinates": [ -71.401537190364209, -12.914475543839536 ] } },
{ "type": "Feature", "properties": { "aaa": "Madre de Dios", "ala": "Tahuamanu - Madre de Dios", "resolucion": "RD 0212-2019", "fecha": "31\/05\/2019", "archivo": "59-RD-0212-2019-04.pdf", "codlugarus": null, "lugaruso": "VIVIENDA RUSTICA", "uso": "Doméstico - Poblacional", "clase": "Licencia", "volumen": 839.5, "area": 0.0, "modulo": 0.0, "usuario": "SILVA RIOS, BRITH", "documento": "DNI: 0009880", "fuentetipo": null, "fuente": "Acuífero ORTHON 4662", "volumenfue": null, "cur": 2.019021204590209e+19, "organizaci": null, "bloquecodi": null, "bloquenomb": null, "coordenada": null, "departamen": null, "provincia": "Tambopata", "distrito": "Las Piedras", "juntausuar": null, "comisionco": null, "fecharegis": null, "validado": "JUAN92_JS", "pozo": null, "codpozo": null, "numfila": 1, "datum": "WGS 84 (UTM)", "zona": 19, "este": 485249, "norte": 8671251, "unidadhidr": null, "areatotal": 0.0 }, "geometry": { "type": "Point", "coordinates": [ -69.135515242800764, -12.019820660856796 ] } },
{ "type": "Feature", "properties": { "aaa": "Madre de Dios", "ala": "Tahuamanu - Madre de Dios", "resolucion": "RD 0228-2019", "fecha": "19\/06\/2019", "archivo": "59-RD-0228-2019-03.pdf", "codlugarus": null, "lugaruso": "VIVIENDA RUSTICA", "uso": "Doméstico - Poblacional", "clase": "Licencia", "volumen": 725.32, "area": 0.0, "modulo": 0.0, "usuario": "CHILE IBAÑEZ, CLAUDIO", "documento": "DNI: 04817024", "fuentetipo": null, "fuente": "Acuífero ORTHON 4662", "volumenfue": null, "cur": 2.0190228045902103e+19, "organizaci": null, "bloquecodi": null, "bloquenomb": null, "coordenada": null, "departamen": null, "provincia": "Tambopata", "distrito": "Las Piedras", "juntausuar": null, "comisionco": null, "fecharegis": null, "validado": "JUAN92_JS", "pozo": null, "codpozo": null, "numfila": 1, "datum": "WGS 84 (UTM)", "zona": 19, "este": 486770, "norte": 8670681, "unidadhidr": null, "areatotal": 0.0 }, "geometry": { "type": "Point", "coordinates": [ -69.12154437913793, -12.024981797151643 ] } },
{ "type": "Feature", "properties": { "aaa": "Madre de Dios", "ala": "Tahuamanu - Madre de Dios", "resolucion": "RD 0230-2019", "fecha": "20\/06\/2019", "archivo": "59-RD-0230-2019-04.pdf", "codlugarus": null, "lugaruso": "HOSPEDAJE SAN AGUSTIN", "uso": "Otros Usos", "clase": "Licencia", "volumen": 2628.0, "area": 0.0, "modulo": 0.0, "usuario": "QUISPE ARAGON, AGUSTIN", "documento": "RUC: 10048058553", "fuentetipo": null, "fuente": "Acuífero INTERCUENCA MEDIO ALTO MADRE DE DIOS 46647", "volumenfue": null, "cur": 2.0190230045912097e+19, "organizaci": null, "bloquecodi": null, "bloquenomb": null, "coordenada": null, "departamen": null, "provincia": "Tambopata", "distrito": "Tambopata", "juntausuar": null, "comisionco": null, "fecharegis": null, "validado": "JUAN92_JS", "pozo": null, "codpozo": null, "numfila": 1, "datum": "WGS 84 (UTM)", "zona": 19, "este": 478107, "norte": 8607939, "unidadhidr": null, "areatotal": 0.0 }, "geometry": { "type": "Point", "coordinates": [ -69.20156360338845, -12.592319808129377 ] } },
{ "type": "Feature", "properties": { "aaa": "Madre de Dios", "ala": "Tahuamanu - Madre de Dios", "resolucion": "RD 0231-2019", "fecha": "20\/06\/2019", "archivo": "59-RD-0231-2019-04.pdf", "codlugarus": null, "lugaruso": "HOSPEDAJE IÑAPARI", "uso": "Otros Usos", "clase": "Licencia", "volumen": 2518.5, "area": 0.0, "modulo": 0.0, "usuario": "CARDOZO MOUZULLY, MARIA DE NAZARETH", "documento": "RUC: 10050601027", "fuentetipo": null, "fuente": "Acuífero ALTO ACRE", "volumenfue": null, "cur": 2.0190231045912125e+19, "organizaci": null, "bloquecodi": null, "bloquenomb": null, "coordenada": null, "departamen": null, "provincia": "Tahuamanu", "distrito": "Iñapari", "juntausuar": null, "comisionco": null, "fecharegis": null, "validado": "JUAN92_JS", "pozo": null, "codpozo": null, "numfila": 1, "datum": "WGS 84 (UTM)", "zona": 19, "este": 437047, "norte": 8790133, "unidadhidr": null, "areatotal": 0.0 }, "geometry": { "type": "Point", "coordinates": [ -69.576144101460812, -10.944175532997194 ] } },
{ "type": "Feature", "properties": { "aaa": "Madre de Dios", "ala": "Tahuamanu - Madre de Dios", "resolucion": "RD 0232-2019", "fecha": "21\/06\/2019", "archivo": "59-RD-0232-2019-04.pdf", "codlugarus": null, "lugaruso": null, "uso": "Doméstico - Poblacional", "clase": "Licencia", "volumen": 977.61, "area": 0.0, "modulo": 0.0, "usuario": "ZAMBRANO TAPIA, JUAN PABLO", "documento": "DNI: 25807255", "fuentetipo": null, "fuente": "Acuífero ORTHON 4662", "volumenfue": null, "cur": 2.0190232045902086e+19, "organizaci": null, "bloquecodi": null, "bloquenomb": null, "coordenada": null, "departamen": null, "provincia": "Tahuamanu", "distrito": "Tahuamanu", "juntausuar": null, "comisionco": null, "fecharegis": null, "validado": "JUAN92_JS", "pozo": null, "codpozo": null, "numfila": 1, "datum": "WGS 84 (UTM)", "zona": 19, "este": 485143, "norte": 8687796, "unidadhidr": null, "areatotal": 0.0 }, "geometry": { "type": "Point", "coordinates": [ -69.136414146844814, -11.870197194418875 ] } },
{ "type": "Feature", "properties": { "aaa": "Madre de Dios", "ala": "Tahuamanu - Madre de Dios", "resolucion": "RD 0265-2019", "fecha": "19\/07\/2019", "archivo": "59-RD-0265-2019-03.pdf", "codlugarus": null, "lugaruso": "VIVIENDA RUSTICA (Km 9 Interoceánica Puerto Maldonado - Iberia)", "uso": "Doméstico - Poblacional", "clase": "Licencia", "volumen": 766.5, "area": 0.0, "modulo": 0.0, "usuario": "PEREZ CUBAS, JUAN CARLOS", "documento": "DNI: 00883567", "fuentetipo": null, "fuente": "Acuífero INTERCUENCA MEDIO MADRE DE DIOS 46645", "volumenfue": null, "cur": 2.0190265045902123e+19, "organizaci": null, "bloquecodi": null, "bloquenomb": null, "coordenada": null, "departamen": null, "provincia": "Tambopata", "distrito": "Las Piedras", "juntausuar": null, "comisionco": null, "fecharegis": null, "validado": "JUAN92_JS", "pozo": null, "codpozo": null, "numfila": 1, "datum": "WGS 84 (UTM)", "zona": 19, "este": 485124, "norte": 8616344, "unidadhidr": null, "areatotal": 0.0 }, "geometry": { "type": "Point", "coordinates": [ -69.13691973085399, -12.516354297885613 ] } },
{ "type": "Feature", "properties": { "aaa": "Madre de Dios", "ala": "Tahuamanu - Madre de Dios", "resolucion": "RD 0268-2019", "fecha": "22\/07\/2019", "archivo": "59-RD-0268-2019-02.pdf", "codlugarus": null, "lugaruso": "Concesión Minera Playa Nelson con código Nº 070007098", "uso": "Minero", "clase": "Licencia", "volumen": 45360.0, "area": 0.0, "modulo": 0.0, "usuario": "PAULLO POZO, WILINGTON BENEDICTO", "documento": "RUC: 10048066700", "fuentetipo": null, "fuente": "Acuífero INTERCUENCA MEDIO ALTO MADRE DE DIOS 46647", "volumenfue": null, "cur": 2.0190268045908173e+19, "organizaci": null, "bloquecodi": null, "bloquenomb": null, "coordenada": null, "departamen": null, "provincia": "Tambopata", "distrito": "Laberinto", "juntausuar": null, "comisionco": null, "fecharegis": null, "validado": "JUAN92_JS", "pozo": null, "codpozo": null, "numfila": 1, "datum": "WGS 84 (UTM)", "zona": 19, "este": 425793, "norte": 8595591, "unidadhidr": null, "areatotal": 0.0 }, "geometry": { "type": "Point", "coordinates": [ -69.68348741226994, -12.703177994630249 ] } },
{ "type": "Feature", "properties": { "aaa": "Madre de Dios", "ala": "Tahuamanu - Madre de Dios", "resolucion": "RD 0271-2019", "fecha": "25\/07\/2019", "archivo": "59-RD-0271-2019-04.pdf", "codlugarus": null, "lugaruso": "ESTACION DE SERVICIOS TRES FRONTERAS (AA.HH. LAS PALMERAS IBERIA)", "uso": "Otros Usos", "clase": "Licencia", "volumen": 219.0, "area": 0.0, "modulo": 0.0, "usuario": "ROJAS ALVAREZ, JUSTINA", "documento": "RUC: 10239200007", "fuentetipo": null, "fuente": "Acuífero ORTHON 4662", "volumenfue": null, "cur": 2.019027104591217e+19, "organizaci": null, "bloquecodi": null, "bloquenomb": null, "coordenada": null, "departamen": null, "provincia": "Tahuamanu", "distrito": "Iberia", "juntausuar": null, "comisionco": null, "fecharegis": null, "validado": "JUAN92_JS", "pozo": null, "codpozo": null, "numfila": 1, "datum": "WGS 84 (UTM)", "zona": 19, "este": 447062, "norte": 8739429, "unidadhidr": null, "areatotal": 0.0 }, "geometry": { "type": "Point", "coordinates": [ -69.485251174166493, -11.402880175923173 ] } },
{ "type": "Feature", "properties": { "aaa": "Madre de Dios", "ala": "Tahuamanu - Madre de Dios", "resolucion": "RD 0272-2019", "fecha": "25\/07\/2019", "archivo": "59-RD-0272-2019-03.pdf", "codlugarus": null, "lugaruso": "Concesion Minera (Gloria H con codigo Nº 17003408X01)", "uso": "Minero", "clase": "Licencia", "volumen": 48384.0, "area": 0.0, "modulo": 0.0, "usuario": "HINCHO CAÑARI, PABLO", "documento": "RUC: 10048074346", "fuentetipo": null, "fuente": "Acuífero INTERCUENCA MEDIO ALTO MADRE DE DIOS 46647", "volumenfue": null, "cur": 2.0190272045908173e+19, "organizaci": null, "bloquecodi": null, "bloquenomb": null, "coordenada": null, "departamen": null, "provincia": "Tambopata", "distrito": "Laberinto", "juntausuar": null, "comisionco": null, "fecharegis": null, "validado": "JUAN92_JS", "pozo": null, "codpozo": null, "numfila": 1, "datum": "WGS 84 (UTM)", "zona": 19, "este": 429819, "norte": 8592878, "unidadhidr": null, "areatotal": 0.0 }, "geometry": { "type": "Point", "coordinates": [ -69.646469496226302, -12.72780275585531 ] } },
{ "type": "Feature", "properties": { "aaa": "Madre de Dios", "ala": "Tahuamanu - Madre de Dios", "resolucion": "RD 0278-2019", "fecha": "02\/08\/2019", "archivo": "59-RD-0278-2019-04.pdf", "codlugarus": null, "lugaruso": "AGENCIA DE VIAJES Y TURISMO RAINFOREST EXPEDITIONS (Av. Aeropuerto km 6 la Joya Puerto Maldonado)", "uso": "Otros Usos", "clase": "Licencia", "volumen": 1606.0, "area": 0.0, "modulo": 0.0, "usuario": "RAINFOREST EXPEDITIONS S.A.C.", "documento": "RUC: 20199904192", "fuentetipo": null, "fuente": "Acuífero TAMBOPATA (46644)", "volumenfue": null, "cur": 2.0190278045912093e+19, "organizaci": null, "bloquecodi": null, "bloquenomb": null, "coordenada": null, "departamen": null, "provincia": "Tambopata", "distrito": "Tambopata", "juntausuar": null, "comisionco": null, "fecharegis": null, "validado": "JUAN92_JS", "pozo": null, "codpozo": null, "numfila": 1, "datum": "WGS 84 (UTM)", "zona": 19, "este": 476386, "norte": 8607346, "unidadhidr": null, "areatotal": 0.0 }, "geometry": { "type": "Point", "coordinates": [ -69.217412878145339, -12.59766985961156 ] } },
{ "type": "Feature", "properties": { "aaa": "Madre de Dios", "ala": "Tahuamanu - Madre de Dios", "resolucion": "RD 0287-2019", "fecha": "16\/08\/2019", "archivo": "59-RD-0287-2019-04.pdf", "codlugarus": null, "lugaruso": "ESTANQUE CHONTA DE 1180", "uso": "Acuícola", "clase": "Licencia", "volumen": 16398.73, "area": 0.0, "modulo": 0.0, "usuario": "ARAOZ TIMTA, SEBASTIAN", "documento": "DNI: 25132214", "fuentetipo": null, "fuente": "Quebrada CHONTA", "volumenfue": null, "cur": 2.0190287045904105e+19, "organizaci": null, "bloquecodi": null, "bloquenomb": null, "coordenada": null, "departamen": null, "provincia": "Paucartambo", "distrito": "Kosñipata", "juntausuar": null, "comisionco": null, "fecharegis": null, "validado": "JUAN92_JS", "pozo": null, "codpozo": null, "numfila": 1, "datum": "WGS 84 (UTM)", "zona": 19, "este": 241038, "norte": 8567430, "unidadhidr": null, "areatotal": 0.0 }, "geometry": { "type": "Point", "coordinates": [ -71.38691342291493, -12.947779494400066 ] } },
{ "type": "Feature", "properties": { "aaa": "Madre de Dios", "ala": "Tahuamanu - Madre de Dios", "resolucion": "RD 0290-2019", "fecha": "19\/08\/2019", "archivo": "59-RD-0290-2019-04.pdf", "codlugarus": null, "lugaruso": "ESTANQUE MARIÑO", "uso": "Acuícola", "clase": "Licencia", "volumen": 31536.0, "area": 0.0, "modulo": 0.0, "usuario": "MARIÑO HUAMAN, RICARDO", "documento": "DNI: 04960372", "fuentetipo": null, "fuente": "Filtración SANTA CRUZ", "volumenfue": null, "cur": 2.0190290045904114e+19, "organizaci": null, "bloquecodi": null, "bloquenomb": null, "coordenada": null, "departamen": null, "provincia": "Manu", "distrito": "Manu", "juntausuar": null, "comisionco": null, "fecharegis": null, "validado": "JUAN92_JS", "pozo": null, "codpozo": null, "numfila": 1, "datum": "WGS 84 (UTM)", "zona": 19, "este": 245485, "norte": 8598555, "unidadhidr": null, "areatotal": 0.0 }, "geometry": { "type": "Point", "coordinates": [ -71.343347792945778, -12.666929914273247 ] } },
{ "type": "Feature", "properties": { "aaa": "Madre de Dios", "ala": "Tahuamanu - Madre de Dios", "resolucion": "RD 0295-2019", "fecha": "21\/08\/2019", "archivo": "59-RD-0295-2019-04.pdf", "codlugarus": null, "lugaruso": "HOSPEDAJE LOS SECRETOS", "uso": "Otros Usos", "clase": "Licencia", "volumen": 3650.0, "area": 0.0, "modulo": 0.0, "usuario": "HOSPEDAJE LOS SECRETOS E.I.R.L.", "documento": "RUC: 20490046306", "fuentetipo": null, "fuente": "Acuífero INTERCUENCA MEDIO ALTO MADRE DE DIOS 46647", "volumenfue": null, "cur": 2.0190295045912125e+19, "organizaci": null, "bloquecodi": null, "bloquenomb": null, "coordenada": null, "departamen": null, "provincia": "Tambopata", "distrito": "Laberinto", "juntausuar": null, "comisionco": null, "fecharegis": null, "validado": "PSANTIN", "pozo": null, "codpozo": null, "numfila": 1, "datum": "WGS 84 (UTM)", "zona": 19, "este": 436242, "norte": 8594026, "unidadhidr": null, "areatotal": 0.0 }, "geometry": { "type": "Point", "coordinates": [ -69.587282710641858, -12.717559823601899 ] } },
{ "type": "Feature", "properties": { "aaa": "Madre de Dios", "ala": "Tahuamanu - Madre de Dios", "resolucion": "RD 0296-2019", "fecha": "21\/08\/2019", "archivo": "59-RD-0296-2019-04.pdf", "codlugarus": null, "lugaruso": "HOSPEDAJE LOS SECRETOS II", "uso": "Otros Usos", "clase": "Licencia", "volumen": 2701.0, "area": 0.0, "modulo": 0.0, "usuario": "HOSPEDAJE LOS SECRETOS E.I.R.L.", "documento": "RUC: 20490046306", "fuentetipo": null, "fuente": "Acuífero INTERCUENCA MEDIO ALTO MADRE DE DIOS 46647", "volumenfue": null, "cur": 2.019029604591213e+19, "organizaci": null, "bloquecodi": null, "bloquenomb": null, "coordenada": null, "departamen": null, "provincia": "Tambopata", "distrito": "Laberinto", "juntausuar": null, "comisionco": null, "fecharegis": null, "validado": "PSANTIN", "pozo": null, "codpozo": null, "numfila": 1, "datum": "WGS 84 (UTM)", "zona": 19, "este": 436414, "norte": 8594005, "unidadhidr": null, "areatotal": 0.0 }, "geometry": { "type": "Point", "coordinates": [ -69.585698891255717, -12.71775321966231 ] } },
{ "type": "Feature", "properties": { "aaa": "Madre de Dios", "ala": "Tahuamanu - Madre de Dios", "resolucion": "RD 0298-2019", "fecha": "22\/08\/2019", "archivo": "59-RD-0298-2019-04.pdf", "codlugarus": null, "lugaruso": "ESTANQUE LAOREANO", "uso": "Acuícola", "clase": "Licencia", "volumen": 7568.67, "area": 0.0, "modulo": 0.0, "usuario": "AUCCAHUAQUI CONDORI, LAOREANO", "documento": "DNI: 80024007", "fuentetipo": null, "fuente": "Quebrada AUCCAHUAQUI", "volumenfue": null, "cur": 2.0190298045904114e+19, "organizaci": null, "bloquecodi": null, "bloquenomb": null, "coordenada": null, "departamen": null, "provincia": "Paucartambo", "distrito": "Kosñipata", "juntausuar": null, "comisionco": null, "fecharegis": null, "validado": "JUAN92_JS", "pozo": null, "codpozo": null, "numfila": 1, "datum": "WGS 84 (UTM)", "zona": 19, "este": 240649, "norte": 8567256, "unidadhidr": null, "areatotal": 0.0 }, "geometry": { "type": "Point", "coordinates": [ -71.390511724594518, -12.949318705686453 ] } },
{ "type": "Feature", "properties": { "aaa": "Madre de Dios", "ala": "Tahuamanu - Madre de Dios", "resolucion": "RD 0300-2019", "fecha": "23\/08\/2019", "archivo": "59-RD-0300-2019-04.pdf", "codlugarus": null, "lugaruso": "ESTANQUE BENIGNA", "uso": "Acuícola", "clase": "Licencia", "volumen": 8830.07, "area": 0.0, "modulo": 0.0, "usuario": "HUAMANI VILLARROEL, BENIGNA", "documento": "DNI: 25132655", "fuentetipo": null, "fuente": "Quebrada CHIRICA", "volumenfue": null, "cur": 2.0190300045904114e+19, "organizaci": null, "bloquecodi": null, "bloquenomb": null, "coordenada": null, "departamen": null, "provincia": "Paucartambo", "distrito": "Kosñipata", "juntausuar": null, "comisionco": null, "fecharegis": null, "validado": "JUAN92_JS", "pozo": null, "codpozo": null, "numfila": 1, "datum": "WGS 84 (UTM)", "zona": 19, "este": 242164, "norte": 8566038, "unidadhidr": null, "areatotal": 0.0 }, "geometry": { "type": "Point", "coordinates": [ -71.376660422345267, -12.96045091817763 ] } },
{ "type": "Feature", "properties": { "aaa": "Madre de Dios", "ala": "Tahuamanu - Madre de Dios", "resolucion": "RD 0301-2019", "fecha": "23\/08\/2019", "archivo": "59-RD-0301-2019-04.pdf", "codlugarus": null, "lugaruso": "ESTANQUE CIPRIANA", "uso": "Acuícola", "clase": "Licencia", "volumen": 16398.73, "area": 0.0, "modulo": 0.0, "usuario": "QUISPE CHOCCAYQUILLO, CIPRIANA", "documento": "DNI: 41953913", "fuentetipo": null, "fuente": "Quebrada AUCCAHUAQUI", "volumenfue": null, "cur": 2.0190301045904114e+19, "organizaci": null, "bloquecodi": null, "bloquenomb": null, "coordenada": null, "departamen": null, "provincia": "Paucartambo", "distrito": "Kosñipata", "juntausuar": null, "comisionco": null, "fecharegis": null, "validado": "JUAN92_JS", "pozo": null, "codpozo": null, "numfila": 1, "datum": "WGS 84 (UTM)", "zona": 19, "este": 240840, "norte": 8567484, "unidadhidr": null, "areatotal": 0.0 }, "geometry": { "type": "Point", "coordinates": [ -71.388732669465881, -12.947274898175161 ] } },
{ "type": "Feature", "properties": { "aaa": "Madre de Dios", "ala": "Tahuamanu - Madre de Dios", "resolucion": "RD 0306-2019", "fecha": "26\/08\/2019", "archivo": "59-RD-0306-2019-03.pdf", "codlugarus": null, "lugaruso": "RIVALDO", "uso": "Minero", "clase": "Licencia", "volumen": 77700.0, "area": 0.0, "modulo": 0.0, "usuario": "BAUTISTA UMILDE, PEDRO", "documento": "RUC: 10049632474", "fuentetipo": null, "fuente": "Acuífero INTERCUENCA ALTO MADRE DE DIOS 46649", "volumenfue": null, "cur": 2.0190306045908095e+19, "organizaci": null, "bloquecodi": null, "bloquenomb": null, "coordenada": null, "departamen": null, "provincia": "Manu", "distrito": "Madre De Dios", "juntausuar": null, "comisionco": null, "fecharegis": null, "validado": "JUAN92_JS", "pozo": null, "codpozo": null, "numfila": 1, "datum": "WGS 84 (UTM)", "zona": 19, "este": 329810, "norte": 8585128, "unidadhidr": null, "areatotal": 0.0 }, "geometry": { "type": "Point", "coordinates": [ -70.567958650994754, -12.794009786972717 ] } },
{ "type": "Feature", "properties": { "aaa": "Madre de Dios", "ala": "Tahuamanu - Madre de Dios", "resolucion": "RD 0323-2019", "fecha": "28\/08\/2019", "archivo": "59-RD-0323-2019-04.pdf", "codlugarus": null, "lugaruso": "ESTANQUE", "uso": "Acuícola", "clase": "Licencia", "volumen": 95776.0, "area": 0.0, "modulo": 0.0, "usuario": "SURI CONTRERAS, CLAUDIA", "documento": "DNI: 04802244", "fuentetipo": null, "fuente": "Manantial OJITO DE FLOR", "volumenfue": null, "cur": 2.0190323045904126e+19, "organizaci": null, "bloquecodi": null, "bloquenomb": null, "coordenada": null, "departamen": null, "provincia": "Tahuamanu", "distrito": "Tahuamanu", "juntausuar": null, "comisionco": null, "fecharegis": null, "validado": "JUAN92_JS", "pozo": null, "codpozo": null, "numfila": 1, "datum": "WGS 84 (UTM)", "zona": 19, "este": 486643, "norte": 8683924, "unidadhidr": null, "areatotal": 0.0 }, "geometry": { "type": "Point", "coordinates": [ -69.122657133518175, -11.905219694547784 ] } },
{ "type": "Feature", "properties": { "aaa": "Madre de Dios", "ala": "Tahuamanu - Madre de Dios", "resolucion": "RD 0324-2019", "fecha": "28\/08\/2019", "archivo": "59-RD-0324-2019-04.pdf", "codlugarus": null, "lugaruso": "ESTANQUE", "uso": "Acuícola", "clase": "Licencia", "volumen": 24000.0, "area": 0.0, "modulo": 0.0, "usuario": "TORRES RACUA, PEDRO", "documento": "DNI: 04807733", "fuentetipo": null, "fuente": "Manantial ETERNA AMISTAD", "volumenfue": null, "cur": 2.0190324045904155e+19, "organizaci": null, "bloquecodi": null, "bloquenomb": null, "coordenada": null, "departamen": null, "provincia": "Tambopata", "distrito": "Las Piedras", "juntausuar": null, "comisionco": null, "fecharegis": null, "validado": "JUAN92_JS", "pozo": null, "codpozo": null, "numfila": 1, "datum": "WGS 84 (UTM)", "zona": 19, "este": 475237, "norte": 8675239, "unidadhidr": null, "areatotal": 0.0 }, "geometry": { "type": "Point", "coordinates": [ -69.22746334801252, -11.983696193755664 ] } },
{ "type": "Feature", "properties": { "aaa": "Madre de Dios", "ala": "Tahuamanu - Madre de Dios", "resolucion": "RD 0325-2019", "fecha": "28\/08\/2019", "archivo": "59-RD-0325-2019-04.pdf", "codlugarus": null, "lugaruso": "ESTANQUE", "uso": "Acuícola", "clase": "Licencia", "volumen": 48000.0, "area": 0.0, "modulo": 0.0, "usuario": "HUACALLO PAUCARA, FELIBERTO LEONARDO", "documento": "DNI: 04808879", "fuentetipo": null, "fuente": "Manantial TRES ERRANTES", "volumenfue": null, "cur": 2.01903250459042e+19, "organizaci": null, "bloquecodi": null, "bloquenomb": null, "coordenada": null, "departamen": null, "provincia": "Tambopata", "distrito": "Las Piedras", "juntausuar": null, "comisionco": null, "fecharegis": null, "validado": "JUAN92_JS", "pozo": null, "codpozo": null, "numfila": 1, "datum": "WGS 84 (UTM)", "zona": 19, "este": 488528, "norte": 8660233, "unidadhidr": null, "areatotal": 0.0 }, "geometry": { "type": "Point", "coordinates": [ -69.105430544831577, -12.119473013026724 ] } },
{ "type": "Feature", "properties": { "aaa": "Madre de Dios", "ala": "Tahuamanu - Madre de Dios", "resolucion": "RD 0326-2019", "fecha": "28\/08\/2019", "archivo": "59-RD-0326-2019-04.pdf", "codlugarus": null, "lugaruso": "ESTANQUE", "uso": "Acuícola", "clase": "Licencia", "volumen": 48000.0, "area": 0.0, "modulo": 0.0, "usuario": "CCOLQUE FLORES, DONATO", "documento": "DNI: 41510577", "fuentetipo": null, "fuente": "Filtración SANTA ROSA", "volumenfue": null, "cur": 2.019032604590413e+19, "organizaci": null, "bloquecodi": null, "bloquenomb": null, "coordenada": null, "departamen": null, "provincia": "Tambopata", "distrito": "Las Piedras", "juntausuar": null, "comisionco": null, "fecharegis": null, "validado": "JUAN92_JS", "pozo": null, "codpozo": null, "numfila": 1, "datum": "WGS 84 (UTM)", "zona": 19, "este": 484537, "norte": 8673529, "unidadhidr": null, "areatotal": 0.0 }, "geometry": { "type": "Point", "coordinates": [ -69.142045471636237, -11.999216655371475 ] } },
{ "type": "Feature", "properties": { "aaa": "Madre de Dios", "ala": "Tahuamanu - Madre de Dios", "resolucion": "RD 0327-2019", "fecha": "28\/08\/2019", "archivo": "59-RD-0327-2019-04.pdf", "codlugarus": null, "lugaruso": "ESTANQUE", "uso": "Acuícola", "clase": "Licencia", "volumen": 48000.0, "area": 0.0, "modulo": 0.0, "usuario": "CUETO NARREA, ODILON", "documento": "DNI: 04802021", "fuentetipo": null, "fuente": "Manantial TRES ESTRELLAS", "volumenfue": null, "cur": 2.0190327045904155e+19, "organizaci": null, "bloquecodi": null, "bloquenomb": null, "coordenada": null, "departamen": null, "provincia": "Tambopata", "distrito": "Las Piedras", "juntausuar": null, "comisionco": null, "fecharegis": null, "validado": "JUAN92_JS", "pozo": null, "codpozo": null, "numfila": 1, "datum": "WGS 84 (UTM)", "zona": 19, "este": 488634, "norte": 8618517, "unidadhidr": null, "areatotal": 0.0 }, "geometry": { "type": "Point", "coordinates": [ -69.10460558483436, -12.49671827424447 ] } },
{ "type": "Feature", "properties": { "aaa": "Madre de Dios", "ala": "Tahuamanu - Madre de Dios", "resolucion": "RD 0328-2019", "fecha": "28\/08\/2019", "archivo": "59-RD-0328-2019-04.pdf", "codlugarus": null, "lugaruso": "ESTANQUE", "uso": "Acuícola", "clase": "Licencia", "volumen": 67200.0, "area": 0.0, "modulo": 0.0, "usuario": "ANAYA CUMARI, GRIMANEZA DOLORES", "documento": "DNI: 70425407", "fuentetipo": null, "fuente": "Manantial FRAY MARTIN", "volumenfue": null, "cur": 2.019032804590413e+19, "organizaci": null, "bloquecodi": null, "bloquenomb": null, "coordenada": null, "departamen": null, "provincia": "Tambopata", "distrito": "Las Piedras", "juntausuar": null, "comisionco": null, "fecharegis": null, "validado": "JUAN92_JS", "pozo": null, "codpozo": null, "numfila": 1, "datum": "WGS 84 (UTM)", "zona": 19, "este": 482750, "norte": 8670433, "unidadhidr": null, "areatotal": 0.0 }, "geometry": { "type": "Point", "coordinates": [ -69.158477457015124, -12.027206036180365 ] } },
{ "type": "Feature", "properties": { "aaa": "Madre de Dios", "ala": "Tahuamanu - Madre de Dios", "resolucion": "RD 0329-2019", "fecha": "28\/08\/2019", "archivo": "59-RD-0329-2019-04.pdf", "codlugarus": null, "lugaruso": "ESTANQUE", "uso": "Acuícola", "clase": "Licencia", "volumen": 28800.0, "area": 0.0, "modulo": 0.0, "usuario": "CHILE IBAÑEZ, CLAUDIO", "documento": "DNI: 04817024", "fuentetipo": null, "fuente": "Quebrada AGUA CLARA", "volumenfue": null, "cur": 2.0190329045904126e+19, "organizaci": null, "bloquecodi": null, "bloquenomb": null, "coordenada": null, "departamen": null, "provincia": "Tambopata", "distrito": "Las Piedras", "juntausuar": null, "comisionco": null, "fecharegis": null, "validado": "JUAN92_JS", "pozo": null, "codpozo": null, "numfila": 1, "datum": "WGS 84 (UTM)", "zona": 19, "este": 486780, "norte": 8670639, "unidadhidr": null, "areatotal": 0.0 }, "geometry": { "type": "Point", "coordinates": [ -69.121452679409174, -12.025361657809679 ] } },
{ "type": "Feature", "properties": { "aaa": "Madre de Dios", "ala": "Tahuamanu - Madre de Dios", "resolucion": "RD 0330-2019", "fecha": "28\/08\/2019", "archivo": "59-RD-0330-2019-04.pdf", "codlugarus": null, "lugaruso": "ESTANQUE", "uso": "Acuícola", "clase": "Licencia", "volumen": 51840.0, "area": 0.0, "modulo": 0.0, "usuario": "MORGAN MANIO, CARLOS", "documento": "DNI: 04806772", "fuentetipo": null, "fuente": "Manantial MANIO", "volumenfue": null, "cur": 2.0190330045904191e+19, "organizaci": null, "bloquecodi": null, "bloquenomb": null, "coordenada": null, "departamen": null, "provincia": "Tambopata", "distrito": "Las Piedras", "juntausuar": null, "comisionco": null, "fecharegis": null, "validado": "JUAN92_JS", "pozo": null, "codpozo": null, "numfila": 1, "datum": "WGS 84 (UTM)", "zona": 19, "este": 482022, "norte": 8637799, "unidadhidr": null, "areatotal": 0.0 }, "geometry": { "type": "Point", "coordinates": [ -69.165348115149243, -12.322319103133799 ] } },
{ "type": "Feature", "properties": { "aaa": "Madre de Dios", "ala": "Tahuamanu - Madre de Dios", "resolucion": "RD 0331-2019", "fecha": "28\/08\/2019", "archivo": "59-RD-0331-2019-04.pdf", "codlugarus": null, "lugaruso": "ESTANQUE", "uso": "Acuícola", "clase": "Licencia", "volumen": 108000.0, "area": 0.0, "modulo": 0.0, "usuario": "CHIRINOS DOMINGUEZ, EUSEBIO", "documento": "DNI: 04800130", "fuentetipo": null, "fuente": "Quebrada MALECON", "volumenfue": null, "cur": 2.0190331045904191e+19, "organizaci": null, "bloquecodi": null, "bloquenomb": null, "coordenada": null, "departamen": null, "provincia": "Tambopata", "distrito": "Las Piedras", "juntausuar": null, "comisionco": null, "fecharegis": null, "validado": "JUAN92_JS", "pozo": null, "codpozo": null, "numfila": 1, "datum": "WGS 84 (UTM)", "zona": 19, "este": 489048, "norte": 8660506, "unidadhidr": null, "areatotal": 0.0 }, "geometry": { "type": "Point", "coordinates": [ -69.100650695012391, -12.117005968732899 ] } },
{ "type": "Feature", "properties": { "aaa": "Madre de Dios", "ala": "Tahuamanu - Madre de Dios", "resolucion": "RD 0332-2019", "fecha": "28\/08\/2019", "archivo": "59-RD-0332-2019-04.pdf", "codlugarus": null, "lugaruso": "ESTANQUE", "uso": "Acuícola", "clase": "Licencia", "volumen": 116188.8, "area": 0.0, "modulo": 0.0, "usuario": "LEJIN S.A.C.", "documento": "RUC: 20489971390", "fuentetipo": null, "fuente": "Manantial INAPALSA", "volumenfue": null, "cur": 2.0190332045904183e+19, "organizaci": null, "bloquecodi": null, "bloquenomb": null, "coordenada": null, "departamen": null, "provincia": "Tambopata", "distrito": "Las Piedras", "juntausuar": null, "comisionco": null, "fecharegis": null, "validado": "JUAN92_JS", "pozo": null, "codpozo": null, "numfila": 1, "datum": "WGS 84 (UTM)", "zona": 19, "este": 490572, "norte": 8660065, "unidadhidr": null, "areatotal": 0.0 }, "geometry": { "type": "Point", "coordinates": [ -69.086646181304857, -12.120998792170438 ] } },
{ "type": "Feature", "properties": { "aaa": "Madre de Dios", "ala": "Tahuamanu - Madre de Dios", "resolucion": "RD 0333-2019", "fecha": "28\/08\/2019", "archivo": "59-RD-0333-2019-04.pdf", "codlugarus": null, "lugaruso": "ESTANQUE", "uso": "Acuícola", "clase": "Licencia", "volumen": 42910.0, "area": 0.0, "modulo": 0.0, "usuario": "ESTEBAN HALANOCCA, QUISPE", "documento": "DNI: 04808889", "fuentetipo": null, "fuente": "Quebrada 1ro DE MAYO", "volumenfue": null, "cur": 2.0190333045904204e+19, "organizaci": null, "bloquecodi": null, "bloquenomb": null, "coordenada": null, "departamen": null, "provincia": "Tambopata", "distrito": "Las Piedras", "juntausuar": null, "comisionco": null, "fecharegis": null, "validado": "JUAN92_JS", "pozo": null, "codpozo": null, "numfila": 1, "datum": "WGS 84 (UTM)", "zona": 19, "este": 483557, "norte": 8645800, "unidadhidr": null, "areatotal": 0.0 }, "geometry": { "type": "Point", "coordinates": [ -69.151189056418659, -12.249972895868416 ] } },
{ "type": "Feature", "properties": { "aaa": "Madre de Dios", "ala": "Tahuamanu - Madre de Dios", "resolucion": "RD 0334-2019", "fecha": "28\/08\/2019", "archivo": "59-RD-0334-2019-04.pdf", "codlugarus": null, "lugaruso": "ESTANQUE", "uso": "Acuícola", "clase": "Licencia", "volumen": 43200.0, "area": 0.0, "modulo": 0.0, "usuario": "SONCCO PALOMINO, FAUSTINA", "documento": "DNI: 04818525", "fuentetipo": null, "fuente": "Filtración ARINAL", "volumenfue": null, "cur": 2.0190334045904122e+19, "organizaci": null, "bloquecodi": null, "bloquenomb": null, "coordenada": null, "departamen": null, "provincia": "Tambopata", "distrito": "Las Piedras", "juntausuar": null, "comisionco": null, "fecharegis": null, "validado": "JUAN92_JS", "pozo": null, "codpozo": null, "numfila": 1, "datum": "WGS 84 (UTM)", "zona": 19, "este": 485566, "norte": 8667314, "unidadhidr": null, "areatotal": 0.0 }, "geometry": { "type": "Point", "coordinates": [ -69.132620476239396, -12.055425679976064 ] } },
{ "type": "Feature", "properties": { "aaa": "Madre de Dios", "ala": "Tahuamanu - Madre de Dios", "resolucion": "RD 0335-2019", "fecha": "28\/08\/2019", "archivo": "59-RD-0335-2019-04.pdf", "codlugarus": null, "lugaruso": "ESTANQUE", "uso": "Acuícola", "clase": "Licencia", "volumen": 8212.5, "area": 0.0, "modulo": 0.0, "usuario": "TAFUR RENGIFO, MARCOS PEDRO", "documento": "DNI: 04818379", "fuentetipo": null, "fuente": "Río MADRE DE DIOS", "volumenfue": null, "cur": 2.0190335045904191e+19, "organizaci": null, "bloquecodi": null, "bloquenomb": null, "coordenada": null, "departamen": null, "provincia": "Tambopata", "distrito": "Tambopata", "juntausuar": null, "comisionco": null, "fecharegis": null, "validado": "JUAN92_JS", "pozo": null, "codpozo": null, "numfila": 1, "datum": "WGS 84 (UTM)", "zona": 19, "este": 481202, "norte": 8617235, "unidadhidr": null, "areatotal": 0.0 }, "geometry": { "type": "Point", "coordinates": [ -69.173012621085363, -12.508276188179249 ] } },
{ "type": "Feature", "properties": { "aaa": "Madre de Dios", "ala": "Tahuamanu - Madre de Dios", "resolucion": "RD 0336-2019", "fecha": "28\/08\/2019", "archivo": "59-RD-0336-2019-04.pdf", "codlugarus": null, "lugaruso": "ESTANQUE", "uso": "Acuícola", "clase": "Licencia", "volumen": 21600.0, "area": 0.0, "modulo": 0.0, "usuario": "CABRERA LLAQUI, LUIS", "documento": "DNI: 04806747", "fuentetipo": null, "fuente": "Quebrada DOS MANANTES", "volumenfue": null, "cur": 2.0190336045904187e+19, "organizaci": null, "bloquecodi": null, "bloquenomb": null, "coordenada": null, "departamen": null, "provincia": "Tahuamanu", "distrito": "Tahuamanu", "juntausuar": null, "comisionco": null, "fecharegis": null, "validado": "JUAN92_JS", "pozo": null, "codpozo": null, "numfila": 1, "datum": "WGS 84 (UTM)", "zona": 19, "este": 483438, "norte": 8687697, "unidadhidr": null, "areatotal": 0.0 }, "geometry": { "type": "Point", "coordinates": [ -69.152069592116192, -11.871084510197512 ] } },
{ "type": "Feature", "properties": { "aaa": "Madre de Dios", "ala": "Tahuamanu - Madre de Dios", "resolucion": "RD 0337-2019", "fecha": "28\/08\/2019", "archivo": "59-RD-0337-2019-04.pdf", "codlugarus": null, "lugaruso": "ESTANQUE", "uso": "Acuícola", "clase": "Licencia", "volumen": 17280.0, "area": 0.0, "modulo": 0.0, "usuario": "ROMERO MERMA, WILLIAM", "documento": "DNI: 04963077", "fuentetipo": null, "fuente": "Quebrada ROCO", "volumenfue": null, "cur": 2.0190337045904163e+19, "organizaci": null, "bloquecodi": null, "bloquenomb": null, "coordenada": null, "departamen": null, "provincia": "Tambopata", "distrito": "Las Piedras", "juntausuar": null, "comisionco": null, "fecharegis": null, "validado": "JUAN92_JS", "pozo": null, "codpozo": null, "numfila": 1, "datum": "WGS 84 (UTM)", "zona": 19, "este": 487701, "norte": 8666217, "unidadhidr": null, "areatotal": 0.0 }, "geometry": { "type": "Point", "coordinates": [ -69.11300814825934, -12.065354856717814 ] } },
{ "type": "Feature", "properties": { "aaa": "Madre de Dios", "ala": "Tahuamanu - Madre de Dios", "resolucion": "RD 0338-2019", "fecha": "28\/08\/2019", "archivo": "59-RD-0338-2019-04.pdf", "codlugarus": null, "lugaruso": "ESTANQUE", "uso": "Acuícola", "clase": "Licencia", "volumen": 48000.0, "area": 0.0, "modulo": 0.0, "usuario": "CHAVEZ CARDENAS, ROBERTO", "documento": "DNI: 04804469", "fuentetipo": null, "fuente": "Quebrada AGUAS NEGRAS", "volumenfue": null, "cur": 2.0190338045904179e+19, "organizaci": null, "bloquecodi": null, "bloquenomb": null, "coordenada": null, "departamen": null, "provincia": "Tambopata", "distrito": "Tambopata", "juntausuar": null, "comisionco": null, "fecharegis": null, "validado": "JUAN92_JS", "pozo": null, "codpozo": null, "numfila": 1, "datum": "WGS 84 (UTM)", "zona": 19, "este": 454012, "norte": 8599228, "unidadhidr": null, "areatotal": 0.0 }, "geometry": { "type": "Point", "coordinates": [ -69.423526992206632, -12.670831883080455 ] } },
{ "type": "Feature", "properties": { "aaa": "Madre de Dios", "ala": "Tahuamanu - Madre de Dios", "resolucion": "RD 0339-2019", "fecha": "28\/08\/2019", "archivo": "59-RD-0339-2019-04.pdf", "codlugarus": null, "lugaruso": "ESTANQUE", "uso": "Acuícola", "clase": "Licencia", "volumen": 38070.0, "area": 0.0, "modulo": 0.0, "usuario": "VALDERRAMA CUSIMAYTA, NICOLAS RICARDO", "documento": "DNI: 23848028", "fuentetipo": null, "fuente": "Quebrada LOS ÁNGELES", "volumenfue": null, "cur": 2.0190339045904155e+19, "organizaci": null, "bloquecodi": null, "bloquenomb": null, "coordenada": null, "departamen": null, "provincia": "Tambopata", "distrito": "Las Piedras", "juntausuar": null, "comisionco": null, "fecharegis": null, "validado": "JUAN92_JS", "pozo": null, "codpozo": null, "numfila": 1, "datum": "WGS 84 (UTM)", "zona": 19, "este": 488368, "norte": 8662455, "unidadhidr": null, "areatotal": 0.0 }, "geometry": { "type": "Point", "coordinates": [ -69.106892990909827, -12.099378237277218 ] } },
{ "type": "Feature", "properties": { "aaa": "Madre de Dios", "ala": "Tahuamanu - Madre de Dios", "resolucion": "RD 0340-2019", "fecha": "28\/08\/2019", "archivo": "59-RD-0340-2019-03.pdf", "codlugarus": null, "lugaruso": "ESTANQUE", "uso": "Acuícola", "clase": "Licencia", "volumen": 36750.0, "area": 0.0, "modulo": 0.0, "usuario": "VEGA RAMIREZ, ROBERTO", "documento": "DNI: 04820298", "fuentetipo": null, "fuente": "Quebrada VEGA", "volumenfue": null, "cur": 2.0190340045904204e+19, "organizaci": null, "bloquecodi": null, "bloquenomb": null, "coordenada": null, "departamen": null, "provincia": "Tambopata", "distrito": "Las Piedras", "juntausuar": null, "comisionco": null, "fecharegis": null, "validado": "JUAN92_JS", "pozo": null, "codpozo": null, "numfila": 1, "datum": "WGS 84 (UTM)", "zona": 19, "este": 486750, "norte": 8623303, "unidadhidr": null, "areatotal": 0.0 }, "geometry": { "type": "Point", "coordinates": [ -69.121924474293834, -12.453430928552132 ] } },
{ "type": "Feature", "properties": { "aaa": "Madre de Dios", "ala": "Tahuamanu - Madre de Dios", "resolucion": "RD 0341-2019", "fecha": "28\/08\/2019", "archivo": "59-RD-0341-2019-03.pdf", "codlugarus": null, "lugaruso": "ESTANQUE", "uso": "Acuícola", "clase": "Licencia", "volumen": 29400.0, "area": 0.0, "modulo": 0.0, "usuario": "HUACHO HOYOS, TIBURCIO", "documento": "DNI: 04806713", "fuentetipo": null, "fuente": "Manantial Tiburcio", "volumenfue": null, "cur": 2.0190341045904204e+19, "organizaci": null, "bloquecodi": null, "bloquenomb": null, "coordenada": null, "departamen": null, "provincia": "Tambopata", "distrito": "Tambopata", "juntausuar": null, "comisionco": null, "fecharegis": null, "validado": "JUAN92_JS", "pozo": null, "codpozo": null, "numfila": 1, "datum": "WGS 84 (UTM)", "zona": 19, "este": 453867, "norte": 8600077, "unidadhidr": null, "areatotal": 0.0 }, "geometry": { "type": "Point", "coordinates": [ -69.424849632079216, -12.663152505317319 ] } },
{ "type": "Feature", "properties": { "aaa": "Madre de Dios", "ala": "Tahuamanu - Madre de Dios", "resolucion": "RD 0342-2019", "fecha": "28\/08\/2019", "archivo": "59-RD-0342-2019-04.pdf", "codlugarus": null, "lugaruso": "ESTANQUE", "uso": "Acuícola", "clase": "Licencia", "volumen": 41005.8, "area": 0.0, "modulo": 0.0, "usuario": "QUISPE TTUPA, FROILÁN", "documento": "DNI: 04805008", "fuentetipo": null, "fuente": "Manantial FROILAN", "volumenfue": null, "cur": 2.0190342045904114e+19, "organizaci": null, "bloquecodi": null, "bloquenomb": null, "coordenada": null, "departamen": null, "provincia": "Tambopata", "distrito": "Las Piedras", "juntausuar": null, "comisionco": null, "fecharegis": null, "validado": "JUAN92_JS", "pozo": null, "codpozo": null, "numfila": 1, "datum": "WGS 84 (UTM)", "zona": 19, "este": 473972, "norte": 8662024, "unidadhidr": null, "areatotal": 0.0 }, "geometry": { "type": "Point", "coordinates": [ -69.239188815003729, -12.103193461253555 ] } },
{ "type": "Feature", "properties": { "aaa": "Madre de Dios", "ala": "Tahuamanu - Madre de Dios", "resolucion": "RD 0343-2019", "fecha": "28\/08\/2019", "archivo": "59-RD-0343-2019-04.pdf", "codlugarus": null, "lugaruso": "ESTANQUE", "uso": "Acuícola", "clase": "Licencia", "volumen": 166320.0, "area": 0.0, "modulo": 0.0, "usuario": "HERRERA MORENO, JOSE GENERO FRANCISCO", "documento": "DNI: 04800795", "fuentetipo": null, "fuente": "Filtración GENARO HERRERA", "volumenfue": null, "cur": 2.01903430459042e+19, "organizaci": null, "bloquecodi": null, "bloquenomb": null, "coordenada": null, "departamen": null, "provincia": "Tambopata", "distrito": "Tambopata", "juntausuar": null, "comisionco": null, "fecharegis": null, "validado": "JUAN92_JS", "pozo": null, "codpozo": null, "numfila": 1, "datum": "WGS 84 (UTM)", "zona": 19, "este": 478920, "norte": 8605640, "unidadhidr": null, "areatotal": 0.0 }, "geometry": { "type": "Point", "coordinates": [ -69.194094182792895, -12.613115053776623 ] } },
{ "type": "Feature", "properties": { "aaa": "Madre de Dios", "ala": "Tahuamanu - Madre de Dios", "resolucion": "RD 0344-2019", "fecha": "28\/08\/2019", "archivo": "59-RD-0344-2019-04.pdf", "codlugarus": null, "lugaruso": "ESTANQUE", "uso": "Acuícola", "clase": "Licencia", "volumen": 9000.0, "area": 0.0, "modulo": 0.0, "usuario": "CABRERA JOVE, FELIX", "documento": "DNI: 25218127", "fuentetipo": null, "fuente": "Quebrada LA NOVIA", "volumenfue": null, "cur": 2.0190344045904196e+19, "organizaci": null, "bloquecodi": null, "bloquenomb": null, "coordenada": null, "departamen": null, "provincia": "Tahuamanu", "distrito": "Tahuamanu", "juntausuar": null, "comisionco": null, "fecharegis": null, "validado": "JUAN92_JS", "pozo": null, "codpozo": null, "numfila": 1, "datum": "WGS 84 (UTM)", "zona": 19, "este": 484681, "norte": 8688060, "unidadhidr": null, "areatotal": 0.0 }, "geometry": { "type": "Point", "coordinates": [ -69.140654910231689, -11.867807647387703 ] } },
{ "type": "Feature", "properties": { "aaa": "Madre de Dios", "ala": "Tahuamanu - Madre de Dios", "resolucion": "RD 0345-2019", "fecha": "28\/08\/2019", "archivo": "59-RD-0345-2019-04.pdf", "codlugarus": null, "lugaruso": "ESTANQUE", "uso": "Acuícola", "clase": "Licencia", "volumen": 28800.0, "area": 0.0, "modulo": 0.0, "usuario": "MAMANI MOLINA, ROSA", "documento": "DNI: 04821636", "fuentetipo": null, "fuente": "Quebrada ARRAYAYO", "volumenfue": null, "cur": 2.019034504590413e+19, "organizaci": null, "bloquecodi": null, "bloquenomb": null, "coordenada": null, "departamen": null, "provincia": "Tambopata", "distrito": "Las Piedras", "juntausuar": null, "comisionco": null, "fecharegis": null, "validado": "JUAN92_JS", "pozo": null, "codpozo": null, "numfila": 1, "datum": "WGS 84 (UTM)", "zona": 19, "este": 486465, "norte": 8661871, "unidadhidr": null, "areatotal": 0.0 }, "geometry": { "type": "Point", "coordinates": [ -69.12438314408513, -12.104652243812479 ] } },
{ "type": "Feature", "properties": { "aaa": "Madre de Dios", "ala": "Tahuamanu - Madre de Dios", "resolucion": "RD 0346-2019", "fecha": "28\/08\/2019", "archivo": "59-RD-0346-2019-04.pdf", "codlugarus": null, "lugaruso": "ESTANQUE", "uso": "Acuícola", "clase": "Licencia", "volumen": 99360.0, "area": 0.0, "modulo": 0.0, "usuario": "RIVERA VASQUEZ, CESARIO", "documento": "DNI: 40239531", "fuentetipo": null, "fuente": "Manantial MADELEYNE", "volumenfue": null, "cur": 2.0190346045904175e+19, "organizaci": null, "bloquecodi": null, "bloquenomb": null, "coordenada": null, "departamen": null, "provincia": "Tambopata", "distrito": "Las Piedras", "juntausuar": null, "comisionco": null, "fecharegis": null, "validado": "JUAN92_JS", "pozo": null, "codpozo": null, "numfila": 1, "datum": "WGS 84 (UTM)", "zona": 19, "este": 483579, "norte": 8670911, "unidadhidr": null, "areatotal": 0.0 }, "geometry": { "type": "Point", "coordinates": [ -69.150858961978784, -12.022887537189574 ] } },
{ "type": "Feature", "properties": { "aaa": "Madre de Dios", "ala": "Tahuamanu - Madre de Dios", "resolucion": "RD 0347-2019", "fecha": "28\/08\/2019", "archivo": "59-RD-0347-2019-04.pdf", "codlugarus": null, "lugaruso": "ESTANQUE", "uso": "Acuícola", "clase": "Licencia", "volumen": 46080.0, "area": 0.0, "modulo": 0.0, "usuario": "HERRERA TABORGA, AMILCAR", "documento": "DNI: 04802252", "fuentetipo": null, "fuente": "Filtración AMILCAR HERRERA", "volumenfue": null, "cur": 2.01903470459042e+19, "organizaci": null, "bloquecodi": null, "bloquenomb": null, "coordenada": null, "departamen": null, "provincia": "Tambopata", "distrito": "Tambopata", "juntausuar": null, "comisionco": null, "fecharegis": null, "validado": "JUAN92_JS", "pozo": null, "codpozo": null, "numfila": 1, "datum": "WGS 84 (UTM)", "zona": 19, "este": 493241, "norte": 8612563, "unidadhidr": null, "areatotal": 0.0 }, "geometry": { "type": "Point", "coordinates": [ -69.062218552984731, -12.550573638678667 ] } },
{ "type": "Feature", "properties": { "aaa": "Madre de Dios", "ala": "Tahuamanu - Madre de Dios", "resolucion": "RD 0348-2019", "fecha": "28\/08\/2019", "archivo": "59-RD-0348-2019-04.pdf", "codlugarus": null, "lugaruso": "ESTANQUE", "uso": "Acuícola", "clase": "Licencia", "volumen": 43200.0, "area": 0.0, "modulo": 0.0, "usuario": "BUSTAMANTE HUALLPAYUNCA, ANGEL", "documento": "DNI: 04818244", "fuentetipo": null, "fuente": "Quebrada MONTERREY", "volumenfue": null, "cur": 2.0190348045904167e+19, "organizaci": null, "bloquecodi": null, "bloquenomb": null, "coordenada": null, "departamen": null, "provincia": "Tambopata", "distrito": "Las Piedras", "juntausuar": null, "comisionco": null, "fecharegis": null, "validado": "JUAN92_JS", "pozo": null, "codpozo": null, "numfila": 1, "datum": "WGS 84 (UTM)", "zona": 19, "este": 486935, "norte": 8650318, "unidadhidr": null, "areatotal": 0.0 }, "geometry": { "type": "Point", "coordinates": [ -69.120110842482674, -12.209130985848448 ] } },
{ "type": "Feature", "properties": { "aaa": "Madre de Dios", "ala": "Tahuamanu - Madre de Dios", "resolucion": "RD 0349-2019", "fecha": "28\/08\/2019", "archivo": "59-RD-0349-2019-04.pdf", "codlugarus": null, "lugaruso": "ESTANQUE", "uso": "Acuícola", "clase": "Licencia", "volumen": 34560.0, "area": 0.0, "modulo": 0.0, "usuario": "VARGAS SILVANO, DIANA JUDIT", "documento": "DNI: 43982202", "fuentetipo": null, "fuente": "Quebrada RAYAYO", "volumenfue": null, "cur": 2.01903490459042e+19, "organizaci": null, "bloquecodi": null, "bloquenomb": null, "coordenada": null, "departamen": null, "provincia": "Tambopata", "distrito": "Las Piedras", "juntausuar": null, "comisionco": null, "fecharegis": null, "validado": "JUAN92_JS", "pozo": null, "codpozo": null, "numfila": 1, "datum": "WGS 84 (UTM)", "zona": 19, "este": 486919, "norte": 8661279, "unidadhidr": null, "areatotal": 0.0 }, "geometry": { "type": "Point", "coordinates": [ -69.120213402333107, -12.110007713491271 ] } },
{ "type": "Feature", "properties": { "aaa": "Madre de Dios", "ala": "Tahuamanu - Madre de Dios", "resolucion": "RD 0350-2019", "fecha": "28\/08\/2019", "archivo": "59-RD-0350-2019-04.pdf", "codlugarus": null, "lugaruso": "ESTANQUE", "uso": "Acuícola", "clase": "Licencia", "volumen": 34200.0, "area": 0.0, "modulo": 0.0, "usuario": "HUARCAYA ARAGON, WALTER BERNARDO", "documento": "DNI: 04824948", "fuentetipo": null, "fuente": "Manantial Wálter", "volumenfue": null, "cur": 2.0190350045904114e+19, "organizaci": null, "bloquecodi": null, "bloquenomb": null, "coordenada": null, "departamen": null, "provincia": "Tambopata", "distrito": "Las Piedras", "juntausuar": null, "comisionco": null, "fecharegis": null, "validado": "JUAN92_JS", "pozo": null, "codpozo": null, "numfila": 1, "datum": "WGS 84 (UTM)", "zona": 19, "este": 483952, "norte": 8612605, "unidadhidr": null, "areatotal": 0.0 }, "geometry": { "type": "Point", "coordinates": [ -69.147726130444227, -12.550160390570916 ] } },
{ "type": "Feature", "properties": { "aaa": "Madre de Dios", "ala": "Tahuamanu - Madre de Dios", "resolucion": "RD 0351-2019", "fecha": "28\/08\/2019", "archivo": "59-RD-0351-2019-04.pdf", "codlugarus": null, "lugaruso": "ESTANQUE", "uso": "Acuícola", "clase": "Licencia", "volumen": 86400.0, "area": 0.0, "modulo": 0.0, "usuario": "FACUNDO CAHUANTICO CAHUANTICO", "documento": "DNI: 04809009", "fuentetipo": null, "fuente": "Manantial CAHUANTICO", "volumenfue": null, "cur": 2.01903510459042e+19, "organizaci": null, "bloquecodi": null, "bloquenomb": null, "coordenada": null, "departamen": null, "provincia": "Tambopata", "distrito": "Las Piedras", "juntausuar": null, "comisionco": null, "fecharegis": null, "validado": "JUAN92_JS", "pozo": null, "codpozo": null, "numfila": 1, "datum": "WGS 84 (UTM)", "zona": 19, "este": 485158, "norte": 8670615, "unidadhidr": null, "areatotal": 0.0 }, "geometry": { "type": "Point", "coordinates": [ -69.136354141002656, -12.025571822575149 ] } },
{ "type": "Feature", "properties": { "aaa": "Madre de Dios", "ala": "Tahuamanu - Madre de Dios", "resolucion": "RD 0352-2019", "fecha": "28\/08\/2019", "archivo": "59-RD-0352-2019-04.pdf", "codlugarus": null, "lugaruso": "ESTANQUE", "uso": "Acuícola", "clase": "Licencia", "volumen": 23040.0, "area": 0.0, "modulo": 0.0, "usuario": "ENRIQUEZ DE CASANOVA, LUCILA", "documento": "DNI: 25301093", "fuentetipo": null, "fuente": "Filtración CASANOVA", "volumenfue": null, "cur": 2.0190352045904216e+19, "organizaci": null, "bloquecodi": null, "bloquenomb": null, "coordenada": null, "departamen": null, "provincia": "Tambopata", "distrito": "Las Piedras", "juntausuar": null, "comisionco": null, "fecharegis": null, "validado": "JUAN92_JS", "pozo": null, "codpozo": null, "numfila": 1, "datum": "WGS 84 (UTM)", "zona": 19, "este": 484943, "norte": 8648170, "unidadhidr": null, "areatotal": 0.0 }, "geometry": { "type": "Point", "coordinates": [ -69.138434016793781, -12.228547222893384 ] } },
{ "type": "Feature", "properties": { "aaa": "Madre de Dios", "ala": "Tahuamanu - Madre de Dios", "resolucion": "RD 0353-2019", "fecha": "28\/08\/2019", "archivo": "59-RD-0353-2019-04.pdf", "codlugarus": null, "lugaruso": "ESTANQUE", "uso": "Acuícola", "clase": "Licencia", "volumen": 24000.0, "area": 0.0, "modulo": 0.0, "usuario": "GIERSCH DUMAY, MATILDE", "documento": "DNI: 04801575", "fuentetipo": null, "fuente": "Filtración GIERSCH", "volumenfue": null, "cur": 2.0190353045904183e+19, "organizaci": null, "bloquecodi": null, "bloquenomb": null, "coordenada": null, "departamen": null, "provincia": "Tambopata", "distrito": "Las Piedras", "juntausuar": null, "comisionco": null, "fecharegis": null, "validado": "JUAN92_JS", "pozo": null, "codpozo": null, "numfila": 1, "datum": "WGS 84 (UTM)", "zona": 19, "este": 481622, "norte": 8611964, "unidadhidr": null, "areatotal": 0.0 }, "geometry": { "type": "Point", "coordinates": [ -69.169178128591284, -12.555944280997309 ] } },
{ "type": "Feature", "properties": { "aaa": "Madre de Dios", "ala": "Tahuamanu - Madre de Dios", "resolucion": "RD 0354-2019", "fecha": "28\/08\/2019", "archivo": "59-RD-0354-2019-04.pdf", "codlugarus": null, "lugaruso": "ESTANQUE", "uso": "Acuícola", "clase": "Licencia", "volumen": 21600.0, "area": 0.0, "modulo": 0.0, "usuario": "VELASQUEZ GIERSCH, LIBERTAD", "documento": "DNI: 04802327", "fuentetipo": null, "fuente": "Filtración VELÁSQUEZ", "volumenfue": null, "cur": 2.0190354045904183e+19, "organizaci": null, "bloquecodi": null, "bloquenomb": null, "coordenada": null, "departamen": null, "provincia": "Tambopata", "distrito": "Tambopata", "juntausuar": null, "comisionco": null, "fecharegis": null, "validado": "JUAN92_JS", "pozo": null, "codpozo": null, "numfila": 1, "datum": "WGS 84 (UTM)", "zona": 19, "este": 481609, "norte": 8612254, "unidadhidr": null, "areatotal": 0.0 }, "geometry": { "type": "Point", "coordinates": [ -69.169296084712045, -12.553321740816582 ] } },
{ "type": "Feature", "properties": { "aaa": "Madre de Dios", "ala": "Tahuamanu - Madre de Dios", "resolucion": "RD 0355-2019", "fecha": "28\/08\/2019", "archivo": "59-RD-0355-2019-04.pdf", "codlugarus": null, "lugaruso": "ESTANQUE", "uso": "Acuícola", "clase": "Licencia", "volumen": 30800.0, "area": 0.0, "modulo": 0.0, "usuario": "OLAZABAL MONTESINOS, DANIEL", "documento": "DNI: 05061218", "fuentetipo": null, "fuente": "Filtración OLAZABAL", "volumenfue": null, "cur": 2.0190355045904183e+19, "organizaci": null, "bloquecodi": null, "bloquenomb": null, "coordenada": null, "departamen": null, "provincia": "Tambopata", "distrito": "Las Piedras", "juntausuar": null, "comisionco": null, "fecharegis": null, "validado": "JUAN92_JS", "pozo": null, "codpozo": null, "numfila": 1, "datum": "WGS 84 (UTM)", "zona": 19, "este": 486323, "norte": 8618150, "unidadhidr": null, "areatotal": 0.0 }, "geometry": { "type": "Point", "coordinates": [ -69.125876162359106, -12.500027973539455 ] } },
{ "type": "Feature", "properties": { "aaa": "Madre de Dios", "ala": "Tahuamanu - Madre de Dios", "resolucion": "RD 0356-2019", "fecha": "28\/08\/2019", "archivo": "59-RD-0356-2019-04.pdf", "codlugarus": null, "lugaruso": "ESTANQUE", "uso": "Acuícola", "clase": "Licencia", "volumen": 4320.0, "area": 0.0, "modulo": 0.0, "usuario": "DELGADO QUISPE DE QUISPE, ANA MARIA", "documento": "DNI: 41190378", "fuentetipo": null, "fuente": "Filtración ANA MARIA", "volumenfue": null, "cur": 2.0190356045904183e+19, "organizaci": null, "bloquecodi": null, "bloquenomb": null, "coordenada": null, "departamen": null, "provincia": "Tambopata", "distrito": "Las Piedras", "juntausuar": null, "comisionco": null, "fecharegis": null, "validado": "JUAN92_JS", "pozo": null, "codpozo": null, "numfila": 1, "datum": "WGS 84 (UTM)", "zona": 19, "este": 482504, "norte": 8611335, "unidadhidr": null, "areatotal": 0.0 }, "geometry": { "type": "Point", "coordinates": [ -69.161062466344546, -12.561637313988532 ] } },
{ "type": "Feature", "properties": { "aaa": "Madre de Dios", "ala": "Tahuamanu - Madre de Dios", "resolucion": "RD 0357-2019", "fecha": "28\/08\/2019", "archivo": "59-RD-0357-2019-04.pdf", "codlugarus": null, "lugaruso": "ESTANQUE", "uso": "Acuícola", "clase": "Licencia", "volumen": 42050.0, "area": 0.0, "modulo": 0.0, "usuario": "HUAMANI HUAMANI, SIXTO RONALD", "documento": "DNI: 40166399", "fuentetipo": null, "fuente": "Manantial HUAMANI", "volumenfue": null, "cur": 2.0190357045904212e+19, "organizaci": null, "bloquecodi": null, "bloquenomb": null, "coordenada": null, "departamen": null, "provincia": "Tahuamanu", "distrito": "Tahuamanu", "juntausuar": null, "comisionco": null, "fecharegis": null, "validado": "JUAN92_JS", "pozo": null, "codpozo": null, "numfila": 1, "datum": "WGS 84 (UTM)", "zona": 19, "este": 486034, "norte": 8687957, "unidadhidr": null, "areatotal": 0.0 }, "geometry": { "type": "Point", "coordinates": [ -69.128232488673902, -11.868745027148648 ] } },
{ "type": "Feature", "properties": { "aaa": "Madre de Dios", "ala": "Tahuamanu - Madre de Dios", "resolucion": "RD 0358-2019", "fecha": "28\/08\/2019", "archivo": "59-RD-0358-2019-04.pdf", "codlugarus": null, "lugaruso": "ESTANQUE", "uso": "Acuícola", "clase": "Licencia", "volumen": 65200.0, "area": 0.0, "modulo": 0.0, "usuario": "R&R SELEC E.I.R.L.", "documento": "RUC: 20601992761", "fuentetipo": null, "fuente": "Manantial SELEC", "volumenfue": null, "cur": 2.0190358045904093e+19, "organizaci": null, "bloquecodi": null, "bloquenomb": null, "coordenada": null, "departamen": null, "provincia": "Tambopata", "distrito": "Las Piedras", "juntausuar": null, "comisionco": null, "fecharegis": null, "validado": "JUAN92_JS", "pozo": null, "codpozo": null, "numfila": 1, "datum": "WGS 84 (UTM)", "zona": 19, "este": 485871, "norte": 8649683, "unidadhidr": null, "areatotal": 0.0 }, "geometry": { "type": "Point", "coordinates": [ -69.129895327067814, -12.21486899464816 ] } },
{ "type": "Feature", "properties": { "aaa": "Madre de Dios", "ala": "Tahuamanu - Madre de Dios", "resolucion": "RD 0359-2019", "fecha": "28\/08\/2019", "archivo": "59-RD-0359-2019-04.pdf", "codlugarus": null, "lugaruso": "ESTANQUE", "uso": "Acuícola", "clase": "Licencia", "volumen": 12092.16, "area": 0.0, "modulo": 0.0, "usuario": "SIMPLICIO ALVARES, JOSE", "documento": "DNI: 05061569", "fuentetipo": null, "fuente": "Quebrada MARANGUAPE", "volumenfue": null, "cur": 2.0190359045904212e+19, "organizaci": null, "bloquecodi": null, "bloquenomb": null, "coordenada": null, "departamen": null, "provincia": "Tahuamanu", "distrito": "Tahuamanu", "juntausuar": null, "comisionco": null, "fecharegis": null, "validado": "JUAN92_JS", "pozo": null, "codpozo": null, "numfila": 1, "datum": "WGS 84 (UTM)", "zona": 19, "este": 468312, "norte": 8724418, "unidadhidr": null, "areatotal": 0.0 }, "geometry": { "type": "Point", "coordinates": [ -69.290606179784362, -11.538890919505965 ] } },
{ "type": "Feature", "properties": { "aaa": "Madre de Dios", "ala": "Tahuamanu - Madre de Dios", "resolucion": "RD 0360-2019", "fecha": "28\/08\/2019", "archivo": "59-RD-0360-2019-04.pdf", "codlugarus": null, "lugaruso": "ESTANQUE", "uso": "Acuícola", "clase": "Licencia", "volumen": 56400.0, "area": 0.0, "modulo": 0.0, "usuario": "AREVALO TOREN, NANCY", "documento": "DNI: 04812037", "fuentetipo": null, "fuente": "Quebrada NANCY", "volumenfue": null, "cur": 2.0190360045904183e+19, "organizaci": null, "bloquecodi": null, "bloquenomb": null, "coordenada": null, "departamen": null, "provincia": "Tambopata", "distrito": "Las Piedras", "juntausuar": null, "comisionco": null, "fecharegis": null, "validado": "JUAN92_JS", "pozo": null, "codpozo": null, "numfila": 1, "datum": "WGS 84 (UTM)", "zona": 19, "este": 486699, "norte": 8651873, "unidadhidr": null, "areatotal": 0.0 }, "geometry": { "type": "Point", "coordinates": [ -69.122274016475842, -12.19506780111382 ] } },
{ "type": "Feature", "properties": { "aaa": "Madre de Dios", "ala": "Tahuamanu - Madre de Dios", "resolucion": "RD 0361-2019", "fecha": "28\/08\/2019", "archivo": "59-RD-0361-2019-04.pdf", "codlugarus": null, "lugaruso": "ESTANQUE", "uso": "Acuícola", "clase": "Licencia", "volumen": 68400.0, "area": 0.0, "modulo": 0.0, "usuario": "FERNANDEZ YUPAICCANA DE PINEDO, ELSA", "documento": "DNI: 05062538", "fuentetipo": null, "fuente": "Filtración FERNÁNDEZ", "volumenfue": null, "cur": 2.0190361045904183e+19, "organizaci": null, "bloquecodi": null, "bloquenomb": null, "coordenada": null, "departamen": null, "provincia": "Tahuamanu", "distrito": "Iberia", "juntausuar": null, "comisionco": null, "fecharegis": null, "validado": "JUAN92_JS", "pozo": null, "codpozo": null, "numfila": 1, "datum": "WGS 84 (UTM)", "zona": 19, "este": 446813, "norte": 8740861, "unidadhidr": null, "areatotal": 0.0 }, "geometry": { "type": "Point", "coordinates": [ -69.4875114827408, -11.389926194147584 ] } },
{ "type": "Feature", "properties": { "aaa": "Madre de Dios", "ala": "Tahuamanu - Madre de Dios", "resolucion": "RD 0362-2019", "fecha": "28\/08\/2019", "archivo": "59-RD-0362-2019-04.pdf", "codlugarus": null, "lugaruso": "ESTANQUE", "uso": "Acuícola", "clase": "Licencia", "volumen": 43200.0, "area": 0.0, "modulo": 0.0, "usuario": "HUICAPA CACERES, GLORIA", "documento": "DNI: 80155051", "fuentetipo": null, "fuente": "Filtración ELIZABETH", "volumenfue": null, "cur": 2.0190362045904183e+19, "organizaci": null, "bloquecodi": null, "bloquenomb": null, "coordenada": null, "departamen": null, "provincia": "Manu", "distrito": "Madre De Dios", "juntausuar": null, "comisionco": null, "fecharegis": null, "validado": "JUAN92_JS", "pozo": null, "codpozo": null, "numfila": 1, "datum": "WGS 84 (UTM)", "zona": 19, "este": 348150, "norte": 8598683, "unidadhidr": null, "areatotal": 0.0 }, "geometry": { "type": "Point", "coordinates": [ -70.398358175405306, -12.672420856790406 ] } },
{ "type": "Feature", "properties": { "aaa": "Madre de Dios", "ala": "Tahuamanu - Madre de Dios", "resolucion": "RD 0363-2019", "fecha": "28\/08\/2019", "archivo": "59-RD-0363-2019-04.pdf", "codlugarus": null, "lugaruso": "ESTANQUE", "uso": "Acuícola", "clase": "Licencia", "volumen": 103680.0, "area": 0.0, "modulo": 0.0, "usuario": "COAQUIRA QUISPE, EMETERIO", "documento": "DNI: 04963230", "fuentetipo": null, "fuente": "Manantial MANANTE EMETERIO", "volumenfue": null, "cur": 2.0190363045904122e+19, "organizaci": null, "bloquecodi": null, "bloquenomb": null, "coordenada": null, "departamen": null, "provincia": "Manu", "distrito": "Madre De Dios", "juntausuar": null, "comisionco": null, "fecharegis": null, "validado": "JUAN92_JS", "pozo": null, "codpozo": null, "numfila": 1, "datum": "WGS 84 (UTM)", "zona": 19, "este": 346817, "norte": 8601415, "unidadhidr": null, "areatotal": 0.0 }, "geometry": { "type": "Point", "coordinates": [ -70.41049518119128, -12.647658232695903 ] } },
{ "type": "Feature", "properties": { "aaa": "Madre de Dios", "ala": "Tahuamanu - Madre de Dios", "resolucion": "RD 0364-2019", "fecha": "28\/08\/2019", "archivo": "59-RD-0364-2019-04.pdf", "codlugarus": null, "lugaruso": "ESTANQUE", "uso": "Acuícola", "clase": "Licencia", "volumen": 79200.0, "area": 0.0, "modulo": 0.0, "usuario": "SARKA QUISPE, DANIEL", "documento": "DNI: 04805513", "fuentetipo": null, "fuente": "Filtración El Castañal", "volumenfue": null, "cur": 2.0190364045904179e+19, "organizaci": null, "bloquecodi": null, "bloquenomb": null, "coordenada": null, "departamen": null, "provincia": "Tambopata", "distrito": "Tambopata", "juntausuar": null, "comisionco": null, "fecharegis": null, "validado": "JUAN92_JS", "pozo": null, "codpozo": null, "numfila": 1, "datum": "WGS 84 (UTM)", "zona": 19, "este": 471469, "norte": 8602805, "unidadhidr": null, "areatotal": 0.0 }, "geometry": { "type": "Point", "coordinates": [ -69.262725017329132, -12.638692960871104 ] } },
{ "type": "Feature", "properties": { "aaa": "Madre de Dios", "ala": "Tahuamanu - Madre de Dios", "resolucion": "RD 0365-2019", "fecha": "28\/08\/2019", "archivo": "59-RD-0365-2019-04.pdf", "codlugarus": null, "lugaruso": "ESTANQUE", "uso": "Acuícola", "clase": "Licencia", "volumen": 7065.0, "area": 0.0, "modulo": 0.0, "usuario": "DIAZ GUZMAN, MIGUEL", "documento": "DNI: 04809185", "fuentetipo": null, "fuente": "Manantial DÍAZ", "volumenfue": null, "cur": 2.0190365045904155e+19, "organizaci": null, "bloquecodi": null, "bloquenomb": null, "coordenada": null, "departamen": null, "provincia": "Tambopata", "distrito": "Las Piedras", "juntausuar": null, "comisionco": null, "fecharegis": null, "validado": "JUAN92_JS", "pozo": null, "codpozo": null, "numfila": 1, "datum": "WGS 84 (UTM)", "zona": 19, "este": 482887, "norte": 8632872, "unidadhidr": null, "areatotal": 0.0 }, "geometry": { "type": "Point", "coordinates": [ -69.157419134992196, -12.366879292883651 ] } },
{ "type": "Feature", "properties": { "aaa": "Madre de Dios", "ala": "Tahuamanu - Madre de Dios", "resolucion": "RD 0366-2019", "fecha": "28\/08\/2019", "archivo": "59-RD-0366-2019-04.pdf", "codlugarus": null, "lugaruso": "ESTANQUE", "uso": "Acuícola", "clase": "Licencia", "volumen": 104550.0, "area": 0.0, "modulo": 0.0, "usuario": "DELGADO GUTIERREZ, RODOLFO", "documento": "DNI: 29551374", "fuentetipo": null, "fuente": "Quebrada DELGADO", "volumenfue": null, "cur": 2.0190366045904179e+19, "organizaci": null, "bloquecodi": null, "bloquenomb": null, "coordenada": null, "departamen": null, "provincia": "Tahuamanu", "distrito": "Tahuamanu", "juntausuar": null, "comisionco": null, "fecharegis": null, "validado": "JUAN92_JS", "pozo": null, "codpozo": null, "numfila": 1, "datum": "WGS 84 (UTM)", "zona": 19, "este": 464322, "norte": 8734902, "unidadhidr": null, "areatotal": 0.0 }, "geometry": { "type": "Point", "coordinates": [ -69.327088165227579, -11.444039323280155 ] } },
{ "type": "Feature", "properties": { "aaa": "Madre de Dios", "ala": "Tahuamanu - Madre de Dios", "resolucion": "RD 0367-2019", "fecha": "28\/08\/2019", "archivo": "59-RD-0367-2019-06.pdf", "codlugarus": null, "lugaruso": "ESTANQUE", "uso": "Acuícola", "clase": "Licencia", "volumen": 25512.5, "area": 0.0, "modulo": 0.0, "usuario": "BAUTISTA GASTELU, ALBINO", "documento": "DNI: 04809311", "fuentetipo": null, "fuente": "Quebrada AGUA  BRILLANTE", "volumenfue": null, "cur": 2.01903670459042e+19, "organizaci": null, "bloquecodi": null, "bloquenomb": null, "coordenada": null, "departamen": null, "provincia": "Tambopata", "distrito": "Las Piedras", "juntausuar": null, "comisionco": null, "fecharegis": null, "validado": "JUAN92_JS", "pozo": null, "codpozo": null, "numfila": 1, "datum": "WGS 84 (UTM)", "zona": 19, "este": 487530, "norte": 8647912, "unidadhidr": null, "areatotal": 0.0 }, "geometry": { "type": "Point", "coordinates": [ -69.114650188165342, -12.230891317553604 ] } },
{ "type": "Feature", "properties": { "aaa": "Madre de Dios", "ala": "Tahuamanu - Madre de Dios", "resolucion": "RD 0368-2019", "fecha": "28\/08\/2019", "archivo": "59-RD-0368-2019-04.pdf", "codlugarus": null, "lugaruso": "ESTANQUE", "uso": "Acuícola", "clase": "Licencia", "volumen": 57120.0, "area": 0.0, "modulo": 0.0, "usuario": "DONAIRES OROSCO, AURELIANO FRANCISCO", "documento": "DNI: 23811926", "fuentetipo": null, "fuente": "Quebrada DONAIRE", "volumenfue": null, "cur": 2.0190368045904122e+19, "organizaci": null, "bloquecodi": null, "bloquenomb": null, "coordenada": null, "departamen": null, "provincia": "Tambopata", "distrito": "Tambopata", "juntausuar": null, "comisionco": null, "fecharegis": null, "validado": "JUAN92_JS", "pozo": null, "codpozo": null, "numfila": 1, "datum": "WGS 84 (UTM)", "zona": 19, "este": 455666, "norte": 8597253, "unidadhidr": null, "areatotal": 0.0 }, "geometry": { "type": "Point", "coordinates": [ -69.408323190601763, -12.688715042364942 ] } },
{ "type": "Feature", "properties": { "aaa": "Madre de Dios", "ala": "Tahuamanu - Madre de Dios", "resolucion": "RD 0369-2019", "fecha": "28\/08\/2019", "archivo": "59-RD-0369-2019-04.pdf", "codlugarus": null, "lugaruso": "ESTANQUE", "uso": "Acuícola", "clase": "Licencia", "volumen": 64800.0, "area": 0.0, "modulo": 0.0, "usuario": "AGUILAR QUISPE, TERESA", "documento": "DNI: 05071038", "fuentetipo": null, "fuente": "Quebrada VILLA HERMOSA", "volumenfue": null, "cur": 2.0190369045904122e+19, "organizaci": null, "bloquecodi": null, "bloquenomb": null, "coordenada": null, "departamen": null, "provincia": "Manu", "distrito": "Madre De Dios", "juntausuar": null, "comisionco": null, "fecharegis": null, "validado": "JUAN92_JS", "pozo": null, "codpozo": null, "numfila": 1, "datum": "WGS 84 (UTM)", "zona": 19, "este": 347897, "norte": 8599843, "unidadhidr": null, "areatotal": 0.0 }, "geometry": { "type": "Point", "coordinates": [ -70.400630253295247, -12.661921935096791 ] } },
{ "type": "Feature", "properties": { "aaa": "Madre de Dios", "ala": "Tahuamanu - Madre de Dios", "resolucion": "RD 0370-2019", "fecha": "28\/08\/2019", "archivo": "59-RD-0370-2019-04.pdf", "codlugarus": null, "lugaruso": "ESTANQUE", "uso": "Acuícola", "clase": "Licencia", "volumen": 96750.0, "area": 0.0, "modulo": 0.0, "usuario": "GOMEZ HOLGUIN, DARIO", "documento": "DNI: 04810502", "fuentetipo": null, "fuente": "Filtración GOMEZ HOLGUIN", "volumenfue": null, "cur": 2.0190370045904183e+19, "organizaci": null, "bloquecodi": null, "bloquenomb": null, "coordenada": null, "departamen": null, "provincia": "Tambopata", "distrito": "Las Piedras", "juntausuar": null, "comisionco": null, "fecharegis": null, "validado": "JUAN92_JS", "pozo": null, "codpozo": null, "numfila": 1, "datum": "WGS 84 (UTM)", "zona": 19, "este": 482403, "norte": 8607938, "unidadhidr": null, "areatotal": 0.0 }, "geometry": { "type": "Point", "coordinates": [ -69.16201149141358, -12.592355723033627 ] } },
{ "type": "Feature", "properties": { "aaa": "Madre de Dios", "ala": "Tahuamanu - Madre de Dios", "resolucion": "RD 0371-2019", "fecha": "28\/08\/2019", "archivo": "59-RD-0371-2019-04.pdf", "codlugarus": null, "lugaruso": "ESTANQUE", "uso": "Acuícola", "clase": "Licencia", "volumen": 25920.0, "area": 0.0, "modulo": 0.0, "usuario": "ESPINOZA BARRIENTOS, GENARO", "documento": "DNI: 04812589", "fuentetipo": null, "fuente": "Filtración FUNDO ESPINOZA", "volumenfue": null, "cur": 2.0190371045904183e+19, "organizaci": null, "bloquecodi": null, "bloquenomb": null, "coordenada": null, "departamen": null, "provincia": "Tambopata", "distrito": "Las Piedras", "juntausuar": null, "comisionco": null, "fecharegis": null, "validado": "JUAN92_JS", "pozo": null, "codpozo": null, "numfila": 1, "datum": "WGS 84 (UTM)", "zona": 19, "este": 482218, "norte": 8611340, "unidadhidr": null, "areatotal": 0.0 }, "geometry": { "type": "Point", "coordinates": [ -69.163695252924882, -12.561590504957858 ] } },
{ "type": "Feature", "properties": { "aaa": "Madre de Dios", "ala": "Tahuamanu - Madre de Dios", "resolucion": "RD 0381-2019", "fecha": "02\/09\/2019", "archivo": "59-RD-0381-2019-04.pdf", "codlugarus": null, "lugaruso": "ESTANQUE", "uso": "Acuícola", "clase": "Licencia", "volumen": 18360.0, "area": 0.0, "modulo": 0.0, "usuario": "MELGAR QUISPE, LINO JORGE", "documento": "DNI: 04810877", "fuentetipo": null, "fuente": "Filtración MELGAR", "volumenfue": null, "cur": 2.0190381045904114e+19, "organizaci": null, "bloquecodi": null, "bloquenomb": null, "coordenada": null, "departamen": null, "provincia": "Tambopata", "distrito": "Las Piedras", "juntausuar": null, "comisionco": null, "fecharegis": null, "validado": "JUAN92_JS", "pozo": null, "codpozo": null, "numfila": 1, "datum": "WGS 84 (UTM)", "zona": 19, "este": 489708, "norte": 8666722, "unidadhidr": null, "areatotal": 0.0 }, "geometry": { "type": "Point", "coordinates": [ -69.094565445506589, -12.060794845526937 ] } },
{ "type": "Feature", "properties": { "aaa": "Madre de Dios", "ala": "Tahuamanu - Madre de Dios", "resolucion": "RD 0382-2019", "fecha": "03\/09\/2019", "archivo": "59-RD-0382-2019-04.pdf", "codlugarus": null, "lugaruso": "ESTANQUE", "uso": "Acuícola", "clase": "Licencia", "volumen": 18225.0, "area": 0.0, "modulo": 0.0, "usuario": "MERCADO CUMARI, HANS KURT", "documento": "DNI: 80609357", "fuentetipo": null, "fuente": "Quebrada MERCADO", "volumenfue": null, "cur": 2.0190382045904093e+19, "organizaci": null, "bloquecodi": null, "bloquenomb": null, "coordenada": null, "departamen": null, "provincia": "Tambopata", "distrito": "Las Piedras", "juntausuar": null, "comisionco": null, "fecharegis": null, "validado": "JUAN92_JS", "pozo": null, "codpozo": null, "numfila": 1, "datum": "WGS 84 (UTM)", "zona": 19, "este": 484178, "norte": 8673500, "unidadhidr": null, "areatotal": 0.0 }, "geometry": { "type": "Point", "coordinates": [ -69.145343433435698, -11.999477220000736 ] } },
{ "type": "Feature", "properties": { "aaa": "Madre de Dios", "ala": "Tahuamanu - Madre de Dios", "resolucion": "RD 0383-2019", "fecha": "03\/09\/2019", "archivo": "59-RD-0383-2019-04.pdf", "codlugarus": null, "lugaruso": "ESTANQUE", "uso": "Acuícola", "clase": "Licencia", "volumen": 39120.0, "area": 0.0, "modulo": 0.0, "usuario": "CASTRO QUISPE, JUSTA", "documento": "DNI: 04807795", "fuentetipo": null, "fuente": "Quebrada CASTRO", "volumenfue": null, "cur": 2.01903830459042e+19, "organizaci": null, "bloquecodi": null, "bloquenomb": null, "coordenada": null, "departamen": null, "provincia": "Tambopata", "distrito": "Las Piedras", "juntausuar": null, "comisionco": null, "fecharegis": null, "validado": "JUAN92_JS", "pozo": null, "codpozo": null, "numfila": 1, "datum": "WGS 84 (UTM)", "zona": 19, "este": 492160, "norte": 8659730, "unidadhidr": null, "areatotal": 0.0 }, "geometry": { "type": "Point", "coordinates": [ -69.072052801330841, -12.124032473828175 ] } },
{ "type": "Feature", "properties": { "aaa": "Madre de Dios", "ala": "Tahuamanu - Madre de Dios", "resolucion": "RD 0384-2019", "fecha": "03\/09\/2019", "archivo": "59-RD-0384-2019-04.pdf", "codlugarus": null, "lugaruso": "ESTANQUE", "uso": "Acuícola", "clase": "Licencia", "volumen": 12375.0, "area": 0.0, "modulo": 0.0, "usuario": "ROMERO MERMA, LEONIDAS", "documento": "DNI: 04822288", "fuentetipo": null, "fuente": "Manantial ROMERO", "volumenfue": null, "cur": 2.0190384045904212e+19, "organizaci": null, "bloquecodi": null, "bloquenomb": null, "coordenada": null, "departamen": null, "provincia": "Tambopata", "distrito": "Las Piedras", "juntausuar": null, "comisionco": null, "fecharegis": null, "validado": "JUAN92_JS", "pozo": null, "codpozo": null, "numfila": 1, "datum": "WGS 84 (UTM)", "zona": 19, "este": 487416, "norte": 8666802, "unidadhidr": null, "areatotal": 0.0 }, "geometry": { "type": "Point", "coordinates": [ -69.115624572055083, -12.060063435086601 ] } },
{ "type": "Feature", "properties": { "aaa": "Madre de Dios", "ala": "Tahuamanu - Madre de Dios", "resolucion": "RD 0385-2019", "fecha": "03\/09\/2019", "archivo": "59-RD-0385-2019-04.pdf", "codlugarus": null, "lugaruso": "ESTANQUE", "uso": "Acuícola", "clase": "Licencia", "volumen": 40800.0, "area": 0.0, "modulo": 0.0, "usuario": "VERA CUNO, FLORENCIO", "documento": "DNI: 04802599", "fuentetipo": null, "fuente": "Quebrada TRES ESTRELLAS", "volumenfue": null, "cur": 2.0190385045904126e+19, "organizaci": null, "bloquecodi": null, "bloquenomb": null, "coordenada": null, "departamen": null, "provincia": "Tambopata", "distrito": "Tambopata", "juntausuar": null, "comisionco": null, "fecharegis": null, "validado": "JUAN92_JS", "pozo": null, "codpozo": null, "numfila": 1, "datum": "WGS 84 (UTM)", "zona": 19, "este": 465127, "norte": 8598890, "unidadhidr": null, "areatotal": 0.0 }, "geometry": { "type": "Point", "coordinates": [ -69.321168415583799, -12.674031627018001 ] } },
{ "type": "Feature", "properties": { "aaa": "Madre de Dios", "ala": "Tahuamanu - Madre de Dios", "resolucion": "RD 0386-2019", "fecha": "03\/09\/2019", "archivo": "59-RD-0386-2019-04.pdf", "codlugarus": null, "lugaruso": "ESTANQUE", "uso": "Acuícola", "clase": "Licencia", "volumen": 7200.0, "area": 0.0, "modulo": 0.0, "usuario": "ROJAS DE DE LA COLINA, MARIA NATIVIDAD", "documento": "DNI: 04817697", "fuentetipo": null, "fuente": "Manantial IMPERIO DEL SOL", "volumenfue": null, "cur": 2.0190386045904126e+19, "organizaci": null, "bloquecodi": null, "bloquenomb": null, "coordenada": null, "departamen": null, "provincia": "Tambopata", "distrito": "Tambopata", "juntausuar": null, "comisionco": null, "fecharegis": null, "validado": "JUAN92_JS", "pozo": null, "codpozo": null, "numfila": 1, "datum": "WGS 84 (UTM)", "zona": 19, "este": 471063, "norte": 8602628, "unidadhidr": null, "areatotal": 0.0 }, "geometry": { "type": "Point", "coordinates": [ -69.266465260400622, -12.640289838357932 ] } },
{ "type": "Feature", "properties": { "aaa": "Madre de Dios", "ala": "Tahuamanu - Madre de Dios", "resolucion": "RD 0387-2019", "fecha": "03\/09\/2019", "archivo": "59-RD-0387-2019-04.pdf", "codlugarus": null, "lugaruso": "ESTANQUE", "uso": "Acuícola", "clase": "Licencia", "volumen": 26520.0, "area": 0.0, "modulo": 0.0, "usuario": "SIMPLICIO ARIAS, JOSE ROSAS", "documento": "DNI: 80659900", "fuentetipo": null, "fuente": "Filtración SIMPLICIO", "volumenfue": null, "cur": 2.0190387045904105e+19, "organizaci": null, "bloquecodi": null, "bloquenomb": null, "coordenada": null, "departamen": null, "provincia": "Tahuamanu", "distrito": "Tahuamanu", "juntausuar": null, "comisionco": null, "fecharegis": null, "validado": "JUAN92_JS", "pozo": null, "codpozo": null, "numfila": 1, "datum": "WGS 84 (UTM)", "zona": 19, "este": 468392, "norte": 8723860, "unidadhidr": null, "areatotal": 0.0 }, "geometry": { "type": "Point", "coordinates": [ -69.289877697645466, -11.543937959508185 ] } },
{ "type": "Feature", "properties": { "aaa": "Madre de Dios", "ala": "Tahuamanu - Madre de Dios", "resolucion": "RD 0388-2019", "fecha": "03\/09\/2019", "archivo": "59-RD-0388-2019-04.pdf", "codlugarus": null, "lugaruso": "ESTANQUE", "uso": "Acuícola", "clase": "Licencia", "volumen": 51000.0, "area": 0.0, "modulo": 0.0, "usuario": "CHECCA CURI, JUSTO", "documento": "DNI: 04827933", "fuentetipo": null, "fuente": "Quebrada SINAI", "volumenfue": null, "cur": 2.019038804590413e+19, "organizaci": null, "bloquecodi": null, "bloquenomb": null, "coordenada": null, "departamen": null, "provincia": "Tambopata", "distrito": "Tambopata", "juntausuar": null, "comisionco": null, "fecharegis": null, "validado": "JUAN92_JS", "pozo": null, "codpozo": null, "numfila": 1, "datum": "WGS 84 (UTM)", "zona": 19, "este": 464841, "norte": 8594751, "unidadhidr": null, "areatotal": 0.0 }, "geometry": { "type": "Point", "coordinates": [ -69.323849689096846, -12.711456510887203 ] } },
{ "type": "Feature", "properties": { "aaa": "Madre de Dios", "ala": "Tahuamanu - Madre de Dios", "resolucion": "RD 0389-2019", "fecha": "03\/09\/2019", "archivo": "59-RD-0389-2019-04.pdf", "codlugarus": null, "lugaruso": "ESTANQUE", "uso": "Acuícola", "clase": "Licencia", "volumen": 43200.0, "area": 0.0, "modulo": 0.0, "usuario": "LLANO CRUZ, AURELIA", "documento": "DNI: 04806746", "fuentetipo": null, "fuente": "Quebrada SINAI", "volumenfue": null, "cur": 2.0190389045904114e+19, "organizaci": null, "bloquecodi": null, "bloquenomb": null, "coordenada": null, "departamen": null, "provincia": "Tambopata", "distrito": "Tambopata", "juntausuar": null, "comisionco": null, "fecharegis": null, "validado": "JUAN92_JS", "pozo": null, "codpozo": null, "numfila": 1, "datum": "WGS 84 (UTM)", "zona": 19, "este": 464993, "norte": 8594861, "unidadhidr": null, "areatotal": 0.0 }, "geometry": { "type": "Point", "coordinates": [ -69.322448377456382, -12.710463511842756 ] } },
{ "type": "Feature", "properties": { "aaa": "Madre de Dios", "ala": "Tahuamanu - Madre de Dios", "resolucion": "RD 0390-2019", "fecha": "03\/09\/2019", "archivo": "59-RD-0390-2019-04.pdf", "codlugarus": null, "lugaruso": "ESTANQUE", "uso": "Acuícola", "clase": "Licencia", "volumen": 43200.0, "area": 0.0, "modulo": 0.0, "usuario": "MAQUITO HUAMANTUCO, SILVIO", "documento": "DNI: 30657991", "fuentetipo": null, "fuente": "Manantial EL AGUAJAL", "volumenfue": null, "cur": 2.0190390045904179e+19, "organizaci": null, "bloquecodi": null, "bloquenomb": null, "coordenada": null, "departamen": null, "provincia": "Tambopata", "distrito": "Las Piedras", "juntausuar": null, "comisionco": null, "fecharegis": null, "validado": "JUAN92_JS", "pozo": null, "codpozo": null, "numfila": 1, "datum": "WGS 84 (UTM)", "zona": 19, "este": 486700, "norte": 8650189, "unidadhidr": null, "areatotal": 0.0 }, "geometry": { "type": "Point", "coordinates": [ -69.122271806615856, -12.21029661185923 ] } },
{ "type": "Feature", "properties": { "aaa": "Madre de Dios", "ala": "Tahuamanu - Madre de Dios", "resolucion": "RD 0391-2019", "fecha": "03\/09\/2019", "archivo": "59-RD-0391-2019-04.pdf", "codlugarus": null, "lugaruso": "ESTANQUE", "uso": "Acuícola", "clase": "Licencia", "volumen": 21600.0, "area": 0.0, "modulo": 0.0, "usuario": "APAZA CARREON, BLAS", "documento": "DNI: 04826961", "fuentetipo": null, "fuente": "Manantial CCAPACTICA", "volumenfue": null, "cur": 2.0190391045904183e+19, "organizaci": null, "bloquecodi": null, "bloquenomb": null, "coordenada": null, "departamen": null, "provincia": "Tambopata", "distrito": "Las Piedras", "juntausuar": null, "comisionco": null, "fecharegis": null, "validado": "JUAN92_JS", "pozo": null, "codpozo": null, "numfila": 1, "datum": "WGS 84 (UTM)", "zona": 19, "este": 483945, "norte": 8623960, "unidadhidr": null, "areatotal": 0.0 }, "geometry": { "type": "Point", "coordinates": [ -69.147732239786421, -12.447476765228661 ] } },
{ "type": "Feature", "properties": { "aaa": "Madre de Dios", "ala": "Tahuamanu - Madre de Dios", "resolucion": "RD 0392-2019", "fecha": "03\/09\/2019", "archivo": "59-RD-0392-2019-04.pdf", "codlugarus": null, "lugaruso": "ESTANQUE", "uso": "Acuícola", "clase": "Licencia", "volumen": 12960.0, "area": 0.0, "modulo": 0.0, "usuario": "TORRES CALLER, ELIZABETH", "documento": "DNI: 04827803", "fuentetipo": null, "fuente": "Manantial LOBOYIN", "volumenfue": null, "cur": 2.0190392045904126e+19, "organizaci": null, "bloquecodi": null, "bloquenomb": null, "coordenada": null, "departamen": null, "provincia": "Tambopata", "distrito": "Las Piedras", "juntausuar": null, "comisionco": null, "fecharegis": null, "validado": "JUAN92_JS", "pozo": null, "codpozo": null, "numfila": 1, "datum": "WGS 84 (UTM)", "zona": 19, "este": 483825, "norte": 8621621, "unidadhidr": null, "areatotal": 0.0 }, "geometry": { "type": "Point", "coordinates": [ -69.148848495241523, -12.46862786659042 ] } },
{ "type": "Feature", "properties": { "aaa": "Madre de Dios", "ala": "Tahuamanu - Madre de Dios", "resolucion": "RD 0393-2019", "fecha": "03\/09\/2019", "archivo": "59-RD-0393-2019-04.pdf", "codlugarus": null, "lugaruso": "ESTANQUE", "uso": "Acuícola", "clase": "Licencia", "volumen": 90612.24, "area": 0.0, "modulo": 0.0, "usuario": "PANCCA QUISPE, ISABEL", "documento": "DNI: 04825944", "fuentetipo": null, "fuente": "Quebrada ISABEL", "volumenfue": null, "cur": 2.0190393045904183e+19, "organizaci": null, "bloquecodi": null, "bloquenomb": null, "coordenada": null, "departamen": null, "provincia": "Manu", "distrito": "Madre De Dios", "juntausuar": null, "comisionco": null, "fecharegis": null, "validado": "JUAN92_JS", "pozo": null, "codpozo": null, "numfila": 1, "datum": "WGS 84 (UTM)", "zona": 19, "este": 347673, "norte": 8590180, "unidadhidr": null, "areatotal": 0.0 }, "geometry": { "type": "Point", "coordinates": [ -70.403171788380135, -12.749266449426999 ] } },
{ "type": "Feature", "properties": { "aaa": "Madre de Dios", "ala": "Tahuamanu - Madre de Dios", "resolucion": "RD 0394-2019", "fecha": "03\/09\/2019", "archivo": "59-RD-0394-2019-04.pdf", "codlugarus": null, "lugaruso": "ESTANQUE", "uso": "Acuícola", "clase": "Licencia", "volumen": 68571.48, "area": 0.0, "modulo": 0.0, "usuario": "PANCCA QUISPE, URSULA", "documento": "DNI: 04963389", "fuentetipo": null, "fuente": "Quebrada URSULA", "volumenfue": null, "cur": 2.0190394045904183e+19, "organizaci": null, "bloquecodi": null, "bloquenomb": null, "coordenada": null, "departamen": null, "provincia": "Manu", "distrito": "Madre De Dios", "juntausuar": null, "comisionco": null, "fecharegis": null, "validado": "JUAN92_JS", "pozo": null, "codpozo": null, "numfila": 1, "datum": "WGS 84 (UTM)", "zona": 19, "este": 347827, "norte": 8590349, "unidadhidr": null, "areatotal": 0.0 }, "geometry": { "type": "Point", "coordinates": [ -70.401745099826584, -12.747746183025544 ] } },
{ "type": "Feature", "properties": { "aaa": "Madre de Dios", "ala": "Tahuamanu - Madre de Dios", "resolucion": "RD 0395-2019", "fecha": "03\/09\/2019", "archivo": "59-RD-0395-2019-04.pdf", "codlugarus": null, "lugaruso": "ESTANQUE", "uso": "Acuícola", "clase": "Licencia", "volumen": 25920.0, "area": 0.0, "modulo": 0.0, "usuario": "PALOMINO LOPEZ, JULIA FRANCISCA", "documento": "DNI: 04819354", "fuentetipo": null, "fuente": "Filtración JULIA", "volumenfue": null, "cur": 2.0190395045904183e+19, "organizaci": null, "bloquecodi": null, "bloquenomb": null, "coordenada": null, "departamen": null, "provincia": "Manu", "distrito": "Madre De Dios", "juntausuar": null, "comisionco": null, "fecharegis": null, "validado": "JUAN92_JS", "pozo": null, "codpozo": null, "numfila": 1, "datum": "WGS 84 (UTM)", "zona": 19, "este": 346769, "norte": 8593772, "unidadhidr": null, "areatotal": 0.0 }, "geometry": { "type": "Point", "coordinates": [ -70.41131764476583, -12.716749957639216 ] } },
{ "type": "Feature", "properties": { "aaa": "Madre de Dios", "ala": "Tahuamanu - Madre de Dios", "resolucion": "RD 0396-2019", "fecha": "03\/09\/2019", "archivo": "59-RD-0396-2019-04.pdf", "codlugarus": null, "lugaruso": "ESTANQUE", "uso": "Acuícola", "clase": "Licencia", "volumen": 51840.0, "area": 0.0, "modulo": 0.0, "usuario": "CUJNO MAMANI, ESPERANZA", "documento": "DNI: 40821254", "fuentetipo": null, "fuente": "Filtración ESPERANZA", "volumenfue": null, "cur": 2.0190396045904196e+19, "organizaci": null, "bloquecodi": null, "bloquenomb": null, "coordenada": null, "departamen": null, "provincia": "Manu", "distrito": "Madre De Dios", "juntausuar": null, "comisionco": null, "fecharegis": null, "validado": "JUAN92_JS", "pozo": null, "codpozo": null, "numfila": 1, "datum": "WGS 84 (UTM)", "zona": 19, "este": 346916, "norte": 8593742, "unidadhidr": null, "areatotal": 0.0 }, "geometry": { "type": "Point", "coordinates": [ -70.409965502249079, -12.717028366094171 ] } },
{ "type": "Feature", "properties": { "aaa": "Madre de Dios", "ala": "Tahuamanu - Madre de Dios", "resolucion": "RD 0397-2019", "fecha": "03\/09\/2019", "archivo": "59-RD-0397-2019-04.pdf", "codlugarus": null, "lugaruso": "ESTANQUE", "uso": "Acuícola", "clase": "Licencia", "volumen": 51840.0, "area": 0.0, "modulo": 0.0, "usuario": "CCASA MAMANI, ANTONIO", "documento": "DNI: 04963309", "fuentetipo": null, "fuente": "Quebrada ANTONIO", "volumenfue": null, "cur": 2.0190397045904187e+19, "organizaci": null, "bloquecodi": null, "bloquenomb": null, "coordenada": null, "departamen": null, "provincia": "Manu", "distrito": "Madre De Dios", "juntausuar": null, "comisionco": null, "fecharegis": null, "validado": "JUAN92_JS", "pozo": null, "codpozo": null, "numfila": 1, "datum": "WGS 84 (UTM)", "zona": 19, "este": 347466, "norte": 8590480, "unidadhidr": null, "areatotal": 0.0 }, "geometry": { "type": "Point", "coordinates": [ -70.405063227944794, -12.746544280393552 ] } },
{ "type": "Feature", "properties": { "aaa": "Madre de Dios", "ala": "Tahuamanu - Madre de Dios", "resolucion": "RD 0398-2019", "fecha": "03\/09\/2019", "archivo": "59-RD-0398-2019-04.pdf", "codlugarus": null, "lugaruso": "ESTANQUE", "uso": "Acuícola", "clase": "Licencia", "volumen": 26520.0, "area": 0.0, "modulo": 0.0, "usuario": "CRUZ ALANOCA, ELEUTERIO", "documento": "DNI: 24699710", "fuentetipo": null, "fuente": "Filtración ELEUTERIO", "volumenfue": null, "cur": 2.0190398045904196e+19, "organizaci": null, "bloquecodi": null, "bloquenomb": null, "coordenada": null, "departamen": null, "provincia": "Manu", "distrito": "Madre De Dios", "juntausuar": null, "comisionco": null, "fecharegis": null, "validado": "JUAN92_JS", "pozo": null, "codpozo": null, "numfila": 1, "datum": "WGS 84 (UTM)", "zona": 19, "este": 347250, "norte": 8594100, "unidadhidr": null, "areatotal": 0.0 }, "geometry": { "type": "Point", "coordinates": [ -70.406872059156385, -12.713808327629398 ] } },
{ "type": "Feature", "properties": { "aaa": "Madre de Dios", "ala": "Tahuamanu - Madre de Dios", "resolucion": "RD 0399-2019", "fecha": "03\/09\/2019", "archivo": "59-RD-0399-2019-04.pdf", "codlugarus": null, "lugaruso": "ESTANQUE", "uso": "Acuícola", "clase": "Licencia", "volumen": 100800.0, "area": 0.0, "modulo": 0.0, "usuario": "COMUNIDAD NATIVA DE INFIERNO", "documento": "RUC: 20350305735", "fuentetipo": null, "fuente": "Quebrada INFIERNO", "volumenfue": null, "cur": 2.0190399045904159e+19, "organizaci": null, "bloquecodi": null, "bloquenomb": null, "coordenada": null, "departamen": null, "provincia": "Tambopata", "distrito": "Tambopata", "juntausuar": null, "comisionco": null, "fecharegis": null, "validado": "JUAN92_JS", "pozo": null, "codpozo": null, "numfila": 1, "datum": "WGS 84 (UTM)", "zona": 19, "este": 474460, "norte": 8591495, "unidadhidr": null, "areatotal": 0.0 }, "geometry": { "type": "Point", "coordinates": [ -69.235276795714128, -12.740993345884018 ] } },
{ "type": "Feature", "properties": { "aaa": "Madre de Dios", "ala": "Tahuamanu - Madre de Dios", "resolucion": "RD 0400-2019", "fecha": "03\/09\/2019", "archivo": "59-RD-0400-2019-04.pdf", "codlugarus": null, "lugaruso": "ESTANQUE", "uso": "Acuícola", "clase": "Licencia", "volumen": 36000.0, "area": 0.0, "modulo": 0.0, "usuario": "IKEDA GAHONA, MATILDE", "documento": "DNI: 04813856", "fuentetipo": null, "fuente": "Filtración MATILDE", "volumenfue": null, "cur": 2.0190400045904191e+19, "organizaci": null, "bloquecodi": null, "bloquenomb": null, "coordenada": null, "departamen": null, "provincia": "Tambopata", "distrito": "Las Piedras", "juntausuar": null, "comisionco": null, "fecharegis": null, "validado": "JUAN92_JS", "pozo": null, "codpozo": null, "numfila": 1, "datum": "WGS 84 (UTM)", "zona": 19, "este": 482319, "norte": 8607980, "unidadhidr": null, "areatotal": 0.0 }, "geometry": { "type": "Point", "coordinates": [ -69.162784618204284, -12.591975449350286 ] } },
{ "type": "Feature", "properties": { "aaa": "Madre de Dios", "ala": "Tahuamanu - Madre de Dios", "resolucion": "RD 0401-2019", "fecha": "03\/09\/2019", "archivo": "59-RD-0401-2019-04.pdf", "codlugarus": null, "lugaruso": "ESTANQUE", "uso": "Acuícola", "clase": "Licencia", "volumen": 74400.0, "area": 0.0, "modulo": 0.0, "usuario": "IKEDA GAHONA, AUGUSTO", "documento": "DNI: 04819269", "fuentetipo": null, "fuente": "Filtración AUGUSTO", "volumenfue": null, "cur": 2.01904010459042e+19, "organizaci": null, "bloquecodi": null, "bloquenomb": null, "coordenada": null, "departamen": null, "provincia": "Tambopata", "distrito": "Las Piedras", "juntausuar": null, "comisionco": null, "fecharegis": null, "validado": "JUAN92_JS", "pozo": null, "codpozo": null, "numfila": 1, "datum": "WGS 84 (UTM)", "zona": 19, "este": 487968, "norte": 8615221, "unidadhidr": null, "areatotal": 0.0 }, "geometry": { "type": "Point", "coordinates": [ -69.110747728453262, -12.526521663051321 ] } },
{ "type": "Feature", "properties": { "aaa": "Madre de Dios", "ala": "Tahuamanu - Madre de Dios", "resolucion": "RD 0402-2019", "fecha": "03\/09\/2019", "archivo": "59-RD-0402-2019-04.pdf", "codlugarus": null, "lugaruso": "ESTANQUE", "uso": "Acuícola", "clase": "Licencia", "volumen": 21600.0, "area": 0.0, "modulo": 0.0, "usuario": "VARGAS TANCHIVA, CAROLINA", "documento": "DNI: 40982118", "fuentetipo": null, "fuente": "Filtración VARGAS", "volumenfue": null, "cur": 2.0190402045904187e+19, "organizaci": null, "bloquecodi": null, "bloquenomb": null, "coordenada": null, "departamen": null, "provincia": "Tambopata", "distrito": "Las Piedras", "juntausuar": null, "comisionco": null, "fecharegis": null, "validado": "JUAN92_JS", "pozo": null, "codpozo": null, "numfila": 1, "datum": "WGS 84 (UTM)", "zona": 19, "este": 489886, "norte": 8610637, "unidadhidr": null, "areatotal": 0.0 }, "geometry": { "type": "Point", "coordinates": [ -69.09310854096519, -12.567981532734329 ] } },
{ "type": "Feature", "properties": { "aaa": "Madre de Dios", "ala": "Tahuamanu - Madre de Dios", "resolucion": "RD 0403-2019", "fecha": "03\/09\/2019", "archivo": "59-RD-0403-2019-04.pdf", "codlugarus": null, "lugaruso": "ESTANQUE", "uso": "Acuícola", "clase": "Licencia", "volumen": 25920.0, "area": 0.0, "modulo": 0.0, "usuario": "ISMAEL MELQUIADES QUISPE RAMOS", "documento": "DNI: 04963369", "fuentetipo": null, "fuente": "Filtración QUISPE", "volumenfue": null, "cur": 2.0190403045904191e+19, "organizaci": null, "bloquecodi": null, "bloquenomb": null, "coordenada": null, "departamen": null, "provincia": "Manu", "distrito": "Madre De Dios", "juntausuar": null, "comisionco": null, "fecharegis": null, "validado": "JUAN92_JS", "pozo": null, "codpozo": null, "numfila": 1, "datum": "WGS 84 (UTM)", "zona": 19, "este": 348153, "norte": 8596145, "unidadhidr": null, "areatotal": 0.0 }, "geometry": { "type": "Point", "coordinates": [ -70.398455809768222, -12.695365091498726 ] } },
{ "type": "Feature", "properties": { "aaa": "Madre de Dios", "ala": "Tahuamanu - Madre de Dios", "resolucion": "RD 0404-2019", "fecha": "03\/09\/2019", "archivo": "59-RD-0404-2019-04.pdf", "codlugarus": null, "lugaruso": "ESTANQUE", "uso": "Acuícola", "clase": "Licencia", "volumen": 61560.0, "area": 0.0, "modulo": 0.0, "usuario": "RACUA LOPEZ, GRIMALDO", "documento": "DNI: 04802850", "fuentetipo": null, "fuente": "Filtración RACUA", "volumenfue": null, "cur": 2.0190404045904191e+19, "organizaci": null, "bloquecodi": null, "bloquenomb": null, "coordenada": null, "departamen": null, "provincia": "Tambopata", "distrito": "Las Piedras", "juntausuar": null, "comisionco": null, "fecharegis": null, "validado": "JUAN92_JS", "pozo": null, "codpozo": null, "numfila": 1, "datum": "WGS 84 (UTM)", "zona": 19, "este": 488053, "norte": 8614362, "unidadhidr": null, "areatotal": 0.0 }, "geometry": { "type": "Point", "coordinates": [ -69.109968645121256, -12.534289939150026 ] } },
{ "type": "Feature", "properties": { "aaa": "Madre de Dios", "ala": "Tahuamanu - Madre de Dios", "resolucion": "RD 0405-2019", "fecha": "03\/09\/2019", "archivo": "59-RD-0405-2019-04.pdf", "codlugarus": null, "lugaruso": "ESTANQUE", "uso": "Acuícola", "clase": "Licencia", "volumen": 25920.0, "area": 0.0, "modulo": 0.0, "usuario": "ACHAHUI HUILLCA, SENON", "documento": "DNI: 24705676", "fuentetipo": null, "fuente": "Filtración HUILLCA", "volumenfue": null, "cur": 2.0190405045904163e+19, "organizaci": null, "bloquecodi": null, "bloquenomb": null, "coordenada": null, "departamen": null, "provincia": "Manu", "distrito": "Madre De Dios", "juntausuar": null, "comisionco": null, "fecharegis": null, "validado": "JUAN92_JS", "pozo": null, "codpozo": null, "numfila": 1, "datum": "WGS 84 (UTM)", "zona": 19, "este": 348474, "norte": 8597689, "unidadhidr": null, "areatotal": 0.0 }, "geometry": { "type": "Point", "coordinates": [ -70.395424065689994, -12.681422524828145 ] } },
{ "type": "Feature", "properties": { "aaa": "Madre de Dios", "ala": "Tahuamanu - Madre de Dios", "resolucion": "RD 0406-2019", "fecha": "03\/09\/2019", "archivo": "59-RD-0406-2019-04.pdf", "codlugarus": null, "lugaruso": "ESTANQUE", "uso": "Acuícola", "clase": "Licencia", "volumen": 100320.0, "area": 0.0, "modulo": 0.0, "usuario": "IZQUIERDO CIEZA, OHEL FREDI", "documento": "DNI: 45395628", "fuentetipo": null, "fuente": "Quebrada CIEZA", "volumenfue": null, "cur": 2.0190406045904187e+19, "organizaci": null, "bloquecodi": null, "bloquenomb": null, "coordenada": null, "departamen": null, "provincia": "Tahuamanu", "distrito": "Tahuamanu", "juntausuar": null, "comisionco": null, "fecharegis": null, "validado": "JUAN92_JS", "pozo": null, "codpozo": null, "numfila": 1, "datum": "WGS 84 (UTM)", "zona": 19, "este": 482392, "norte": 8687557, "unidadhidr": null, "areatotal": 0.0 }, "geometry": { "type": "Point", "coordinates": [ -69.161674514373217, -11.872345263049313 ] } },
{ "type": "Feature", "properties": { "aaa": "Madre de Dios", "ala": "Tahuamanu - Madre de Dios", "resolucion": "RD 0407-2019", "fecha": "03\/09\/2019", "archivo": "59-RD-0407-2019-04.pdf", "codlugarus": null, "lugaruso": "ESTANQUE", "uso": "Acuícola", "clase": "Licencia", "volumen": 18000.0, "area": 0.0, "modulo": 0.0, "usuario": "AGUILAR QUISPE, CEFERINA", "documento": "DNI: 04964419", "fuentetipo": null, "fuente": "Filtración AGUILAR", "volumenfue": null, "cur": 2.0190407045904191e+19, "organizaci": null, "bloquecodi": null, "bloquenomb": null, "coordenada": null, "departamen": null, "provincia": "Manu", "distrito": "Madre De Dios", "juntausuar": null, "comisionco": null, "fecharegis": null, "validado": "JUAN92_JS", "pozo": null, "codpozo": null, "numfila": 1, "datum": "WGS 84 (UTM)", "zona": 19, "este": 347514, "norte": 8595224, "unidadhidr": null, "areatotal": 0.0 }, "geometry": { "type": "Point", "coordinates": [ -70.404385233136068, -12.703660049389782 ] } },
{ "type": "Feature", "properties": { "aaa": "Madre de Dios", "ala": "Tahuamanu - Madre de Dios", "resolucion": "RD 0408-2019", "fecha": "03\/09\/2019", "archivo": "59-RD-0408-2019-04.pdf", "codlugarus": null, "lugaruso": "ESTANQUE", "uso": "Acuícola", "clase": "Licencia", "volumen": 17280.0, "area": 0.0, "modulo": 0.0, "usuario": "CHICHIHUALLPA QUISPE, FELICITAS", "documento": "DNI: 80062091", "fuentetipo": null, "fuente": "Filtración CHICCHIHUALLPA", "volumenfue": null, "cur": 2.0190408045904191e+19, "organizaci": null, "bloquecodi": null, "bloquenomb": null, "coordenada": null, "departamen": null, "provincia": "Manu", "distrito": "Madre De Dios", "juntausuar": null, "comisionco": null, "fecharegis": null, "validado": "JUAN92_JS", "pozo": null, "codpozo": null, "numfila": 1, "datum": "WGS 84 (UTM)", "zona": 19, "este": 348059, "norte": 8596379, "unidadhidr": null, "areatotal": 0.0 }, "geometry": { "type": "Point", "coordinates": [ -70.399309768502718, -12.693245120926813 ] } },
{ "type": "Feature", "properties": { "aaa": "Madre de Dios", "ala": "Tahuamanu - Madre de Dios", "resolucion": "RD 0409-2019", "fecha": "03\/09\/2019", "archivo": "59-RD-0409-2019-04.pdf", "codlugarus": null, "lugaruso": "ESTANQUE", "uso": "Acuícola", "clase": "Licencia", "volumen": 11700.0, "area": 0.0, "modulo": 0.0, "usuario": "SILVA RIOS, BRITH", "documento": "DNI: 00098380", "fuentetipo": null, "fuente": "Quebrada BRITH", "volumenfue": null, "cur": 2.0190409045904183e+19, "organizaci": null, "bloquecodi": null, "bloquenomb": null, "coordenada": null, "departamen": null, "provincia": "Tambopata", "distrito": "Las Piedras", "juntausuar": null, "comisionco": null, "fecharegis": null, "validado": "JUAN92_JS", "pozo": null, "codpozo": null, "numfila": 1, "datum": "WGS 84 (UTM)", "zona": 19, "este": 485214, "norte": 8671209, "unidadhidr": null, "areatotal": 0.0 }, "geometry": { "type": "Point", "coordinates": [ -69.13583697246662, -12.020200325400763 ] } },
{ "type": "Feature", "properties": { "aaa": "Madre de Dios", "ala": "Tahuamanu - Madre de Dios", "resolucion": "RD 0410-2019", "fecha": "03\/09\/2019", "archivo": "59-RD-0410-2019-04.pdf", "codlugarus": null, "lugaruso": "ESTANQUE", "uso": "Acuícola", "clase": "Licencia", "volumen": 24000.0, "area": 0.0, "modulo": 0.0, "usuario": "VILLAVICENCIO FLORES, HUGO", "documento": "DNI: 28299245", "fuentetipo": null, "fuente": "Filtración VILLAVICENCIO", "volumenfue": null, "cur": 2.0190410045904183e+19, "organizaci": null, "bloquecodi": null, "bloquenomb": null, "coordenada": null, "departamen": null, "provincia": "Tambopata", "distrito": "Las Piedras", "juntausuar": null, "comisionco": null, "fecharegis": null, "validado": "JUAN92_JS", "pozo": null, "codpozo": null, "numfila": 1, "datum": "WGS 84 (UTM)", "zona": 19, "este": 485198, "norte": 8608235, "unidadhidr": null, "areatotal": 0.0 }, "geometry": { "type": "Point", "coordinates": [ -69.136277213860737, -12.589684304344869 ] } },
{ "type": "Feature", "properties": { "aaa": "Madre de Dios", "ala": "Tahuamanu - Madre de Dios", "resolucion": "RD 0411-2019", "fecha": "03\/09\/2019", "archivo": "59-RD-0411-2019-04.pdf", "codlugarus": null, "lugaruso": "ESTANQUE", "uso": "Acuícola", "clase": "Licencia", "volumen": 21600.0, "area": 0.0, "modulo": 0.0, "usuario": "HUAMAN OSCCO, ENRIQUE RAIMUNDO", "documento": "DNI: 04964436", "fuentetipo": null, "fuente": "Filtración HUAMAN", "volumenfue": null, "cur": 2.0190411045904191e+19, "organizaci": null, "bloquecodi": null, "bloquenomb": null, "coordenada": null, "departamen": null, "provincia": "Manu", "distrito": "Madre De Dios", "juntausuar": null, "comisionco": null, "fecharegis": null, "validado": "JUAN92_JS", "pozo": null, "codpozo": null, "numfila": 1, "datum": "WGS 84 (UTM)", "zona": 19, "este": 347756, "norte": 8595644, "unidadhidr": null, "areatotal": 0.0 }, "geometry": { "type": "Point", "coordinates": [ -70.40213608619004, -12.699874951722625 ] } },
{ "type": "Feature", "properties": { "aaa": "Madre de Dios", "ala": "Tahuamanu - Madre de Dios", "resolucion": "RD 0412-2019", "fecha": "05\/09\/2019", "archivo": "59-RD-0412-2019-04.pdf", "codlugarus": null, "lugaruso": "ESTANQUE", "uso": "Acuícola", "clase": "Licencia", "volumen": 48000.0, "area": 0.0, "modulo": 0.0, "usuario": "JANCCO ROCCA, CARMEN", "documento": "DNI: 04806044", "fuentetipo": null, "fuente": "Quebrada MONTE CARMELO", "volumenfue": null, "cur": 2.0190412045904155e+19, "organizaci": null, "bloquecodi": null, "bloquenomb": null, "coordenada": null, "departamen": null, "provincia": "Tambopata", "distrito": "Las Piedras", "juntausuar": null, "comisionco": null, "fecharegis": null, "validado": "JUAN92_JS", "pozo": null, "codpozo": null, "numfila": 1, "datum": "WGS 84 (UTM)", "zona": 19, "este": 481474, "norte": 8659058, "unidadhidr": null, "areatotal": 0.0 }, "geometry": { "type": "Point", "coordinates": [ -69.170265144320325, -12.130066628804034 ] } },
{ "type": "Feature", "properties": { "aaa": "Madre de Dios", "ala": "Tahuamanu - Madre de Dios", "resolucion": "RD 0430-2019", "fecha": "05\/09\/2019", "archivo": "59-RD-0430-2019-04.pdf", "codlugarus": null, "lugaruso": "ESTANQUE", "uso": "Acuícola", "clase": "Licencia", "volumen": 25920.0, "area": 0.0, "modulo": 0.0, "usuario": "SIMPLICIO ARIAS, DOLLY MAGDALENA", "documento": "DNI: 05062889", "fuentetipo": null, "fuente": "Manantial DOLLY", "volumenfue": null, "cur": 2.0190430045904134e+19, "organizaci": null, "bloquecodi": null, "bloquenomb": null, "coordenada": null, "departamen": null, "provincia": "Tahuamanu", "distrito": "Tahuamanu", "juntausuar": null, "comisionco": null, "fecharegis": null, "validado": "JUAN92_JS", "pozo": null, "codpozo": null, "numfila": 1, "datum": "WGS 84 (UTM)", "zona": 19, "este": 467813, "norte": 8723739, "unidadhidr": null, "areatotal": 0.0 }, "geometry": { "type": "Point", "coordinates": [ -69.295188815465593, -11.545026879499453 ] } },
{ "type": "Feature", "properties": { "aaa": "Madre de Dios", "ala": "Tahuamanu - Madre de Dios", "resolucion": "RD 0431-2019", "fecha": "05\/09\/2019", "archivo": "59-RD-0431-2019-04.pdf", "codlugarus": null, "lugaruso": "ESTANQUE", "uso": "Acuícola", "clase": "Licencia", "volumen": 20400.0, "area": 0.0, "modulo": 0.0, "usuario": "HUAMAN CCAPA, CARLOTA", "documento": "DNI: 80156148", "fuentetipo": null, "fuente": "Filtración BONANZA", "volumenfue": null, "cur": 2.0190431045904126e+19, "organizaci": null, "bloquecodi": null, "bloquenomb": null, "coordenada": null, "departamen": null, "provincia": "Manu", "distrito": "Madre De Dios", "juntausuar": null, "comisionco": null, "fecharegis": null, "validado": "JUAN92_JS", "pozo": null, "codpozo": null, "numfila": 1, "datum": "WGS 84 (UTM)", "zona": 19, "este": 349689, "norte": 8587612, "unidadhidr": null, "areatotal": 0.0 }, "geometry": { "type": "Point", "coordinates": [ -70.384731369220546, -12.772579613623828 ] } },
{ "type": "Feature", "properties": { "aaa": "Madre de Dios", "ala": "Tahuamanu - Madre de Dios", "resolucion": "RD 0432-2019", "fecha": "05\/09\/2019", "archivo": "59-RD-0432-2019-06.pdf", "codlugarus": null, "lugaruso": "ESTANQUE", "uso": "Acuícola", "clase": "Licencia", "volumen": 35250.0, "area": 0.0, "modulo": 0.0, "usuario": "BENAVIDES CCAMA, VENANCIO", "documento": "DNI: 41270733", "fuentetipo": null, "fuente": "Manantial BENAVIDES", "volumenfue": null, "cur": 2.01904320459042e+19, "organizaci": null, "bloquecodi": null, "bloquenomb": null, "coordenada": null, "departamen": null, "provincia": "Tahuamanu", "distrito": "Iberia", "juntausuar": null, "comisionco": null, "fecharegis": null, "validado": "JUAN92_JS", "pozo": null, "codpozo": null, "numfila": 1, "datum": "WGS 84 (UTM)", "zona": 19, "este": 448073, "norte": 8745620, "unidadhidr": null, "areatotal": 0.0 }, "geometry": { "type": "Point", "coordinates": [ -69.475891199571706, -11.34690724101436 ] } },
{ "type": "Feature", "properties": { "aaa": "Madre de Dios", "ala": "Tahuamanu - Madre de Dios", "resolucion": "RD 0433-2019", "fecha": "05\/09\/2019", "archivo": "59-RD-0433-2019-04.pdf", "codlugarus": null, "lugaruso": "ESTANQUE", "uso": "Acuícola", "clase": "Licencia", "volumen": 10080.0, "area": 0.0, "modulo": 0.0, "usuario": "HEREDIA BUIZA, MARTIN CARLOS", "documento": "DNI: 80607530", "fuentetipo": null, "fuente": "Manantial HEREDIA", "volumenfue": null, "cur": 2.0190433045904105e+19, "organizaci": null, "bloquecodi": null, "bloquenomb": null, "coordenada": null, "departamen": null, "provincia": "Tahuamanu", "distrito": "Tahuamanu", "juntausuar": null, "comisionco": null, "fecharegis": null, "validado": "JUAN92_JS", "pozo": null, "codpozo": null, "numfila": 1, "datum": "WGS 84 (UTM)", "zona": 19, "este": 461307, "norte": 8741752, "unidadhidr": null, "areatotal": 0.0 }, "geometry": { "type": "Point", "coordinates": [ -69.354651756892139, -11.382058595806678 ] } },
{ "type": "Feature", "properties": { "aaa": "Madre de Dios", "ala": "Tahuamanu - Madre de Dios", "resolucion": "RD 0434-2019", "fecha": "05\/09\/2019", "archivo": "59-RD-0434-2019-04.pdf", "codlugarus": null, "lugaruso": "ESTANQUE", "uso": "Acuícola", "clase": "Licencia", "volumen": 42300.0, "area": 0.0, "modulo": 0.0, "usuario": "QUISPE CRUZ, PABLO", "documento": "DNI: 05060993", "fuentetipo": null, "fuente": "Filtración TOMASA", "volumenfue": null, "cur": 2.0190434045904159e+19, "organizaci": null, "bloquecodi": null, "bloquenomb": null, "coordenada": null, "departamen": null, "provincia": "Tahuamanu", "distrito": "Iberia", "juntausuar": null, "comisionco": null, "fecharegis": null, "validado": "JUAN92_JS", "pozo": null, "codpozo": null, "numfila": 1, "datum": "WGS 84 (UTM)", "zona": 19, "este": 459770, "norte": 8740459, "unidadhidr": null, "areatotal": 0.0 }, "geometry": { "type": "Point", "coordinates": [ -69.368754431056644, -11.393734632106018 ] } },
{ "type": "Feature", "properties": { "aaa": "Madre de Dios", "ala": "Tahuamanu - Madre de Dios", "resolucion": "RD 0435-2019", "fecha": "06\/09\/2019", "archivo": "59-RD-0435-2019-04.pdf", "codlugarus": null, "lugaruso": "ESTANQUE", "uso": "Acuícola", "clase": "Licencia", "volumen": 21600.0, "area": 0.0, "modulo": 0.0, "usuario": "PEDRAZA ESPINOZA, MADELEINE", "documento": "DNI: 41437445", "fuentetipo": null, "fuente": "Manantial PEDRAZA", "volumenfue": null, "cur": 2.0190435045904196e+19, "organizaci": null, "bloquecodi": null, "bloquenomb": null, "coordenada": null, "departamen": null, "provincia": "Tambopata", "distrito": "Las Piedras", "juntausuar": null, "comisionco": null, "fecharegis": null, "validado": "JUAN92_JS", "pozo": null, "codpozo": null, "numfila": 1, "datum": "WGS 84 (UTM)", "zona": 19, "este": 501219, "norte": 8658430, "unidadhidr": null, "areatotal": 0.0 }, "geometry": { "type": "Point", "coordinates": [ -68.988796398308324, -12.13579790375397 ] } },
{ "type": "Feature", "properties": { "aaa": "Madre de Dios", "ala": "Tahuamanu - Madre de Dios", "resolucion": "RD 0436-2019", "fecha": "06\/09\/2019", "archivo": "59-RD-0436-2019-04.pdf", "codlugarus": null, "lugaruso": "ESTANQUE", "uso": "Acuícola", "clase": "Licencia", "volumen": 151115.18, "area": 0.0, "modulo": 0.0, "usuario": "HUISA PARI, APARICIO", "documento": "DNI: 05062924", "fuentetipo": null, "fuente": "Manantial HUISA", "volumenfue": null, "cur": 2.0190436045904196e+19, "organizaci": null, "bloquecodi": null, "bloquenomb": null, "coordenada": null, "departamen": null, "provincia": "Tahuamanu", "distrito": "Iberia", "juntausuar": null, "comisionco": null, "fecharegis": null, "validado": "JUAN92_JS", "pozo": null, "codpozo": null, "numfila": 1, "datum": "WGS 84 (UTM)", "zona": 19, "este": 458295, "norte": 8738995, "unidadhidr": null, "areatotal": 0.0 }, "geometry": { "type": "Point", "coordinates": [ -69.382292002339412, -11.406957135553476 ] } },
{ "type": "Feature", "properties": { "aaa": "Madre de Dios", "ala": "Tahuamanu - Madre de Dios", "resolucion": "RD 0437-2019", "fecha": "06\/09\/2019", "archivo": "59-RD-0437-2019-05.pdf", "codlugarus": null, "lugaruso": "ESTANQUE", "uso": "Acuícola", "clase": "Licencia", "volumen": 27000.0, "area": 0.0, "modulo": 0.0, "usuario": "NOKUNI SHIMABUKO, ROBERTO", "documento": "DNI: 09928783", "fuentetipo": null, "fuente": "Manantial NOKUNI", "volumenfue": null, "cur": 2.0190437045904093e+19, "organizaci": null, "bloquecodi": null, "bloquenomb": null, "coordenada": null, "departamen": null, "provincia": "Tahuamanu", "distrito": "Tahuamanu", "juntausuar": null, "comisionco": null, "fecharegis": null, "validado": "JUAN92_JS", "pozo": null, "codpozo": null, "numfila": 1, "datum": "WGS 84 (UTM)", "zona": 19, "este": 458217, "norte": 8736991, "unidadhidr": null, "areatotal": 0.0 }, "geometry": { "type": "Point", "coordinates": [ -69.383031291025858, -11.425079480844557 ] } },
{ "type": "Feature", "properties": { "aaa": "Madre de Dios", "ala": "Tahuamanu - Madre de Dios", "resolucion": "RD 0448-2019", "fecha": "09\/09\/2019", "archivo": "59-RD-0448-2019-04.pdf", "codlugarus": null, "lugaruso": "ESTANQUE", "uso": "Acuícola", "clase": "Licencia", "volumen": 10200.0, "area": 0.0, "modulo": 0.0, "usuario": "MAMANI MAMANI, CEFERINA", "documento": "DNI: 05062142", "fuentetipo": null, "fuente": "Filtración MAMANI", "volumenfue": null, "cur": 2.0190448045904196e+19, "organizaci": null, "bloquecodi": null, "bloquenomb": null, "coordenada": null, "departamen": null, "provincia": "Tahuamanu", "distrito": "Iberia", "juntausuar": null, "comisionco": null, "fecharegis": null, "validado": "JUAN92_JS", "pozo": null, "codpozo": null, "numfila": 1, "datum": "WGS 84 (UTM)", "zona": 19, "este": 452509, "norte": 8739468, "unidadhidr": null, "areatotal": 0.0 }, "geometry": { "type": "Point", "coordinates": [ -69.43532228831387, -11.402605719753033 ] } },
{ "type": "Feature", "properties": { "aaa": "Madre de Dios", "ala": "Tahuamanu - Madre de Dios", "resolucion": "RD 0449-2019", "fecha": "09\/09\/2019", "archivo": "59-RD-0449-2019-04.pdf", "codlugarus": null, "lugaruso": "ESTANQUE", "uso": "Acuícola", "clase": "Licencia", "volumen": 162900.0, "area": 0.0, "modulo": 0.0, "usuario": "MIYAKAWA SANCHEZ, ERWIN T.", "documento": "DNI: 05064116", "fuentetipo": null, "fuente": "Filtración MIYAKAWA", "volumenfue": null, "cur": 2.0190449045904183e+19, "organizaci": null, "bloquecodi": null, "bloquenomb": null, "coordenada": null, "departamen": null, "provincia": "Tahuamanu", "distrito": "Iñapari", "juntausuar": null, "comisionco": null, "fecharegis": null, "validado": "JUAN92_JS", "pozo": null, "codpozo": null, "numfila": 1, "datum": "WGS 84 (UTM)", "zona": 19, "este": 440953, "norte": 8755945, "unidadhidr": null, "areatotal": 0.0 }, "geometry": { "type": "Point", "coordinates": [ -69.540966323973805, -11.25342149090781 ] } },
{ "type": "Feature", "properties": { "aaa": "Madre de Dios", "ala": "Tahuamanu - Madre de Dios", "resolucion": "RD 0450-2019", "fecha": "09\/09\/2019", "archivo": "59-RD-0450-2019-04.pdf", "codlugarus": null, "lugaruso": "ESTANQUE", "uso": "Acuícola", "clase": "Licencia", "volumen": 36516.0, "area": 0.0, "modulo": 0.0, "usuario": "CONDORHUANCA HUAMAN, BENEDICTA", "documento": "DNI: 04828420", "fuentetipo": null, "fuente": "Manantial SELVA ALEGRE", "volumenfue": null, "cur": 2.0190450045904126e+19, "organizaci": null, "bloquecodi": null, "bloquenomb": null, "coordenada": null, "departamen": null, "provincia": "Tambopata", "distrito": "Las Piedras", "juntausuar": null, "comisionco": null, "fecharegis": null, "validado": "JUAN92_JS", "pozo": null, "codpozo": null, "numfila": 1, "datum": "WGS 84 (UTM)", "zona": 19, "este": 480984, "norte": 8622041, "unidadhidr": null, "areatotal": 0.0 }, "geometry": { "type": "Point", "coordinates": [ -69.174989829197358, -12.464814114901241 ] } },
{ "type": "Feature", "properties": { "aaa": "Madre de Dios", "ala": "Tahuamanu - Madre de Dios", "resolucion": "RD 0451-2019", "fecha": "09\/09\/2019", "archivo": "59-RD-0451-2019-04.pdf", "codlugarus": null, "lugaruso": "ESTANQUE", "uso": "Acuícola", "clase": "Licencia", "volumen": 25920.0, "area": 0.0, "modulo": 0.0, "usuario": "OSCCO MALLQUI, ALBERTO", "documento": "DNI: 31009007", "fuentetipo": null, "fuente": "Filtración ALBERTO OSCCO", "volumenfue": null, "cur": 2.0190451045904175e+19, "organizaci": null, "bloquecodi": null, "bloquenomb": null, "coordenada": null, "departamen": null, "provincia": "Manu", "distrito": "Madre De Dios", "juntausuar": null, "comisionco": null, "fecharegis": null, "validado": "JUAN92_JS", "pozo": null, "codpozo": null, "numfila": 1, "datum": "WGS 84 (UTM)", "zona": 19, "este": 350489, "norte": 8583090, "unidadhidr": null, "areatotal": 0.0 }, "geometry": { "type": "Point", "coordinates": [ -70.37758470409814, -12.813498083045719 ] } },
{ "type": "Feature", "properties": { "aaa": "Madre de Dios", "ala": "Tahuamanu - Madre de Dios", "resolucion": "RD 0452-2019", "fecha": "09\/09\/2019", "archivo": "59-RD-0452-2019-04.pdf", "codlugarus": null, "lugaruso": "ESTANQUE", "uso": "Acuícola", "clase": "Licencia", "volumen": 73500.0, "area": 0.0, "modulo": 0.0, "usuario": "FIGUEROA QUISPE, DAMASO", "documento": "DNI: 05061763", "fuentetipo": null, "fuente": "Manantial MANZANARES", "volumenfue": null, "cur": 2.0190452045904175e+19, "organizaci": null, "bloquecodi": null, "bloquenomb": null, "coordenada": null, "departamen": null, "provincia": "Tahuamanu", "distrito": "Iberia", "juntausuar": null, "comisionco": null, "fecharegis": null, "validado": "JUAN92_JS", "pozo": null, "codpozo": null, "numfila": 1, "datum": "WGS 84 (UTM)", "zona": 19, "este": 450030, "norte": 8741252, "unidadhidr": null, "areatotal": 0.0 }, "geometry": { "type": "Point", "coordinates": [ -69.458019515213579, -11.386437601579139 ] } },
{ "type": "Feature", "properties": { "aaa": "Madre de Dios", "ala": "Tahuamanu - Madre de Dios", "resolucion": "RD 0453-2019", "fecha": "04\/09\/2019", "archivo": "59-RD-0453-2019-04.pdf", "codlugarus": null, "lugaruso": "ESTANQUE", "uso": "Acuícola", "clase": "Licencia", "volumen": 42000.0, "area": 0.0, "modulo": 0.0, "usuario": "QUESADA CHAVARRIA, FERNANDO", "documento": "DNI: 05064248", "fuentetipo": null, "fuente": "Manantial FERNANDO QUESADA", "volumenfue": null, "cur": 2.0190453045904175e+19, "organizaci": null, "bloquecodi": null, "bloquenomb": null, "coordenada": null, "departamen": null, "provincia": "Tahuamanu", "distrito": "Iñapari", "juntausuar": null, "comisionco": null, "fecharegis": null, "validado": "JUAN92_JS", "pozo": null, "codpozo": null, "numfila": 1, "datum": "WGS 84 (UTM)", "zona": 19, "este": 459877, "norte": 8736845, "unidadhidr": null, "areatotal": 0.0 }, "geometry": { "type": "Point", "coordinates": [ -69.367815736721596, -11.426419326055978 ] } },
{ "type": "Feature", "properties": { "aaa": "Madre de Dios", "ala": "Tahuamanu - Madre de Dios", "resolucion": "RD 0454-2019", "fecha": "09\/09\/2019", "archivo": "59-RD-0454-2019-04.pdf", "codlugarus": null, "lugaruso": "ESTANQUE", "uso": "Acuícola", "clase": "Licencia", "volumen": 46200.0, "area": 0.0, "modulo": 0.0, "usuario": "VELASQUE ESTRADA, LUISA", "documento": "DNI: 05063472", "fuentetipo": null, "fuente": "Manantial MOSTO VERDE", "volumenfue": null, "cur": 2.0190454045904175e+19, "organizaci": null, "bloquecodi": null, "bloquenomb": null, "coordenada": null, "departamen": null, "provincia": "Tahuamanu", "distrito": "Iñapari", "juntausuar": null, "comisionco": null, "fecharegis": null, "validado": "JUAN92_JS", "pozo": null, "codpozo": null, "numfila": 1, "datum": "WGS 84 (UTM)", "zona": 19, "este": 459263, "norte": 8741824, "unidadhidr": null, "areatotal": 0.0 }, "geometry": { "type": "Point", "coordinates": [ -69.373385504476531, -11.381384280349057 ] } },
{ "type": "Feature", "properties": { "aaa": "Madre de Dios", "ala": "Tahuamanu - Madre de Dios", "resolucion": "RD 0455-2019", "fecha": "09\/09\/2019", "archivo": "59-RD-0455-2019-04.pdf", "codlugarus": null, "lugaruso": "ESTANQUE", "uso": "Acuícola", "clase": "Licencia", "volumen": 52500.0, "area": 0.0, "modulo": 0.0, "usuario": "GARCIA DAVID, SONIA FLORA", "documento": "DNI: 29337989", "fuentetipo": null, "fuente": "Manantial SONIA FLORA", "volumenfue": null, "cur": 2.0190455045904175e+19, "organizaci": null, "bloquecodi": null, "bloquenomb": null, "coordenada": null, "departamen": null, "provincia": "Tahuamanu", "distrito": "Tahuamanu", "juntausuar": null, "comisionco": null, "fecharegis": null, "validado": "JUAN92_JS", "pozo": null, "codpozo": null, "numfila": 1, "datum": "WGS 84 (UTM)", "zona": 19, "este": 459595, "norte": 8741775, "unidadhidr": null, "areatotal": 0.0 }, "geometry": { "type": "Point", "coordinates": [ -69.370343090009996, -11.381831261607585 ] } },
{ "type": "Feature", "properties": { "aaa": "Madre de Dios", "ala": "Tahuamanu - Madre de Dios", "resolucion": "RD 0456-2019", "fecha": "09\/09\/2019", "archivo": "59-RD-0456-2019-04.pdf", "codlugarus": null, "lugaruso": "ESTANQUE", "uso": "Acuícola", "clase": "Licencia", "volumen": 23730.0, "area": 0.0, "modulo": 0.0, "usuario": "CHAMBILLA COPARI, MARCOS", "documento": "DNI: 05063619", "fuentetipo": null, "fuente": "Manantial MARCOS CHAMBILLA", "volumenfue": null, "cur": 2.0190456045904191e+19, "organizaci": null, "bloquecodi": null, "bloquenomb": null, "coordenada": null, "departamen": null, "provincia": "Tahuamanu", "distrito": "Tahuamanu", "juntausuar": null, "comisionco": null, "fecharegis": null, "validado": "JUAN92_JS", "pozo": null, "codpozo": null, "numfila": 1, "datum": "WGS 84 (UTM)", "zona": 19, "este": 464756, "norte": 8734576, "unidadhidr": null, "areatotal": 0.0 }, "geometry": { "type": "Point", "coordinates": [ -69.323112736257656, -11.446991952919571 ] } },
{ "type": "Feature", "properties": { "aaa": "Madre de Dios", "ala": "Tahuamanu - Madre de Dios", "resolucion": "RD 0457-2019", "fecha": "09\/09\/2019", "archivo": "59-RD-0457-2019-04.pdf", "codlugarus": null, "lugaruso": "ESTANQUE", "uso": "Acuícola", "clase": "Licencia", "volumen": 49381.2, "area": 0.0, "modulo": 0.0, "usuario": "QUISPE SALCEDO, ANA MARIA", "documento": "DNI: 05064211", "fuentetipo": null, "fuente": "Manantial ANA MARIA", "volumenfue": null, "cur": 2.0190457045904183e+19, "organizaci": null, "bloquecodi": null, "bloquenomb": null, "coordenada": null, "departamen": null, "provincia": "Tahuamanu", "distrito": "Iberia", "juntausuar": null, "comisionco": null, "fecharegis": null, "validado": "JUAN92_JS", "pozo": null, "codpozo": null, "numfila": 1, "datum": "WGS 84 (UTM)", "zona": 19, "este": 451614, "norte": 8739810, "unidadhidr": null, "areatotal": 0.0 }, "geometry": { "type": "Point", "coordinates": [ -69.443521264419573, -11.39950057303094 ] } },
{ "type": "Feature", "properties": { "aaa": "Madre de Dios", "ala": "Tahuamanu - Madre de Dios", "resolucion": "RD 0458-2019", "fecha": "09\/09\/2019", "archivo": "59-RD-0458-2019-04.pdf", "codlugarus": null, "lugaruso": "ESTANQUE", "uso": "Acuícola", "clase": "Licencia", "volumen": 69360.0, "area": 0.0, "modulo": 0.0, "usuario": "GARRIDO UGARTE,CARLOS", "documento": "DNI: 05062132", "fuentetipo": null, "fuente": "Manantial SAN ANTONIO", "volumenfue": null, "cur": 2.0190458045904126e+19, "organizaci": null, "bloquecodi": null, "bloquenomb": null, "coordenada": null, "departamen": null, "provincia": "Tahuamanu", "distrito": "Iberia", "juntausuar": null, "comisionco": null, "fecharegis": null, "validado": "JUAN92_JS", "pozo": null, "codpozo": null, "numfila": 1, "datum": "WGS 84 (UTM)", "zona": 19, "este": 446777, "norte": 8744039, "unidadhidr": null, "areatotal": 0.0 }, "geometry": { "type": "Point", "coordinates": [ -69.487792535431439, -11.361185563524513 ] } },
{ "type": "Feature", "properties": { "aaa": "Madre de Dios", "ala": "Tahuamanu - Madre de Dios", "resolucion": "RD 0459-2019", "fecha": "09\/09\/2019", "archivo": "59-RD-0459-2019-04.pdf", "codlugarus": null, "lugaruso": "ESTANQUE", "uso": "Acuícola", "clase": "Licencia", "volumen": 27720.0, "area": 0.0, "modulo": 0.0, "usuario": "QUISPE CCOTOHUANCA, PAULO", "documento": "DNI: 05062421", "fuentetipo": null, "fuente": "Manantial PAULO QUISPE", "volumenfue": null, "cur": 2.0190459045904179e+19, "organizaci": null, "bloquecodi": null, "bloquenomb": null, "coordenada": null, "departamen": null, "provincia": "Tahuamanu", "distrito": "Iberia", "juntausuar": null, "comisionco": null, "fecharegis": null, "validado": "JUAN92_JS", "pozo": null, "codpozo": null, "numfila": 1, "datum": "WGS 84 (UTM)", "zona": 19, "este": 452137, "norte": 8744034, "unidadhidr": null, "areatotal": 0.0 }, "geometry": { "type": "Point", "coordinates": [ -69.438668887104413, -11.361307984806903 ] } },
{ "type": "Feature", "properties": { "aaa": "Madre de Dios", "ala": "Tahuamanu - Madre de Dios", "resolucion": "RD 0460-2019", "fecha": "09\/09\/2019", "archivo": "59-RD-0460-2019-04.pdf", "codlugarus": null, "lugaruso": "ESTANQUE", "uso": "Acuícola", "clase": "Licencia", "volumen": 67200.0, "area": 0.0, "modulo": 0.0, "usuario": "BERROCAL FLORES, PABLO CESAR", "documento": "DNI: 05062941", "fuentetipo": null, "fuente": "Filtración FLOR DE ACRE", "volumenfue": null, "cur": 2.0190460045904191e+19, "organizaci": null, "bloquecodi": null, "bloquenomb": null, "coordenada": null, "departamen": null, "provincia": "Tahuamanu", "distrito": "Iberia", "juntausuar": null, "comisionco": null, "fecharegis": null, "validado": "JUAN92_JS", "pozo": null, "codpozo": null, "numfila": 1, "datum": "WGS 84 (UTM)", "zona": 19, "este": 435979, "norte": 8745762, "unidadhidr": null, "areatotal": 0.0 }, "geometry": { "type": "Point", "coordinates": [ -69.586721820744074, -11.345423541740875 ] } },
{ "type": "Feature", "properties": { "aaa": "Madre de Dios", "ala": "Tahuamanu - Madre de Dios", "resolucion": "RD 0461-2019", "fecha": "09\/09\/2019", "archivo": "59-RD-0461-2019-04.pdf", "codlugarus": null, "lugaruso": "ESTANQUE", "uso": "Acuícola", "clase": "Licencia", "volumen": 302400.0, "area": 0.0, "modulo": 0.0, "usuario": "HUAMAN OVALLE, FREDDY HOMERO", "documento": "DNI: 40609882", "fuentetipo": null, "fuente": "Manantial TROPEZON", "volumenfue": null, "cur": 2.0190461045904183e+19, "organizaci": null, "bloquecodi": null, "bloquenomb": null, "coordenada": null, "departamen": null, "provincia": "Tahuamanu", "distrito": "Iberia", "juntausuar": null, "comisionco": null, "fecharegis": null, "validado": "JUAN92_JS", "pozo": null, "codpozo": null, "numfila": 1, "datum": "WGS 84 (UTM)", "zona": 19, "este": 450963, "norte": 8743237, "unidadhidr": null, "areatotal": 0.0 }, "geometry": { "type": "Point", "coordinates": [ -69.449439770496326, -11.368499449415795 ] } },
{ "type": "Feature", "properties": { "aaa": "Madre de Dios", "ala": "Tahuamanu - Madre de Dios", "resolucion": "RD 0462-2019", "fecha": "09\/09\/2019", "archivo": "59-RD-0462-2019-04.pdf", "codlugarus": null, "lugaruso": "ESTANQUE", "uso": "Acuícola", "clase": "Licencia", "volumen": 604992.0, "area": 0.0, "modulo": 0.0, "usuario": "FLORES RIOS, MANUEL JESUS", "documento": "DNI: 05060029", "fuentetipo": null, "fuente": "Filtración FLORES", "volumenfue": null, "cur": 2.0190462045904126e+19, "organizaci": null, "bloquecodi": null, "bloquenomb": null, "coordenada": null, "departamen": null, "provincia": "Tahuamanu", "distrito": "Iñapari", "juntausuar": null, "comisionco": null, "fecharegis": null, "validado": "JUAN92_JS", "pozo": null, "codpozo": null, "numfila": 1, "datum": "WGS 84 (UTM)", "zona": 19, "este": 436986, "norte": 8779533, "unidadhidr": null, "areatotal": 0.0 }, "geometry": { "type": "Point", "coordinates": [ -69.576888595283222, -11.040036106926593 ] } },
{ "type": "Feature", "properties": { "aaa": "Madre de Dios", "ala": "Tahuamanu - Madre de Dios", "resolucion": "RD 0463-2019", "fecha": "09\/09\/2019", "archivo": "59-RD-0463-2019-04.pdf", "codlugarus": null, "lugaruso": "ESTANQUE", "uso": "Acuícola", "clase": "Licencia", "volumen": 173952.0, "area": 0.0, "modulo": 0.0, "usuario": "FLORES CARDOZO, LUCIANO ALBERTO", "documento": "DNI: 40549070", "fuentetipo": null, "fuente": "Filtración SANTA TERESA", "volumenfue": null, "cur": 2.0190463045904191e+19, "organizaci": null, "bloquecodi": null, "bloquenomb": null, "coordenada": null, "departamen": null, "provincia": "Tahuamanu", "distrito": "Iñapari", "juntausuar": null, "comisionco": null, "fecharegis": null, "validado": "JUAN92_JS", "pozo": null, "codpozo": null, "numfila": 1, "datum": "WGS 84 (UTM)", "zona": 19, "este": 437623, "norte": 8780894, "unidadhidr": null, "areatotal": 0.0 }, "geometry": { "type": "Point", "coordinates": [ -69.571033342181508, -11.027738908434635 ] } },
{ "type": "Feature", "properties": { "aaa": "Madre de Dios", "ala": "Tahuamanu - Madre de Dios", "resolucion": "RD 0464-2019", "fecha": "09\/09\/2019", "archivo": "59-RD-0464-2019-04.pdf", "codlugarus": null, "lugaruso": "HOSPEDAJE PUESTA DEL SOL", "uso": "Otros Usos", "clase": "Licencia", "volumen": 2701.0, "area": 0.0, "modulo": 0.0, "usuario": "INVERSIONES TURISTICAS PUESTA DEL SOL E.I.R.L.", "documento": "RUC: 20542846918", "fuentetipo": null, "fuente": "Acuífero TAMBOPATA (46644)", "volumenfue": null, "cur": 2.0190464045912101e+19, "organizaci": null, "bloquecodi": null, "bloquenomb": null, "coordenada": null, "departamen": null, "provincia": "Tambopata", "distrito": "Tambopata", "juntausuar": null, "comisionco": null, "fecharegis": null, "validado": "JUAN92_JS", "pozo": null, "codpozo": null, "numfila": 1, "datum": "WGS 84 (UTM)", "zona": 19, "este": 480907, "norte": 8607695, "unidadhidr": null, "areatotal": 0.0 }, "geometry": { "type": "Point", "coordinates": [ -69.175786268723314, -12.594544466314332 ] } },
{ "type": "Feature", "properties": { "aaa": "Madre de Dios", "ala": "Tahuamanu - Madre de Dios", "resolucion": "RD 0465-2019", "fecha": "09\/09\/2019", "archivo": "59-RD-0465-2019-04.pdf", "codlugarus": null, "lugaruso": "VIVIENDA FAMILIAR", "uso": "Doméstico - Poblacional", "clase": "Licencia", "volumen": 1292.94, "area": 0.0, "modulo": 0.0, "usuario": "RAMIREZ FASABI, ADRIAN", "documento": "DNI: 04812274", "fuentetipo": null, "fuente": "Acuífero TAMBOPATA (46644)", "volumenfue": null, "cur": 2.0190465045902103e+19, "organizaci": null, "bloquecodi": null, "bloquenomb": null, "coordenada": null, "departamen": null, "provincia": "Tambopata", "distrito": "Tambopata", "juntausuar": null, "comisionco": null, "fecharegis": null, "validado": "JUAN92_JS", "pozo": null, "codpozo": null, "numfila": 1, "datum": "WGS 84 (UTM)", "zona": 19, "este": 476260, "norte": 8604376, "unidadhidr": null, "areatotal": 0.0 }, "geometry": { "type": "Point", "coordinates": [ -69.21859572537781, -12.6245263780133 ] } },
{ "type": "Feature", "properties": { "aaa": "Madre de Dios", "ala": "Tahuamanu - Madre de Dios", "resolucion": "RD 0466-2019", "fecha": "09\/09\/2019", "archivo": "59-RD-0466-2019-04.pdf", "codlugarus": null, "lugaruso": "VIVIENDA FAMILIAR", "uso": "Doméstico - Poblacional", "clase": "Licencia", "volumen": 1292.94, "area": 0.0, "modulo": 0.0, "usuario": "GARCIA MOZOMBITE, EDILBERTO", "documento": "DNI: 04812081", "fuentetipo": null, "fuente": "Quebrada SAN MIGUEL", "volumenfue": null, "cur": 2.0190466045902107e+19, "organizaci": null, "bloquecodi": null, "bloquenomb": null, "coordenada": null, "departamen": null, "provincia": "Tambopata", "distrito": "Tambopata", "juntausuar": null, "comisionco": null, "fecharegis": null, "validado": "JUAN92_JS", "pozo": null, "codpozo": null, "numfila": 1, "datum": "WGS 84 (UTM)", "zona": 19, "este": 476437, "norte": 8602730, "unidadhidr": null, "areatotal": 0.0 }, "geometry": { "type": "Point", "coordinates": [ -69.216978485874094, -12.639412327701086 ] } },
{ "type": "Feature", "properties": { "aaa": "Madre de Dios", "ala": "Tahuamanu - Madre de Dios", "resolucion": "RD 0469-2019", "fecha": "11\/09\/2019", "archivo": "59-RD-0469-2019-04.pdf", "codlugarus": null, "lugaruso": "AGENCIA DE VIAJES Y TURISMO RAINFOREST EXPEDITIONS KM 6- LA JOYA - PUERTO MALDONADO", "uso": "Otros Usos", "clase": "Licencia", "volumen": 1204.5, "area": 0.0, "modulo": 0.0, "usuario": "RAINFOREST EXPEDITIONS S.A.C.", "documento": "RUC: 20199904192", "fuentetipo": null, "fuente": "Acuífero TAMBOPATA (46644)", "volumenfue": null, "cur": 2.0190469045912109e+19, "organizaci": null, "bloquecodi": null, "bloquenomb": null, "coordenada": null, "departamen": null, "provincia": "Tambopata", "distrito": "Tambopata", "juntausuar": null, "comisionco": null, "fecharegis": null, "validado": "JUAN92_JS", "pozo": null, "codpozo": null, "numfila": 1, "datum": "WGS 84 (UTM)", "zona": 19, "este": 476373, "norte": 8607330, "unidadhidr": null, "areatotal": 0.0 }, "geometry": { "type": "Point", "coordinates": [ -69.217532689851936, -12.597814449120898 ] } },
{ "type": "Feature", "properties": { "aaa": "Madre de Dios", "ala": "Tahuamanu - Madre de Dios", "resolucion": "RD 0480-2019", "fecha": "20\/09\/2019", "archivo": "59-RD-0480-2019-04.pdf", "codlugarus": null, "lugaruso": "VIVIENDA FAMILIAR", "uso": "Doméstico - Poblacional", "clase": "Licencia", "volumen": 409.99, "area": 0.0, "modulo": 0.0, "usuario": "VARGAS GUERRA, VICTOR", "documento": "DNI: 05070658", "fuentetipo": null, "fuente": "Filtración GUERRA", "volumenfue": null, "cur": 2.0190480045902103e+19, "organizaci": null, "bloquecodi": null, "bloquenomb": null, "coordenada": null, "departamen": null, "provincia": "Tambopata", "distrito": "Las Piedras", "juntausuar": null, "comisionco": null, "fecharegis": null, "validado": "JUAN92_JS", "pozo": null, "codpozo": null, "numfila": 1, "datum": "WGS 84 (UTM)", "zona": 19, "este": 487245, "norte": 8661980, "unidadhidr": null, "areatotal": 0.0 }, "geometry": { "type": "Point", "coordinates": [ -69.117214727246818, -12.103669642661542 ] } },
{ "type": "Feature", "properties": { "aaa": "Madre de Dios", "ala": "Tahuamanu - Madre de Dios", "resolucion": "RD 0481-2019", "fecha": "20\/09\/2019", "archivo": "59-RD-0481-2019-04.pdf", "codlugarus": null, "lugaruso": "VIVIENDA FAMILIAR", "uso": "Doméstico - Poblacional", "clase": "Licencia", "volumen": 441.53, "area": 0.0, "modulo": 0.0, "usuario": "VARGAS GUERRA, VICTOR", "documento": "DNI: 05070658", "fuentetipo": null, "fuente": "Acuífero ORTHON 4662", "volumenfue": null, "cur": 2.0190481045902172e+19, "organizaci": null, "bloquecodi": null, "bloquenomb": null, "coordenada": null, "departamen": null, "provincia": "Tambopata", "distrito": "Las Piedras", "juntausuar": null, "comisionco": null, "fecharegis": null, "validado": "JUAN92_JS", "pozo": null, "codpozo": null, "numfila": 1, "datum": "WGS 84 (UTM)", "zona": 19, "este": 487203, "norte": 8661246, "unidadhidr": null, "areatotal": 0.0 }, "geometry": { "type": "Point", "coordinates": [ -69.117603598258896, -12.110307260468705 ] } },
{ "type": "Feature", "properties": { "aaa": "Madre de Dios", "ala": "Tahuamanu - Madre de Dios", "resolucion": "RD 0483-2019", "fecha": "20\/09\/2019", "archivo": "59-RD-0483-2019-04.pdf", "codlugarus": null, "lugaruso": null, "uso": "Otros Usos", "clase": "Licencia", "volumen": 3577.0, "area": 0.0, "modulo": 0.0, "usuario": "DELGADO HURTADO, ARMANDO", "documento": "RUC: 10050624809", "fuentetipo": null, "fuente": "Acuífero ORTHON 4662", "volumenfue": null, "cur": 2.0190483045912113e+19, "organizaci": null, "bloquecodi": null, "bloquenomb": null, "coordenada": null, "departamen": null, "provincia": "Tahuamanu", "distrito": "Iberia", "juntausuar": null, "comisionco": null, "fecharegis": null, "validado": "JUAN92_JS", "pozo": null, "codpozo": null, "numfila": 1, "datum": "WGS 84 (UTM)", "zona": 19, "este": 446597, "norte": 8738771, "unidadhidr": null, "areatotal": 0.0 }, "geometry": { "type": "Point", "coordinates": [ -69.489523635588327, -11.408823679747066 ] } },
{ "type": "Feature", "properties": { "aaa": "Madre de Dios", "ala": "Tahuamanu - Madre de Dios", "resolucion": "RD 0484-2019", "fecha": "20\/09\/2019", "archivo": "59-RD-0484-2019-03.pdf", "codlugarus": null, "lugaruso": "CENTRO POBLADO DE HUAYSAMPILLA COMUNIDAD CAMPESINA 3 DE OCTUBRE DE CCACHUPATA", "uso": "Poblacional", "clase": "Licencia", "volumen": 3335.86, "area": 0.0, "modulo": 0.0, "usuario": "JASS CENTRO POBLADO DE HUAYSAMPILLA COMUNIDAD CAMPESINA 3 DE OCTUBRE DE CCACHUPATA", "documento": null, "fuentetipo": null, "fuente": "Manantial ANDENPATA", "volumenfue": null, "cur": 2.0190484045901115e+19, "organizaci": null, "bloquecodi": null, "bloquenomb": null, "coordenada": null, "departamen": null, "provincia": "Paucartambo", "distrito": "Paucartambo", "juntausuar": null, "comisionco": null, "fecharegis": null, "validado": "JUAN92_JS", "pozo": null, "codpozo": null, "numfila": 1, "datum": "WGS 84 (UTM)", "zona": 19, "este": 230269, "norte": 8534696, "unidadhidr": null, "areatotal": 0.0 }, "geometry": { "type": "Point", "coordinates": [ -71.489078802351557, -13.242573415780978 ] } },
{ "type": "Feature", "properties": { "aaa": "Madre de Dios", "ala": "Tahuamanu - Madre de Dios", "resolucion": "RD 0485-2019", "fecha": "23\/09\/2019", "archivo": "59-RD-0485-2019-03.pdf", "codlugarus": null, "lugaruso": "ESTANQUE", "uso": "Acuícola", "clase": "Licencia", "volumen": 36720.0, "area": 0.0, "modulo": 0.0, "usuario": "REYES GRANDES, JUSTINO", "documento": "DNI: 04802926", "fuentetipo": null, "fuente": "Filtración ESTENILDA", "volumenfue": null, "cur": 2.0190485045904179e+19, "organizaci": null, "bloquecodi": null, "bloquenomb": null, "coordenada": null, "departamen": null, "provincia": "Tambopata", "distrito": "Las Piedras", "juntausuar": null, "comisionco": null, "fecharegis": null, "validado": "JUAN92_JS", "pozo": null, "codpozo": null, "numfila": 1, "datum": "WGS 84 (UTM)", "zona": 19, "este": 482102, "norte": 8614669, "unidadhidr": null, "areatotal": 0.0 }, "geometry": { "type": "Point", "coordinates": [ -69.164743966023295, -12.531485739822982 ] } },
{ "type": "Feature", "properties": { "aaa": "Madre de Dios", "ala": "Tahuamanu - Madre de Dios", "resolucion": "RD 0486-2019", "fecha": "23\/09\/2019", "archivo": "59-RD-0486-2019-03.pdf", "codlugarus": null, "lugaruso": "ESTANQUE", "uso": "Acuícola", "clase": "Licencia", "volumen": 38880.0, "area": 0.0, "modulo": 0.0, "usuario": "LIZARASO ROMERO, EFRAIN", "documento": "DNI: 05071590", "fuentetipo": null, "fuente": "Filtración LIZARASO", "volumenfue": null, "cur": 2.0190486045904126e+19, "organizaci": null, "bloquecodi": null, "bloquenomb": null, "coordenada": null, "departamen": null, "provincia": "Tambopata", "distrito": "Las Piedras", "juntausuar": null, "comisionco": null, "fecharegis": null, "validado": "JUAN92_JS", "pozo": null, "codpozo": null, "numfila": 1, "datum": "WGS 84 (UTM)", "zona": 19, "este": 485481, "norte": 8618559, "unidadhidr": null, "areatotal": 0.0 }, "geometry": { "type": "Point", "coordinates": [ -69.133623588585479, -12.496325640307198 ] } },
{ "type": "Feature", "properties": { "aaa": "Madre de Dios", "ala": "Tahuamanu - Madre de Dios", "resolucion": "RD 0487-2019", "fecha": "23\/09\/2019", "archivo": "59-RD-0487-2019-04.pdf", "codlugarus": null, "lugaruso": "ESTANQUE", "uso": "Acuícola", "clase": "Licencia", "volumen": 47520.0, "area": 0.0, "modulo": 0.0, "usuario": "ZAMATA SAVINA, EBARISTO", "documento": "DNI: 05064033", "fuentetipo": null, "fuente": "Filtración LAS PALMERAS", "volumenfue": null, "cur": 2.0190487045904179e+19, "organizaci": null, "bloquecodi": null, "bloquenomb": null, "coordenada": null, "departamen": null, "provincia": "Tahuamanu", "distrito": "Iberia", "juntausuar": null, "comisionco": null, "fecharegis": null, "validado": "JUAN92_JS", "pozo": null, "codpozo": null, "numfila": 1, "datum": "WGS 84 (UTM)", "zona": 19, "este": 441266, "norte": 8759637, "unidadhidr": null, "areatotal": 0.0 }, "geometry": { "type": "Point", "coordinates": [ -69.538036929759372, -11.220038227547164 ] } },
{ "type": "Feature", "properties": { "aaa": "Madre de Dios", "ala": "Tahuamanu - Madre de Dios", "resolucion": "RD 0488-2019", "fecha": "23\/09\/2019", "archivo": "59-RD-0488-2019-04.pdf", "codlugarus": null, "lugaruso": "ESTANQUE", "uso": "Acuícola", "clase": "Licencia", "volumen": 480000.0, "area": 0.0, "modulo": 0.0, "usuario": "CARDOZO RIOS, GISSELA", "documento": "DNI: 70476884", "fuentetipo": null, "fuente": "Filtración GISSELA", "volumenfue": null, "cur": 2.0190488045904191e+19, "organizaci": null, "bloquecodi": null, "bloquenomb": null, "coordenada": null, "departamen": null, "provincia": "Tahuamanu", "distrito": "Iñapari", "juntausuar": null, "comisionco": null, "fecharegis": null, "validado": "JUAN92_JS", "pozo": null, "codpozo": null, "numfila": 1, "datum": "WGS 84 (UTM)", "zona": 19, "este": 442404, "norte": 8778368, "unidadhidr": null, "areatotal": 0.0 }, "geometry": { "type": "Point", "coordinates": [ -69.527307533381673, -11.050662308082138 ] } },
{ "type": "Feature", "properties": { "aaa": "Madre de Dios", "ala": "Tahuamanu - Madre de Dios", "resolucion": "RD 0489-2019", "fecha": "23\/09\/2019", "archivo": "59-RD-0489-2019-04.pdf", "codlugarus": null, "lugaruso": "ESTANQUE", "uso": "Acuícola", "clase": "Licencia", "volumen": 228000.0, "area": 0.0, "modulo": 0.0, "usuario": "CARDOZO MOUZULLY, RUBENS SAMUEL", "documento": "DNI: 05060335", "fuentetipo": null, "fuente": "Filtración RUBENS CARDOZO", "volumenfue": null, "cur": 2.0190489045904175e+19, "organizaci": null, "bloquecodi": null, "bloquenomb": null, "coordenada": null, "departamen": null, "provincia": "Tahuamanu", "distrito": "Iñapari", "juntausuar": null, "comisionco": null, "fecharegis": null, "validado": "JUAN92_JS", "pozo": null, "codpozo": null, "numfila": 1, "datum": "WGS 84 (UTM)", "zona": 19, "este": 437864, "norte": 8777759, "unidadhidr": null, "areatotal": 0.0 }, "geometry": { "type": "Point", "coordinates": [ -69.568881747733442, -11.056094530836795 ] } },
{ "type": "Feature", "properties": { "aaa": "Madre de Dios", "ala": "Tahuamanu - Madre de Dios", "resolucion": "RD 0490-2019", "fecha": "23\/09\/2019", "archivo": "59-RD-0490-2019-04.pdf", "codlugarus": null, "lugaruso": "ESTANQUE", "uso": "Acuícola", "clase": "Licencia", "volumen": 25920.0, "area": 0.0, "modulo": 0.0, "usuario": "ANAYA CANELO, BERTHA", "documento": "DNI: 04820464", "fuentetipo": null, "fuente": "Filtración BERTHA", "volumenfue": null, "cur": 2.0190490045904175e+19, "organizaci": null, "bloquecodi": null, "bloquenomb": null, "coordenada": null, "departamen": null, "provincia": "Tambopata", "distrito": "Tambopata", "juntausuar": null, "comisionco": null, "fecharegis": null, "validado": "JUAN92_JS", "pozo": null, "codpozo": null, "numfila": 1, "datum": "WGS 84 (UTM)", "zona": 19, "este": 477232, "norte": 8616586, "unidadhidr": null, "areatotal": 0.0 }, "geometry": { "type": "Point", "coordinates": [ -69.209556196299161, -12.514119130268305 ] } },
{ "type": "Feature", "properties": { "aaa": "Madre de Dios", "ala": "Tahuamanu - Madre de Dios", "resolucion": "RD 0491-2019", "fecha": "23\/09\/2019", "archivo": "59-RD-0491-2019-04.pdf", "codlugarus": null, "lugaruso": "ESTANQUE", "uso": "Acuícola", "clase": "Licencia", "volumen": 46920.0, "area": 0.0, "modulo": 0.0, "usuario": "TTITO MAMANI, HECTOR LUCIANO", "documento": "DNI: 41529464", "fuentetipo": null, "fuente": "Manantial Ttito", "volumenfue": null, "cur": 2.0190491045904175e+19, "organizaci": null, "bloquecodi": null, "bloquenomb": null, "coordenada": null, "departamen": null, "provincia": "Tambopata", "distrito": "Las Piedras", "juntausuar": null, "comisionco": null, "fecharegis": null, "validado": "JUAN92_JS", "pozo": null, "codpozo": null, "numfila": 1, "datum": "WGS 84 (UTM)", "zona": 19, "este": 488546, "norte": 8662298, "unidadhidr": null, "areatotal": 0.0 }, "geometry": { "type": "Point", "coordinates": [ -69.105257806329462, -12.100798661088012 ] } },
{ "type": "Feature", "properties": { "aaa": "Madre de Dios", "ala": "Tahuamanu - Madre de Dios", "resolucion": "RD 0492-2019", "fecha": "23\/09\/2019", "archivo": "59-RD-0492-2019-04.pdf", "codlugarus": null, "lugaruso": null, "uso": "Acuícola", "clase": "Licencia", "volumen": 36000.0, "area": 0.0, "modulo": 0.0, "usuario": "PORTOCARRERO LOPEZ, JONY OSCAR", "documento": "DNI: 04824516", "fuentetipo": null, "fuente": "Manantial PORTOCARRERO", "volumenfue": null, "cur": 2.0190492045904126e+19, "organizaci": null, "bloquecodi": null, "bloquenomb": null, "coordenada": null, "departamen": null, "provincia": "Tambopata", "distrito": "Las Piedras", "juntausuar": null, "comisionco": null, "fecharegis": null, "validado": "JUAN92_JS", "pozo": null, "codpozo": null, "numfila": 1, "datum": "WGS 84 (UTM)", "zona": 19, "este": 488640, "norte": 8664537, "unidadhidr": null, "areatotal": 0.0 }, "geometry": { "type": "Point", "coordinates": [ -69.10438613205018, -12.080551009234997 ] } },
{ "type": "Feature", "properties": { "aaa": "Madre de Dios", "ala": "Tahuamanu - Madre de Dios", "resolucion": "RD 0493-2019", "fecha": "23\/09\/2019", "archivo": "59-RD-0493-2019-04.pdf", "codlugarus": null, "lugaruso": "ESTANQUE", "uso": "Acuícola", "clase": "Licencia", "volumen": 32400.0, "area": 0.0, "modulo": 0.0, "usuario": "IKEDA TANANTA, REYNALDO", "documento": "DNI: 04816164", "fuentetipo": null, "fuente": "Filtración IKEDA", "volumenfue": null, "cur": 2.0190493045904126e+19, "organizaci": null, "bloquecodi": null, "bloquenomb": null, "coordenada": null, "departamen": null, "provincia": "Tambopata", "distrito": "Las Piedras", "juntausuar": null, "comisionco": null, "fecharegis": null, "validado": "JUAN92_JS", "pozo": null, "codpozo": null, "numfila": 1, "datum": "WGS 84 (UTM)", "zona": 19, "este": 484477, "norte": 8607473, "unidadhidr": null, "areatotal": 0.0 }, "geometry": { "type": "Point", "coordinates": [ -69.14291902822427, -12.596571582834185 ] } },
{ "type": "Feature", "properties": { "aaa": "Madre de Dios", "ala": "Tahuamanu - Madre de Dios", "resolucion": "RD 0494-2019", "fecha": "23\/09\/2019", "archivo": "59-RD-0494-2019-04.pdf", "codlugarus": null, "lugaruso": "ESTANQUE", "uso": "Acuícola", "clase": "Licencia", "volumen": 129846.81, "area": 0.0, "modulo": 0.0, "usuario": "CARDOZO MOUZULLY, VERONICA MARIA", "documento": "DNI: 04820832", "fuentetipo": null, "fuente": "Manantial VILLA PRIMAVERA", "volumenfue": null, "cur": 2.0190494045904101e+19, "organizaci": null, "bloquecodi": null, "bloquenomb": null, "coordenada": null, "departamen": null, "provincia": "Tahuamanu", "distrito": "Iñapari", "juntausuar": null, "comisionco": null, "fecharegis": null, "validado": "JUAN92_JS", "pozo": null, "codpozo": null, "numfila": 1, "datum": "WGS 84 (UTM)", "zona": 19, "este": 440399, "norte": 8783142, "unidadhidr": null, "areatotal": 0.0 }, "geometry": { "type": "Point", "coordinates": [ -69.545583681666201, -11.007455730586427 ] } },
{ "type": "Feature", "properties": { "aaa": "Madre de Dios", "ala": "Tahuamanu - Madre de Dios", "resolucion": "RD 0495-2019", "fecha": "23\/09\/2019", "archivo": "59-RD-0495-2019-04.pdf", "codlugarus": null, "lugaruso": "ESTANQUE", "uso": "Acuícola", "clase": "Licencia", "volumen": 96713.53, "area": 0.0, "modulo": 0.0, "usuario": "HUISACAYNA RAMOS, PIO YLARIO", "documento": "DNI: 05064144", "fuentetipo": null, "fuente": "Manantial VIRGEN DE CHAPI", "volumenfue": null, "cur": 2.0190495045904101e+19, "organizaci": null, "bloquecodi": null, "bloquenomb": null, "coordenada": null, "departamen": null, "provincia": "Tahuamanu", "distrito": "Iñapari", "juntausuar": null, "comisionco": null, "fecharegis": null, "validado": "JUAN92_JS", "pozo": null, "codpozo": null, "numfila": 1, "datum": "WGS 84 (UTM)", "zona": 19, "este": 440931, "norte": 8760459, "unidadhidr": null, "areatotal": 0.0 }, "geometry": { "type": "Point", "coordinates": [ -69.541091793548958, -11.212598943064227 ] } },
{ "type": "Feature", "properties": { "aaa": "Madre de Dios", "ala": "Tahuamanu - Madre de Dios", "resolucion": "RD 0496-2019", "fecha": "23\/09\/2019", "archivo": "59-RD-0496-2019-04.pdf", "codlugarus": null, "lugaruso": "ESTANQUE", "uso": "Acuícola", "clase": "Licencia", "volumen": 90899.81, "area": 0.0, "modulo": 0.0, "usuario": "CHOQUE CHURA, RUBEN", "documento": "DNI: 05060047", "fuentetipo": null, "fuente": "Manantial CRISTO VIENE", "volumenfue": null, "cur": 2.0190496045904101e+19, "organizaci": null, "bloquecodi": null, "bloquenomb": null, "coordenada": null, "departamen": null, "provincia": "Tahuamanu", "distrito": "Iñapari", "juntausuar": null, "comisionco": null, "fecharegis": null, "validado": "JUAN92_JS", "pozo": null, "codpozo": null, "numfila": 1, "datum": "WGS 84 (UTM)", "zona": 19, "este": 433757, "norte": 8787502, "unidadhidr": null, "areatotal": 0.0 }, "geometry": { "type": "Point", "coordinates": [ -69.606301373800505, -10.967910753912438 ] } },
{ "type": "Feature", "properties": { "aaa": "Madre de Dios", "ala": "Tahuamanu - Madre de Dios", "resolucion": "RD 0497-2019", "fecha": "23\/09\/2019", "archivo": "59-RD-0497-2019-04.pdf", "codlugarus": null, "lugaruso": "ESTANQUE", "uso": "Acuícola", "clase": "Licencia", "volumen": 33400.0, "area": 0.0, "modulo": 0.0, "usuario": "BARDALES FEITOZA, IRENE", "documento": "DNI: 05060234", "fuentetipo": null, "fuente": "Filtración SEÑOR DE HUANCA", "volumenfue": null, "cur": 2.0190497045904097e+19, "organizaci": null, "bloquecodi": null, "bloquenomb": null, "coordenada": null, "departamen": null, "provincia": "Tahuamanu", "distrito": "Iñapari", "juntausuar": null, "comisionco": null, "fecharegis": null, "validado": "JUAN92_JS", "pozo": null, "codpozo": null, "numfila": 1, "datum": "WGS 84 (UTM)", "zona": 19, "este": 436394, "norte": 8786888, "unidadhidr": null, "areatotal": 0.0 }, "geometry": { "type": "Point", "coordinates": [ -69.582177491728615, -10.973510555289316 ] } },
{ "type": "Feature", "properties": { "aaa": "Madre de Dios", "ala": "Tahuamanu - Madre de Dios", "resolucion": "RD 0498-2019", "fecha": "23\/09\/2019", "archivo": "59-RD-0498-2019-04.pdf", "codlugarus": null, "lugaruso": "ESTANQUE", "uso": "Acuícola", "clase": "Licencia", "volumen": 16600.0, "area": 0.0, "modulo": 0.0, "usuario": "TAPIA VALDIVIA, STEPHEN", "documento": "DNI: 23940188", "fuentetipo": null, "fuente": "Filtración CHRIS II", "volumenfue": null, "cur": 2.0190498045904114e+19, "organizaci": null, "bloquecodi": null, "bloquenomb": null, "coordenada": null, "departamen": null, "provincia": "Tahuamanu", "distrito": "Iñapari", "juntausuar": null, "comisionco": null, "fecharegis": null, "validado": "JUAN92_JS", "pozo": null, "codpozo": null, "numfila": 1, "datum": "WGS 84 (UTM)", "zona": 19, "este": 438390, "norte": 8773118, "unidadhidr": null, "areatotal": 0.0 }, "geometry": { "type": "Point", "coordinates": [ -69.564146535975453, -11.09807452300333 ] } },
{ "type": "Feature", "properties": { "aaa": "Madre de Dios", "ala": "Tahuamanu - Madre de Dios", "resolucion": "RD 0499-2019", "fecha": "23\/09\/2019", "archivo": "59-RD-0499-2019-04.pdf", "codlugarus": null, "lugaruso": "ESTANQUE", "uso": "Acuícola", "clase": "Licencia", "volumen": 523450.0, "area": 0.0, "modulo": 0.0, "usuario": "TRUJILLO YABAR, MARK RONALD", "documento": "DNI: 29697656", "fuentetipo": null, "fuente": "Quebrada POROTOCRUDO", "volumenfue": null, "cur": 2.0190499045904122e+19, "organizaci": null, "bloquecodi": null, "bloquenomb": null, "coordenada": null, "departamen": null, "provincia": "Tambopata", "distrito": "Las Piedras", "juntausuar": null, "comisionco": null, "fecharegis": null, "validado": "JUAN92_JS", "pozo": null, "codpozo": null, "numfila": 1, "datum": "WGS 84 (UTM)", "zona": 19, "este": 488639, "norte": 8664778, "unidadhidr": null, "areatotal": 0.0 }, "geometry": { "type": "Point", "coordinates": [ -69.104394476576914, -12.078371565591178 ] } },
{ "type": "Feature", "properties": { "aaa": "Madre de Dios", "ala": "Tahuamanu - Madre de Dios", "resolucion": "RD 0500-2019", "fecha": "23\/09\/2019", "archivo": "59-RD-0500-2019-04.pdf", "codlugarus": null, "lugaruso": "ESTANQUE", "uso": "Acuícola", "clase": "Licencia", "volumen": 13680.0, "area": 0.0, "modulo": 0.0, "usuario": "FLORES RIOS, JORGE ALGEL", "documento": "DNI: 05060030", "fuentetipo": null, "fuente": "Filtración FLORES", "volumenfue": null, "cur": 2.0190500045904155e+19, "organizaci": null, "bloquecodi": null, "bloquenomb": null, "coordenada": null, "departamen": null, "provincia": "Tahuamanu", "distrito": "Iñapari", "juntausuar": null, "comisionco": null, "fecharegis": null, "validado": "JUAN92_JS", "pozo": null, "codpozo": null, "numfila": 1, "datum": "WGS 84 (UTM)", "zona": 19, "este": 436489, "norte": 8788750, "unidadhidr": null, "areatotal": 0.0 }, "geometry": { "type": "Point", "coordinates": [ -69.58127511261695, -10.956673109739951 ] } },
{ "type": "Feature", "properties": { "aaa": "Madre de Dios", "ala": "Tahuamanu - Madre de Dios", "resolucion": "RD 0501-2019", "fecha": "23\/09\/2019", "archivo": "59-RD-0501-2019-04.pdf", "codlugarus": null, "lugaruso": "ESTANQUE", "uso": "Acuícola", "clase": "Licencia", "volumen": 26798.67, "area": 0.0, "modulo": 0.0, "usuario": "IREY TAÑA, VISITACIÓN GABY", "documento": "DNI: 09678101", "fuentetipo": null, "fuente": "Manantial VISITACIÓN", "volumenfue": null, "cur": 2.0190501045904093e+19, "organizaci": null, "bloquecodi": null, "bloquenomb": null, "coordenada": null, "departamen": null, "provincia": "Tambopata", "distrito": "Las Piedras", "juntausuar": null, "comisionco": null, "fecharegis": null, "validado": "JUAN92_JS", "pozo": null, "codpozo": null, "numfila": 1, "datum": "WGS 84 (UTM)", "zona": 19, "este": 484462, "norte": 8616663, "unidadhidr": null, "areatotal": 0.0 }, "geometry": { "type": "Point", "coordinates": [ -69.143011223458615, -12.51346640524382 ] } },
{ "type": "Feature", "properties": { "aaa": "Madre de Dios", "ala": "Tahuamanu - Madre de Dios", "resolucion": "RD 0502-2019", "fecha": "23\/09\/2019", "archivo": "59-RD-0502-2019-04.pdf", "codlugarus": null, "lugaruso": "ESTANQUE", "uso": "Acuícola", "clase": "Licencia", "volumen": 42499.1, "area": 0.0, "modulo": 0.0, "usuario": "BARDALES FEITOZA, MARIA NAZARETH", "documento": "DNI: 05061759", "fuentetipo": null, "fuente": "Manantial MARÍA BARDALES", "volumenfue": null, "cur": 2.0190502045904118e+19, "organizaci": null, "bloquecodi": null, "bloquenomb": null, "coordenada": null, "departamen": null, "provincia": "Tahuamanu", "distrito": "Iñapari", "juntausuar": null, "comisionco": null, "fecharegis": null, "validado": "JUAN92_JS", "pozo": null, "codpozo": null, "numfila": 1, "datum": "WGS 84 (UTM)", "zona": 19, "este": 437377, "norte": 8788819, "unidadhidr": null, "areatotal": 0.0 }, "geometry": { "type": "Point", "coordinates": [ -69.573146906781943, -10.956064480467854 ] } },
{ "type": "Feature", "properties": { "aaa": "Madre de Dios", "ala": "Tahuamanu - Madre de Dios", "resolucion": "RD 0512-2019", "fecha": "26\/09\/2019", "archivo": "59-RD-0512-2019-03.pdf", "codlugarus": null, "lugaruso": null, "uso": "Doméstico - Poblacional", "clase": "Licencia", "volumen": 448.6, "area": 0.0, "modulo": 0.0, "usuario": "CACHI CONDORI, PETRONILA", "documento": "DNI: 04802759", "fuentetipo": null, "fuente": "Acuífero INTERCUENCA MEDIO MADRE DE DIOS 46645", "volumenfue": null, "cur": 2.0190512045901115e+19, "organizaci": null, "bloquecodi": null, "bloquenomb": null, "coordenada": null, "departamen": null, "provincia": "Tambopata", "distrito": "Las Piedras", "juntausuar": null, "comisionco": null, "fecharegis": null, "validado": "JUAN92_JS", "pozo": null, "codpozo": null, "numfila": 1, "datum": "WGS 84 (UTM)", "zona": 19, "este": 485274, "norte": 8615600, "unidadhidr": null, "areatotal": 0.0 }, "geometry": { "type": "Point", "coordinates": [ -69.135542634918224, -12.523083003287233 ] } },
{ "type": "Feature", "properties": { "aaa": "Madre de Dios", "ala": "Tahuamanu - Madre de Dios", "resolucion": "RD 0513-2019", "fecha": "30\/09\/2019", "archivo": "59-RD-0513-2019-04.pdf", "codlugarus": null, "lugaruso": "VIVIENDA FAMILIAR", "uso": "Doméstico - Poblacional", "clase": "Licencia", "volumen": 990.82, "area": 0.0, "modulo": 0.0, "usuario": "L CARDOZA VILLACORTA, EDUARDO MANUE", "documento": "DNI: 04802442", "fuentetipo": null, "fuente": "Acuífero INTERCUENCA MEDIO ALTO MADRE DE DIOS 46647", "volumenfue": null, "cur": 2.0190513045902115e+19, "organizaci": null, "bloquecodi": null, "bloquenomb": null, "coordenada": null, "departamen": null, "provincia": "Tambopata", "distrito": "Tambopata", "juntausuar": null, "comisionco": null, "fecharegis": null, "validado": "JUAN92_JS", "pozo": null, "codpozo": null, "numfila": 1, "datum": "WGS 84 (UTM)", "zona": 19, "este": 473332, "norte": 8605652, "unidadhidr": null, "areatotal": 0.0 }, "geometry": { "type": "Point", "coordinates": [ -69.245545314183758, -12.612964204268541 ] } },
{ "type": "Feature", "properties": { "aaa": "Madre de Dios", "ala": "Tahuamanu - Madre de Dios", "resolucion": "RD 0516-2019", "fecha": "02\/10\/2019", "archivo": "59-RD-0516-2019-04.pdf", "codlugarus": null, "lugaruso": "ESTANQUE", "uso": "Otros Usos", "clase": "Licencia", "volumen": 219.0, "area": 0.0, "modulo": 0.0, "usuario": "INVERSIONES CORPORATIVAS MELQUI S.A.C.", "documento": "RUC: 20490130510", "fuentetipo": null, "fuente": "Acuífero INTERCUENCA MEDIO MADRE DE DIOS 46645", "volumenfue": null, "cur": 2.019051604591213e+19, "organizaci": null, "bloquecodi": null, "bloquenomb": null, "coordenada": null, "departamen": null, "provincia": "Tambopata", "distrito": "Las Piedras", "juntausuar": null, "comisionco": null, "fecharegis": null, "validado": "JUAN92_JS", "pozo": null, "codpozo": null, "numfila": 1, "datum": "WGS 84 (UTM)", "zona": 19, "este": 481220, "norte": 8609230, "unidadhidr": null, "areatotal": 0.0 }, "geometry": { "type": "Point", "coordinates": [ -69.17289524194716, -12.580665404141014 ] } },
{ "type": "Feature", "properties": { "aaa": "Madre de Dios", "ala": "Tahuamanu - Madre de Dios", "resolucion": "RD 0523-2019", "fecha": "02\/10\/2019", "archivo": "59-RD-0523-2019-04.pdf", "codlugarus": null, "lugaruso": "ESTANQUE", "uso": "Acuícola", "clase": "Licencia", "volumen": 38400.0, "area": 0.0, "modulo": 0.0, "usuario": "MARTINEZ CATUNTA, FELIPE", "documento": "DNI: 04806792", "fuentetipo": null, "fuente": "Filtración FELIPE MARTINEZ", "volumenfue": null, "cur": 2.0190523045904179e+19, "organizaci": null, "bloquecodi": null, "bloquenomb": null, "coordenada": null, "departamen": null, "provincia": "Tambopata", "distrito": "Laberinto", "juntausuar": null, "comisionco": null, "fecharegis": null, "validado": "JUAN92_JS", "pozo": null, "codpozo": null, "numfila": 1, "datum": "WGS 84 (UTM)", "zona": 19, "este": 446146, "norte": 8593657, "unidadhidr": null, "areatotal": 0.0 }, "geometry": { "type": "Point", "coordinates": [ -69.496064863378137, -12.721082927905567 ] } },
{ "type": "Feature", "properties": { "aaa": "Madre de Dios", "ala": "Tahuamanu - Madre de Dios", "resolucion": "RD 0524-2019", "fecha": "02\/10\/2019", "archivo": "59-RD-0524-2019-04.pdf", "codlugarus": null, "lugaruso": "ESTANQUE", "uso": "Acuícola", "clase": "Licencia", "volumen": 38400.0, "area": 0.0, "modulo": 0.0, "usuario": "PAUCAR SONCCO, DIEGO", "documento": "DNI: 04804277", "fuentetipo": null, "fuente": "Filtración DIEGO PAUCAR", "volumenfue": null, "cur": 2.0190524045904101e+19, "organizaci": null, "bloquecodi": null, "bloquenomb": null, "coordenada": null, "departamen": null, "provincia": "Tambopata", "distrito": "Laberinto", "juntausuar": null, "comisionco": null, "fecharegis": null, "validado": "JUAN92_JS", "pozo": null, "codpozo": null, "numfila": 1, "datum": "WGS 84 (UTM)", "zona": 19, "este": 449990, "norte": 8590697, "unidadhidr": null, "areatotal": 0.0 }, "geometry": { "type": "Point", "coordinates": [ -69.460705823738181, -12.747912947175026 ] } },
{ "type": "Feature", "properties": { "aaa": "Madre de Dios", "ala": "Tahuamanu - Madre de Dios", "resolucion": "RD 0525-2019", "fecha": "02\/10\/2019", "archivo": "59-RD-0525-2019-04.pdf", "codlugarus": null, "lugaruso": "ESTANQUE", "uso": "Acuícola", "clase": "Licencia", "volumen": 69120.0, "area": 0.0, "modulo": 0.0, "usuario": "CUMPA QUISPE, ODILON", "documento": "DNI: 04806564", "fuentetipo": null, "fuente": "Filtración ODILON CUMPA", "volumenfue": null, "cur": 2.0190525045904183e+19, "organizaci": null, "bloquecodi": null, "bloquenomb": null, "coordenada": null, "departamen": null, "provincia": "Tambopata", "distrito": "Laberinto", "juntausuar": null, "comisionco": null, "fecharegis": null, "validado": "JUAN92_JS", "pozo": null, "codpozo": null, "numfila": 1, "datum": "WGS 84 (UTM)", "zona": 19, "este": 445849, "norte": 8593509, "unidadhidr": null, "areatotal": 0.0 }, "geometry": { "type": "Point", "coordinates": [ -69.498803157700209, -12.722416092805144 ] } },
{ "type": "Feature", "properties": { "aaa": "Madre de Dios", "ala": "Tahuamanu - Madre de Dios", "resolucion": "RD 0526-2019", "fecha": "02\/10\/2019", "archivo": "59-RD-0526-2019-04.pdf", "codlugarus": null, "lugaruso": "ESTANQUE", "uso": "Acuícola", "clase": "Licencia", "volumen": 61440.0, "area": 0.0, "modulo": 0.0, "usuario": "MACHACA CONDORI, FIDEL", "documento": "DNI: 04801426", "fuentetipo": null, "fuente": "Manantial EL GRAN CHAPARRAL", "volumenfue": null, "cur": 2.0190526045904105e+19, "organizaci": null, "bloquecodi": null, "bloquenomb": null, "coordenada": null, "departamen": null, "provincia": "Tambopata", "distrito": "Laberinto", "juntausuar": null, "comisionco": null, "fecharegis": null, "validado": "JUAN92_JS", "pozo": null, "codpozo": null, "numfila": 1, "datum": "WGS 84 (UTM)", "zona": 19, "este": 446504, "norte": 8591782, "unidadhidr": null, "areatotal": 0.0 }, "geometry": { "type": "Point", "coordinates": [ -69.492800039942793, -12.738043891564363 ] } },
{ "type": "Feature", "properties": { "aaa": "Madre de Dios", "ala": "Tahuamanu - Madre de Dios", "resolucion": "RD 0528-2019", "fecha": "04\/10\/2019", "archivo": "59-RD-0528-2019-03.pdf", "codlugarus": null, "lugaruso": "CONCESIÓN MINERA RAÚL 1", "uso": "Minero", "clase": "Licencia", "volumen": 31512.0, "area": 0.0, "modulo": 0.0, "usuario": "LOS TRES EMBLEMAS DORADOS DE ORO S.A.C.", "documento": "RUC: 20490896351", "fuentetipo": null, "fuente": "Acuífero INTERCUENCA ALTO MADRE DE DIOS 46649 \/ Acuífero INTERCUENCA ALTO MADRE DE DIOS 46649", "volumenfue": null, "cur": 2.0190528045908083e+19, "organizaci": null, "bloquecodi": null, "bloquenomb": null, "coordenada": null, "departamen": null, "provincia": "Manu", "distrito": "Madre De Dios", "juntausuar": null, "comisionco": null, "fecharegis": null, "validado": "JUAN92_JS", "pozo": null, "codpozo": null, "numfila": 1, "datum": "WGS 84 (UTM)", "zona": 19, "este": 328307, "norte": 8578620, "unidadhidr": null, "areatotal": 0.0 }, "geometry": { "type": "Point", "coordinates": [ -70.582169546740047, -12.852755295453456 ] } },
{ "type": "Feature", "properties": { "aaa": "Madre de Dios", "ala": "Tahuamanu - Madre de Dios", "resolucion": "RD 0529-2019", "fecha": "04\/10\/2019", "archivo": "59-RD-0529-2019-03.pdf", "codlugarus": null, "lugaruso": "CONCESIÓN MINERA CRISTIAM 2005", "uso": "Minero", "clase": "Licencia", "volumen": 31200.0, "area": 0.0, "modulo": 0.0, "usuario": "MAMANI TAPARA, FRANCISCA", "documento": "DNI: 24692828", "fuentetipo": null, "fuente": "Acuífero INTERCUENCA ALTO MADRE DE DIOS 46649", "volumenfue": null, "cur": 2.019052904590812e+19, "organizaci": null, "bloquecodi": null, "bloquenomb": null, "coordenada": null, "departamen": null, "provincia": "Manu", "distrito": "Madre De Dios", "juntausuar": null, "comisionco": null, "fecharegis": null, "validado": "JUAN92_JS", "pozo": null, "codpozo": null, "numfila": 1, "datum": "WGS 84 (UTM)", "zona": 19, "este": 331306, "norte": 8581126, "unidadhidr": null, "areatotal": 0.0 }, "geometry": { "type": "Point", "coordinates": [ -70.554401416242101, -12.830267474457006 ] } },
{ "type": "Feature", "properties": { "aaa": "Madre de Dios", "ala": "Tahuamanu - Madre de Dios", "resolucion": "RD 0538-2019", "fecha": "14\/10\/2019", "archivo": "59-RD-0538-2019-03.pdf", "codlugarus": null, "lugaruso": "CONCESIÓN MINERA PAOLITA II", "uso": "Minero", "clase": "Licencia", "volumen": 37800.0, "area": 0.0, "modulo": 0.0, "usuario": "LOPEZ RUMAYNA, EMMA GLORIA", "documento": "RUC: 10048013185", "fuentetipo": null, "fuente": "Acuífero INTERCUENCA MEDIO ALTO MADRE DE DIOS 46647 \/ Acuífero INTERCUENCA MEDIO ALTO MADRE DE DIOS 46647", "volumenfue": null, "cur": 2.0190538045908161e+19, "organizaci": null, "bloquecodi": null, "bloquenomb": null, "coordenada": null, "departamen": null, "provincia": "Tambopata", "distrito": "Laberinto", "juntausuar": null, "comisionco": null, "fecharegis": null, "validado": "JUAN92_JS", "pozo": null, "codpozo": null, "numfila": 1, "datum": "WGS 84 (UTM)", "zona": 19, "este": 433177, "norte": 8597974, "unidadhidr": null, "areatotal": 0.0 }, "geometry": { "type": "Point", "coordinates": [ -69.615427808584926, -12.681796390634721 ] } },
{ "type": "Feature", "properties": { "aaa": "Madre de Dios", "ala": "Tahuamanu - Madre de Dios", "resolucion": "RD 0540-2019", "fecha": "16\/10\/2019", "archivo": "59-RD-0540-2019-03.pdf", "codlugarus": null, "lugaruso": "VIVIENDA RUSTICA CARRETERA INTEROCEANICA KM 4", "uso": "Doméstico - Poblacional", "clase": "Licencia", "volumen": 599.19, "area": 0.0, "modulo": 0.0, "usuario": "DELGADO QUISPE DE QUISPE, ANA MARIA", "documento": "DNI: 41190378", "fuentetipo": null, "fuente": "Acuífero INTERCUENCA MEDIO MADRE DE DIOS 46645", "volumenfue": null, "cur": 2.0190540045902164e+19, "organizaci": null, "bloquecodi": null, "bloquenomb": null, "coordenada": null, "departamen": null, "provincia": "Tambopata", "distrito": "Las Piedras", "juntausuar": null, "comisionco": null, "fecharegis": null, "validado": "JUAN92_JS", "pozo": null, "codpozo": null, "numfila": 1, "datum": "WGS 84 (UTM)", "zona": 19, "este": 482575, "norte": 8611459, "unidadhidr": null, "areatotal": 0.0 }, "geometry": { "type": "Point", "coordinates": [ -69.160408170291632, -12.560516376033354 ] } },
{ "type": "Feature", "properties": { "aaa": "Madre de Dios", "ala": "Tahuamanu - Madre de Dios", "resolucion": "RD 0546-2019", "fecha": "22\/10\/2019", "archivo": "59-RD-0546-2019-03.pdf", "codlugarus": null, "lugaruso": "PROYECTO MINERO ABRAHAM CIRILO", "uso": "Minero", "clase": "Licencia", "volumen": 30240.0, "area": 0.0, "modulo": 0.0, "usuario": "CHAPARREA OLMEDA, CIRILO", "documento": "RUC: 10048049686", "fuentetipo": null, "fuente": "Acuífero INTERCUENCA MEDIO ALTO MADRE DE DIOS 46647", "volumenfue": null, "cur": 2.0190546045908091e+19, "organizaci": null, "bloquecodi": null, "bloquenomb": null, "coordenada": null, "departamen": null, "provincia": "Tambopata", "distrito": "Laberinto", "juntausuar": null, "comisionco": null, "fecharegis": null, "validado": "JUAN92_JS", "pozo": null, "codpozo": null, "numfila": 1, "datum": "WGS 84 (UTM)", "zona": 19, "este": 424417, "norte": 8597772, "unidadhidr": null, "areatotal": 0.0 }, "geometry": { "type": "Point", "coordinates": [ -69.696106852435577, -12.683423891390165 ] } },
{ "type": "Feature", "properties": { "aaa": "Madre de Dios", "ala": "Tahuamanu - Madre de Dios", "resolucion": "RD 0554-2019", "fecha": "28\/10\/2019", "archivo": "59-RD-0554-2019-04.pdf", "codlugarus": null, "lugaruso": "ESTANQUE", "uso": "Acuícola", "clase": "Licencia", "volumen": 32200.0, "area": 0.0, "modulo": 0.0, "usuario": "SUAREZ CASTRO, JAVIER EUGENIO", "documento": "DNI: 04819973", "fuentetipo": null, "fuente": "Filtración JAVIER SUAREZ", "volumenfue": null, "cur": 2.0190554045904191e+19, "organizaci": null, "bloquecodi": null, "bloquenomb": null, "coordenada": null, "departamen": null, "provincia": "Tahuamanu", "distrito": "Tahuamanu", "juntausuar": null, "comisionco": null, "fecharegis": null, "validado": "JUAN92_JS", "pozo": null, "codpozo": null, "numfila": 1, "datum": "WGS 84 (UTM)", "zona": 19, "este": 496726, "norte": 8686417, "unidadhidr": null, "areatotal": 0.0 }, "geometry": { "type": "Point", "coordinates": [ -69.03006264056738, -11.882699434874102 ] } },
{ "type": "Feature", "properties": { "aaa": "Madre de Dios", "ala": "Tahuamanu - Madre de Dios", "resolucion": "RD 0555-2019", "fecha": "28\/10\/2019", "archivo": "59-RD-0555-2019-04.pdf", "codlugarus": null, "lugaruso": "ESTANQUE", "uso": "Acuícola", "clase": "Licencia", "volumen": 349916.66, "area": 0.0, "modulo": 0.0, "usuario": "INVERSIONES RIO MANURIPI S.A.C.", "documento": "RUC: 20563921731", "fuentetipo": null, "fuente": "Quebrada SANTA MARIA DE FATIMA", "volumenfue": null, "cur": 2.0190555045904151e+19, "organizaci": null, "bloquecodi": null, "bloquenomb": null, "coordenada": null, "departamen": null, "provincia": "Tahuamanu", "distrito": "Tahuamanu", "juntausuar": null, "comisionco": null, "fecharegis": null, "validado": "JUAN92_JS", "pozo": null, "codpozo": null, "numfila": 1, "datum": "WGS 84 (UTM)", "zona": 19, "este": 500776, "norte": 8684013, "unidadhidr": null, "areatotal": 0.0 }, "geometry": { "type": "Point", "coordinates": [ -68.992874018752644, -11.904441410471764 ] } },
{ "type": "Feature", "properties": { "aaa": "Madre de Dios", "ala": "Tahuamanu - Madre de Dios", "resolucion": "RD 0556-2019", "fecha": "28\/10\/2019", "archivo": "59-RD-0556-2019-04.pdf", "codlugarus": null, "lugaruso": "ESTANQUE", "uso": "Acuícola", "clase": "Licencia", "volumen": 32480.4, "area": 0.0, "modulo": 0.0, "usuario": "CUMARI PAPA DE ANAYA, MARIA MAGDALENA", "documento": "DNI: 04821063", "fuentetipo": null, "fuente": "Manantial MONTE SALVADO POR MARIA", "volumenfue": null, "cur": 2.0190556045904126e+19, "organizaci": null, "bloquecodi": null, "bloquenomb": null, "coordenada": null, "departamen": null, "provincia": "Tambopata", "distrito": "Las Piedras", "juntausuar": null, "comisionco": null, "fecharegis": null, "validado": "JUAN92_JS", "pozo": null, "codpozo": null, "numfila": 1, "datum": "WGS 84 (UTM)", "zona": 19, "este": 483344, "norte": 8670161, "unidadhidr": null, "areatotal": 0.0 }, "geometry": { "type": "Point", "coordinates": [ -69.153021724911042, -12.029668866325878 ] } },
{ "type": "Feature", "properties": { "aaa": "Madre de Dios", "ala": "Tahuamanu - Madre de Dios", "resolucion": "RD 0557-2019", "fecha": "28\/10\/2019", "archivo": "59-RD-0557-2019-04.pdf", "codlugarus": null, "lugaruso": "ESTANQUE", "uso": "Acuícola", "clase": "Licencia", "volumen": 24450.0, "area": 0.0, "modulo": 0.0, "usuario": "CAMPANA FLORES, JUNITH EMILE", "documento": "DNI: 04961040", "fuentetipo": null, "fuente": "Quebrada JUNITH EMILE", "volumenfue": null, "cur": 2.0190557045904151e+19, "organizaci": null, "bloquecodi": null, "bloquenomb": null, "coordenada": null, "departamen": null, "provincia": "Manu", "distrito": "Madre De Dios", "juntausuar": null, "comisionco": null, "fecharegis": null, "validado": "JUAN92_JS", "pozo": null, "codpozo": null, "numfila": 1, "datum": "WGS 84 (UTM)", "zona": 19, "este": 347089, "norte": 8601479, "unidadhidr": null, "areatotal": 0.0 }, "geometry": { "type": "Point", "coordinates": [ -70.407987990988019, -12.647092904223983 ] } },
{ "type": "Feature", "properties": { "aaa": "Madre de Dios", "ala": "Tahuamanu - Madre de Dios", "resolucion": "RD 0558-2019", "fecha": "28\/10\/2019", "archivo": "59-RD-0558-2019-04.pdf", "codlugarus": null, "lugaruso": "ESTANQUE", "uso": "Acuícola", "clase": "Licencia", "volumen": 33400.0, "area": 0.0, "modulo": 0.0, "usuario": "TORRES CALDERON ZARATE, CESAR LUIS", "documento": "DNI: 09300235", "fuentetipo": null, "fuente": "Manantial BELLUNO", "volumenfue": null, "cur": 2.0190558045904151e+19, "organizaci": null, "bloquecodi": null, "bloquenomb": null, "coordenada": null, "departamen": null, "provincia": "Tambopata", "distrito": "Las Piedras", "juntausuar": null, "comisionco": null, "fecharegis": null, "validado": "JUAN92_JS", "pozo": null, "codpozo": null, "numfila": 1, "datum": "WGS 84 (UTM)", "zona": 19, "este": 485323, "norte": 8678547, "unidadhidr": null, "areatotal": 0.0 }, "geometry": { "type": "Point", "coordinates": [ -69.134802665240926, -11.953840561369837 ] } },
{ "type": "Feature", "properties": { "aaa": "Madre de Dios", "ala": "Tahuamanu - Madre de Dios", "resolucion": "RD 0559-2019", "fecha": "28\/10\/2019", "archivo": "59-RD-0559-2019-04.pdf", "codlugarus": null, "lugaruso": "ESTANQUE", "uso": "Acuícola", "clase": "Licencia", "volumen": 15547.7, "area": 0.0, "modulo": 0.0, "usuario": "VISSE MANI, ESTEFANIA", "documento": "DNI: 04960208", "fuentetipo": null, "fuente": "Manantial SHINTUYA 1", "volumenfue": null, "cur": 2.0190559045904151e+19, "organizaci": null, "bloquecodi": null, "bloquenomb": null, "coordenada": null, "departamen": null, "provincia": "Manu", "distrito": "Manu", "juntausuar": null, "comisionco": null, "fecharegis": null, "validado": "JUAN92_JS", "pozo": null, "codpozo": null, "numfila": 1, "datum": "WGS 84 (UTM)", "zona": 19, "este": 249703, "norte": 8599329, "unidadhidr": null, "areatotal": 0.0 }, "geometry": { "type": "Point", "coordinates": [ -71.304471627731289, -12.66027553459652 ] } },
{ "type": "Feature", "properties": { "aaa": "Madre de Dios", "ala": "Tahuamanu - Madre de Dios", "resolucion": "RD 0560-2019", "fecha": "28\/10\/2019", "archivo": "59-RD-0560-2019-04.pdf", "codlugarus": null, "lugaruso": "ESTANQUE", "uso": "Acuícola", "clase": "Licencia", "volumen": 27750.0, "area": 0.0, "modulo": 0.0, "usuario": "CHAMPI HUAYHUA, ROBERTO", "documento": "DNI: 04960825", "fuentetipo": null, "fuente": "Filtración SANTA CRUZ", "volumenfue": null, "cur": 2.0190560045904146e+19, "organizaci": null, "bloquecodi": null, "bloquenomb": null, "coordenada": null, "departamen": null, "provincia": "Manu", "distrito": "Manu", "juntausuar": null, "comisionco": null, "fecharegis": null, "validado": "JUAN92_JS", "pozo": null, "codpozo": null, "numfila": 1, "datum": "WGS 84 (UTM)", "zona": 19, "este": 246382, "norte": 8598883, "unidadhidr": null, "areatotal": 0.0 }, "geometry": { "type": "Point", "coordinates": [ -71.335066858454368, -12.664038906178805 ] } },
{ "type": "Feature", "properties": { "aaa": "Madre de Dios", "ala": "Tahuamanu - Madre de Dios", "resolucion": "RD 0563-2019", "fecha": "29\/10\/2019", "archivo": "59-RD-0563-2019-03.pdf", "codlugarus": null, "lugaruso": "COMUNIDAD DE PALOTOA LLACTAPAMPA", "uso": "Poblacional", "clase": "Licencia", "volumen": 8654.87, "area": 0.0, "modulo": 0.0, "usuario": "JUNTA ADMINISTRADORA DE SERVICIO (JASS) PALOTOA LLACTAPAMPA", "documento": null, "fuentetipo": null, "fuente": "Riachuelo PALOTOA LLACTAPAMPA", "volumenfue": null, "cur": 2.0190563045901124e+19, "organizaci": null, "bloquecodi": null, "bloquenomb": null, "coordenada": null, "departamen": null, "provincia": "Manu", "distrito": "Manu", "juntausuar": null, "comisionco": null, "fecharegis": null, "validado": "JUAN92_JS", "pozo": null, "codpozo": null, "numfila": 1, "datum": "WGS 84 (UTM)", "zona": 19, "este": 244183, "norte": 8598860, "unidadhidr": null, "areatotal": 0.0 }, "geometry": { "type": "Point", "coordinates": [ -71.355303040580026, -12.664068325278215 ] } },
{ "type": "Feature", "properties": { "aaa": "Madre de Dios", "ala": "Tahuamanu - Madre de Dios", "resolucion": "RD 0564-2019", "fecha": "29\/10\/2019", "archivo": "59-RD-0564-2019-03.pdf", "codlugarus": null, "lugaruso": "CENTRO POBLADO RURAL SANTA CRUZ", "uso": "Poblacional", "clase": "Licencia", "volumen": 3328.8, "area": 0.0, "modulo": 0.0, "usuario": "JUNTA ADMINISTRADORA DE SERVICIO (JASS) DEL CENTRO POBLADO RURAL SANTA CRUZ", "documento": null, "fuentetipo": null, "fuente": "Filtración SANTA CRUZ", "volumenfue": null, "cur": 2.0190564045901124e+19, "organizaci": null, "bloquecodi": null, "bloquenomb": null, "coordenada": null, "departamen": null, "provincia": "Manu", "distrito": "Manu", "juntausuar": null, "comisionco": null, "fecharegis": null, "validado": "JUAN92_JS", "pozo": null, "codpozo": null, "numfila": 1, "datum": "WGS 84 (UTM)", "zona": 19, "este": 245426, "norte": 8598482, "unidadhidr": null, "areatotal": 0.0 }, "geometry": { "type": "Point", "coordinates": [ -71.343896722397503, -12.667584709375795 ] } },
{ "type": "Feature", "properties": { "aaa": "Madre de Dios", "ala": "Tahuamanu - Madre de Dios", "resolucion": "RD 0565-2019", "fecha": "29\/10\/2019", "archivo": "59-RD-0565-2019-03.pdf", "codlugarus": null, "lugaruso": "CONCESIÓN MINERA ABEL 1", "uso": "Minero", "clase": "Licencia", "volumen": 64680.0, "area": 0.0, "modulo": 0.0, "usuario": "INVERSIONES AURÍFERAS UNION S.A.", "documento": "RUC: 20490959026", "fuentetipo": null, "fuente": "Acuífero INTERCUENCA MEDIO ALTO MADRE DE DIOS 46647 \/ Acuífero INTERCUENCA MEDIO ALTO MADRE DE DIOS 46647 \/ Acuífero INTERCUENCA MEDIO ALTO MADRE DE DIOS 46647 \/ Acuífero INTERCUENCA MEDIO ALTO MA", "volumenfue": null, "cur": 2.0190565045908083e+19, "organizaci": null, "bloquecodi": null, "bloquenomb": null, "coordenada": null, "departamen": null, "provincia": "Tambopata", "distrito": "Laberinto", "juntausuar": null, "comisionco": null, "fecharegis": null, "validado": "JUAN92_JS", "pozo": null, "codpozo": null, "numfila": 1, "datum": "WGS 84 (UTM)", "zona": 19, "este": 422812, "norte": 8597129, "unidadhidr": null, "areatotal": 0.0 }, "geometry": { "type": "Point", "coordinates": [ -69.710903980384018, -12.68919891987243 ] } },
{ "type": "Feature", "properties": { "aaa": "Madre de Dios", "ala": "Tahuamanu - Madre de Dios", "resolucion": "RD 0566-2019", "fecha": "29\/10\/2019", "archivo": "59-RD-0566-2019-03.pdf", "codlugarus": null, "lugaruso": "CONCESIÓN MINERA ABEL 2", "uso": "Minero", "clase": "Licencia", "volumen": 16170.0, "area": 0.0, "modulo": 0.0, "usuario": "INVERSIONES AURÍFERA UNIÓN S.A.", "documento": "RUC: 20490959026", "fuentetipo": null, "fuente": "Acuífero INTERCUENCA MEDIO ALTO MADRE DE DIOS 46647", "volumenfue": null, "cur": 2.0190566045908083e+19, "organizaci": null, "bloquecodi": null, "bloquenomb": null, "coordenada": null, "departamen": null, "provincia": "Tambopata", "distrito": "Laberinto", "juntausuar": null, "comisionco": null, "fecharegis": null, "validado": "JUAN92_JS", "pozo": null, "codpozo": null, "numfila": 1, "datum": "WGS 84 (UTM)", "zona": 19, "este": 422812, "norte": 8596129, "unidadhidr": null, "areatotal": 0.0 }, "geometry": { "type": "Point", "coordinates": [ -69.710929091828959, -12.698241146896383 ] } },
{ "type": "Feature", "properties": { "aaa": "Madre de Dios", "ala": "Tahuamanu - Madre de Dios", "resolucion": "RD 0573-2019", "fecha": "30\/10\/2019", "archivo": "59-RD-0573-2019-04.pdf", "codlugarus": null, "lugaruso": "ESTANQUE", "uso": "Acuícola", "clase": "Licencia", "volumen": 41040.0, "area": 0.0, "modulo": 0.0, "usuario": "VALENCIA AYMA, BEATRIZ", "documento": "DNI: 05070676", "fuentetipo": null, "fuente": "Manantial BEATRIZ", "volumenfue": null, "cur": 2.0190573045904093e+19, "organizaci": null, "bloquecodi": null, "bloquenomb": null, "coordenada": null, "departamen": null, "provincia": "Tambopata", "distrito": "Las Piedras", "juntausuar": null, "comisionco": null, "fecharegis": null, "validado": "JUAN92_JS", "pozo": null, "codpozo": null, "numfila": 1, "datum": "WGS 84 (UTM)", "zona": 19, "este": 486105, "norte": 8637021, "unidadhidr": null, "areatotal": 0.0 }, "geometry": { "type": "Point", "coordinates": [ -69.127799235897143, -12.32937483280814 ] } },
{ "type": "Feature", "properties": { "aaa": "Madre de Dios", "ala": "Tahuamanu - Madre de Dios", "resolucion": "RD 0574-2019", "fecha": "30\/10\/2019", "archivo": "59-RD-0574-2019-04.pdf", "codlugarus": null, "lugaruso": "ESTANQUE", "uso": "Acuícola", "clase": "Licencia", "volumen": 47418.08, "area": 0.0, "modulo": 0.0, "usuario": "ORTIZ CJANAHUIRE, DAVID BUENAVENTURA", "documento": "DNI: 05071379", "fuentetipo": null, "fuente": "Manantial DAVID", "volumenfue": null, "cur": 2.0190574045904146e+19, "organizaci": null, "bloquecodi": null, "bloquenomb": null, "coordenada": null, "departamen": null, "provincia": "Tahuamanu", "distrito": "Tahuamanu", "juntausuar": null, "comisionco": null, "fecharegis": null, "validado": "JUAN92_JS", "pozo": null, "codpozo": null, "numfila": 1, "datum": "WGS 84 (UTM)", "zona": 19, "este": 497003, "norte": 8686051, "unidadhidr": null, "areatotal": 0.0 }, "geometry": { "type": "Point", "coordinates": [ -69.02751949383395, -11.886009600426341 ] } },
{ "type": "Feature", "properties": { "aaa": "Madre de Dios", "ala": "Tahuamanu - Madre de Dios", "resolucion": "RD 0575-2019", "fecha": "30\/10\/2019", "archivo": "59-RD-0575-2019-04.pdf", "codlugarus": null, "lugaruso": "ESTANQUE", "uso": "Acuícola", "clase": "Licencia", "volumen": 17100.0, "area": 0.0, "modulo": 0.0, "usuario": "MEJÍA CHACÓN, RUPERTO", "documento": "DNI: 04960072", "fuentetipo": null, "fuente": "Filtración RUPERTO", "volumenfue": null, "cur": 2.0190575045904163e+19, "organizaci": null, "bloquecodi": null, "bloquenomb": null, "coordenada": null, "departamen": null, "provincia": "Manu", "distrito": "Manu", "juntausuar": null, "comisionco": null, "fecharegis": null, "validado": "JUAN92_JS", "pozo": null, "codpozo": null, "numfila": 1, "datum": "WGS 84 (UTM)", "zona": 19, "este": 245709, "norte": 8598511, "unidadhidr": null, "areatotal": 0.0 }, "geometry": { "type": "Point", "coordinates": [ -71.341290240876617, -12.667345623498791 ] } },
{ "type": "Feature", "properties": { "aaa": "Madre de Dios", "ala": "Tahuamanu - Madre de Dios", "resolucion": "RD 0576-2019", "fecha": "30\/10\/2019", "archivo": "59-RD-0576-2019-04.pdf", "codlugarus": null, "lugaruso": "ESTANQUE", "uso": "Acuícola", "clase": "Licencia", "volumen": 15390.0, "area": 0.0, "modulo": 0.0, "usuario": "CCAPA DAVILA, CESAR LUIS", "documento": "DNI: 04960522", "fuentetipo": null, "fuente": "Manantial CÉSAR LUIS", "volumenfue": null, "cur": 2.0190576045904171e+19, "organizaci": null, "bloquecodi": null, "bloquenomb": null, "coordenada": null, "departamen": null, "provincia": "Manu", "distrito": "Manu", "juntausuar": null, "comisionco": null, "fecharegis": null, "validado": "JUAN92_JS", "pozo": null, "codpozo": null, "numfila": 1, "datum": "WGS 84 (UTM)", "zona": 19, "este": 258361, "norte": 8602307, "unidadhidr": null, "areatotal": 0.0 }, "geometry": { "type": "Point", "coordinates": [ -71.224567771416687, -12.63404411091247 ] } },
{ "type": "Feature", "properties": { "aaa": "Madre de Dios", "ala": "Tahuamanu - Madre de Dios", "resolucion": "RD 0577-2019", "fecha": "30\/10\/2019", "archivo": "59-RD-0577-2019-04.pdf", "codlugarus": null, "lugaruso": "ESTANQUE", "uso": "Acuícola", "clase": "Licencia", "volumen": 27360.0, "area": 0.0, "modulo": 0.0, "usuario": "ESCOBAR GUTIERREZ, VALENTIN", "documento": "DNI: 04960741", "fuentetipo": null, "fuente": "Quebrada VALENTÍN", "volumenfue": null, "cur": 2.0190577045904146e+19, "organizaci": null, "bloquecodi": null, "bloquenomb": null, "coordenada": null, "departamen": null, "provincia": "Manu", "distrito": "Manu", "juntausuar": null, "comisionco": null, "fecharegis": null, "validado": "JUAN92_JS", "pozo": null, "codpozo": null, "numfila": 1, "datum": "WGS 84 (UTM)", "zona": 19, "este": 244300, "norte": 8579993, "unidadhidr": null, "areatotal": 0.0 }, "geometry": { "type": "Point", "coordinates": [ -71.355802628124636, -12.834545072810732 ] } },
{ "type": "Feature", "properties": { "aaa": "Madre de Dios", "ala": "Tahuamanu - Madre de Dios", "resolucion": "RD 0578-2019", "fecha": "30\/10\/2019", "archivo": "59-RD-0578-2019-04.pdf", "codlugarus": null, "lugaruso": "ESTANQUE", "uso": "Acuícola", "clase": "Licencia", "volumen": 27360.0, "area": 0.0, "modulo": 0.0, "usuario": "QUISPE GUTIERREZ, FLORENTINA", "documento": "DNI: 25131497", "fuentetipo": null, "fuente": "Quebrada MANSILLA", "volumenfue": null, "cur": 2.0190578045904093e+19, "organizaci": null, "bloquecodi": null, "bloquenomb": null, "coordenada": null, "departamen": null, "provincia": "Manu", "distrito": "Manu", "juntausuar": null, "comisionco": null, "fecharegis": null, "validado": "JUAN92_JS", "pozo": null, "codpozo": null, "numfila": 1, "datum": "WGS 84 (UTM)", "zona": 19, "este": 244320, "norte": 8589497, "unidadhidr": null, "areatotal": 0.0 }, "geometry": { "type": "Point", "coordinates": [ -71.354821710399023, -12.748676420255991 ] } },
{ "type": "Feature", "properties": { "aaa": "Madre de Dios", "ala": "Tahuamanu - Madre de Dios", "resolucion": "RD 0579-2019", "fecha": "30\/10\/2019", "archivo": "59-RD-0579-2019-04.pdf", "codlugarus": null, "lugaruso": "ESTANQUE", "uso": "Acuícola", "clase": "Licencia", "volumen": 32044.0, "area": 0.0, "modulo": 0.0, "usuario": "MUNICIPALIDAD PROVINCIAL DE MANU", "documento": "RUC: 20162281845", "fuentetipo": null, "fuente": "Manantial VILLA SALVACION", "volumenfue": null, "cur": 2.0190579045904114e+19, "organizaci": null, "bloquecodi": null, "bloquenomb": null, "coordenada": null, "departamen": null, "provincia": "Manu", "distrito": "Manu", "juntausuar": null, "comisionco": null, "fecharegis": null, "validado": "JUAN92_JS", "pozo": null, "codpozo": null, "numfila": 1, "datum": "WGS 84 (UTM)", "zona": 19, "este": 244416, "norte": 8579818, "unidadhidr": null, "areatotal": 0.0 }, "geometry": { "type": "Point", "coordinates": [ -71.354749257789436, -12.836135799668515 ] } },
{ "type": "Feature", "properties": { "aaa": "Madre de Dios", "ala": "Tahuamanu - Madre de Dios", "resolucion": "RD 0580-2019", "fecha": "30\/10\/2019", "archivo": "59-RD-0580-2019-04.pdf", "codlugarus": null, "lugaruso": "ESTANQUE", "uso": "Acuícola", "clase": "Licencia", "volumen": 28537.5, "area": 0.0, "modulo": 0.0, "usuario": "CHAMPI COAQUIRA, NEFTALI", "documento": "DNI: 46493790", "fuentetipo": null, "fuente": "Filtración TALAVERA LA REYNA", "volumenfue": null, "cur": 2.0190580045904171e+19, "organizaci": null, "bloquecodi": null, "bloquenomb": null, "coordenada": null, "departamen": null, "provincia": "Manu", "distrito": "Manu", "juntausuar": null, "comisionco": null, "fecharegis": null, "validado": "JUAN92_JS", "pozo": null, "codpozo": null, "numfila": 1, "datum": "WGS 84 (UTM)", "zona": 19, "este": 246507, "norte": 8598869, "unidadhidr": null, "areatotal": 0.0 }, "geometry": { "type": "Point", "coordinates": [ -71.333917802837775, -12.664175496160714 ] } },
{ "type": "Feature", "properties": { "aaa": "Madre de Dios", "ala": "Tahuamanu - Madre de Dios", "resolucion": "RD 0581-2019", "fecha": "30\/10\/2019", "archivo": "59-RD-0581-2019-04.pdf", "codlugarus": null, "lugaruso": "ESTANQUE", "uso": "Acuícola", "clase": "Licencia", "volumen": 67550.0, "area": 0.0, "modulo": 0.0, "usuario": "OCHOA TERAN, DANIEL", "documento": "DNI: 40284223", "fuentetipo": null, "fuente": "Filtración Ochoa", "volumenfue": null, "cur": 2.0190581045904171e+19, "organizaci": null, "bloquecodi": null, "bloquenomb": null, "coordenada": null, "departamen": null, "provincia": "Manu", "distrito": "Manu", "juntausuar": null, "comisionco": null, "fecharegis": null, "validado": "JUAN92_JS", "pozo": null, "codpozo": null, "numfila": 1, "datum": "WGS 84 (UTM)", "zona": 19, "este": 245024, "norte": 8579688, "unidadhidr": null, "areatotal": 0.0 }, "geometry": { "type": "Point", "coordinates": [ -71.349161852675891, -12.837360500024962 ] } },
{ "type": "Feature", "properties": { "aaa": "Madre de Dios", "ala": "Tahuamanu - Madre de Dios", "resolucion": "RD 0582-2019", "fecha": "30\/10\/2019", "archivo": "59-RD-0582-2019-04.pdf", "codlugarus": null, "lugaruso": "ESTANQUE", "uso": "Acuícola", "clase": "Licencia", "volumen": 71652.0, "area": 0.0, "modulo": 0.0, "usuario": "RODRIGUEZ ORTIZ, TORIBIO", "documento": "DNI: 04960488", "fuentetipo": null, "fuente": "Manantial MANSILLA", "volumenfue": null, "cur": 2.0190582045904179e+19, "organizaci": null, "bloquecodi": null, "bloquenomb": null, "coordenada": null, "departamen": null, "provincia": "Manu", "distrito": "Manu", "juntausuar": null, "comisionco": null, "fecharegis": null, "validado": "JUAN92_JS", "pozo": null, "codpozo": null, "numfila": 1, "datum": "WGS 84 (UTM)", "zona": 19, "este": 244990, "norte": 8589606, "unidadhidr": null, "areatotal": 0.0 }, "geometry": { "type": "Point", "coordinates": [ -71.348645557000282, -12.747746441658721 ] } },
{ "type": "Feature", "properties": { "aaa": "Madre de Dios", "ala": "Tahuamanu - Madre de Dios", "resolucion": "RD 0583-2019", "fecha": "30\/10\/2019", "archivo": "59-RD-0583-2019-04.pdf", "codlugarus": null, "lugaruso": "ESTANQUE", "uso": "Acuícola", "clase": "Licencia", "volumen": 101745.0, "area": 0.0, "modulo": 0.0, "usuario": "OJEDA QUISPE, LILIA LUZ", "documento": "DNI: 29658043", "fuentetipo": null, "fuente": "Filtración FUNDO ISLA DEL GRAN CAIMAN", "volumenfue": null, "cur": 2.0190583045904101e+19, "organizaci": null, "bloquecodi": null, "bloquenomb": null, "coordenada": null, "departamen": null, "provincia": "Tahuamanu", "distrito": "Tahuamanu", "juntausuar": null, "comisionco": null, "fecharegis": null, "validado": "JUAN92_JS", "pozo": null, "codpozo": null, "numfila": 1, "datum": "WGS 84 (UTM)", "zona": 19, "este": 487215, "norte": 8681202, "unidadhidr": null, "areatotal": 0.0 }, "geometry": { "type": "Point", "coordinates": [ -69.117415051787574, -11.929838121293953 ] } },
{ "type": "Feature", "properties": { "aaa": "Madre de Dios", "ala": "Tahuamanu - Madre de Dios", "resolucion": "RD 0584-2019", "fecha": "30\/10\/2019", "archivo": "59-RD-0584-2019-04.pdf", "codlugarus": null, "lugaruso": "ESTANQUE", "uso": "Acuícola", "clase": "Licencia", "volumen": 107609.18, "area": 0.0, "modulo": 0.0, "usuario": "CALLATA TICONA, GABINO", "documento": "DNI: 04801119", "fuentetipo": null, "fuente": "Quebrada HEBER", "volumenfue": null, "cur": 2.019058404590413e+19, "organizaci": null, "bloquecodi": null, "bloquenomb": null, "coordenada": null, "departamen": null, "provincia": "Tambopata", "distrito": "Las Piedras", "juntausuar": null, "comisionco": null, "fecharegis": null, "validado": "JUAN92_JS", "pozo": null, "codpozo": null, "numfila": 1, "datum": "WGS 84 (UTM)", "zona": 19, "este": 483574, "norte": 8675033, "unidadhidr": null, "areatotal": 0.0 }, "geometry": { "type": "Point", "coordinates": [ -69.150884155577771, -11.985610813311261 ] } },
{ "type": "Feature", "properties": { "aaa": "Madre de Dios", "ala": "Tahuamanu - Madre de Dios", "resolucion": "RD 0585-2019", "fecha": "30\/10\/2019", "archivo": "59-RD-0585-2019-04.pdf", "codlugarus": null, "lugaruso": "ESTANQUE", "uso": "Acuícola", "clase": "Licencia", "volumen": 59210.0, "area": 0.0, "modulo": 0.0, "usuario": "BERROCAL VELASQUEZ, ESTEBAN", "documento": "DNI: 05061781", "fuentetipo": null, "fuente": "Filtración FLOR DE ACRE", "volumenfue": null, "cur": 2.0190585045904089e+19, "organizaci": null, "bloquecodi": null, "bloquenomb": null, "coordenada": null, "departamen": null, "provincia": "Tahuamanu", "distrito": "Iberia", "juntausuar": null, "comisionco": null, "fecharegis": null, "validado": "JUAN92_JS", "pozo": null, "codpozo": null, "numfila": 1, "datum": "WGS 84 (UTM)", "zona": 19, "este": 436030, "norte": 8745740, "unidadhidr": null, "areatotal": 0.0 }, "geometry": { "type": "Point", "coordinates": [ -69.586254853047564, -11.345623423582799 ] } },
{ "type": "Feature", "properties": { "aaa": "Madre de Dios", "ala": "Tahuamanu - Madre de Dios", "resolucion": "RD 0586-2019", "fecha": "30\/10\/2019", "archivo": "59-RD-0586-2019-04.pdf", "codlugarus": null, "lugaruso": null, "uso": "Acuícola", "clase": "Licencia", "volumen": 41720.0, "area": 0.0, "modulo": 0.0, "usuario": "YATTO RIOS, GUILLERMO", "documento": "DNI: 04962978", "fuentetipo": null, "fuente": "Manantial MAGADALENA", "volumenfue": null, "cur": 2.0190586045904179e+19, "organizaci": null, "bloquecodi": null, "bloquenomb": null, "coordenada": null, "departamen": null, "provincia": "Tambopata", "distrito": "Las Piedras", "juntausuar": null, "comisionco": null, "fecharegis": null, "validado": "JUAN92_JS", "pozo": null, "codpozo": null, "numfila": 1, "datum": "WGS 84 (UTM)", "zona": 19, "este": 483549, "norte": 8670979, "unidadhidr": null, "areatotal": 0.0 }, "geometry": { "type": "Point", "coordinates": [ -69.151134226666088, -12.022272441096828 ] } },
{ "type": "Feature", "properties": { "aaa": "Madre de Dios", "ala": "Tahuamanu - Madre de Dios", "resolucion": "RD 0587-2019", "fecha": "30\/10\/2019", "archivo": "59-RD-0587-2019-04.pdf", "codlugarus": null, "lugaruso": "ESTANQUE", "uso": "Acuícola", "clase": "Licencia", "volumen": 30780.0, "area": 0.0, "modulo": 0.0, "usuario": "APAZA PANCCA, JORGE LUIS", "documento": "DNI: 40884229", "fuentetipo": null, "fuente": "Filtración JORGE LUIS", "volumenfue": null, "cur": 2.0190587045904085e+19, "organizaci": null, "bloquecodi": null, "bloquenomb": null, "coordenada": null, "departamen": null, "provincia": "Manu", "distrito": "Madre De Dios", "juntausuar": null, "comisionco": null, "fecharegis": null, "validado": "JUAN92_JS", "pozo": null, "codpozo": null, "numfila": 1, "datum": "WGS 84 (UTM)", "zona": 19, "este": 348164, "norte": 8589903, "unidadhidr": null, "areatotal": 0.0 }, "geometry": { "type": "Point", "coordinates": [ -70.398663600850611, -12.751794534344475 ] } },
{ "type": "Feature", "properties": { "aaa": "Madre de Dios", "ala": "Tahuamanu - Madre de Dios", "resolucion": "RD 0590-2019", "fecha": "30\/10\/2019", "archivo": "59-RD-0590-2019-04.pdf", "codlugarus": null, "lugaruso": "ESTANQUE", "uso": "Acuícola", "clase": "Licencia", "volumen": 48900.0, "area": 0.0, "modulo": 0.0, "usuario": "VILCA MAMANI, ALEJANDRO", "documento": "DNI: 04804299", "fuentetipo": null, "fuente": "Filtración LOS HIJOS DE ISRAEL", "volumenfue": null, "cur": 2.0190590045904183e+19, "organizaci": null, "bloquecodi": null, "bloquenomb": null, "coordenada": null, "departamen": null, "provincia": "Tambopata", "distrito": "Las Piedras", "juntausuar": null, "comisionco": null, "fecharegis": null, "validado": "JUAN92_JS", "pozo": null, "codpozo": null, "numfila": 1, "datum": "WGS 84 (UTM)", "zona": 19, "este": 480391, "norte": 8635728, "unidadhidr": null, "areatotal": 0.0 }, "geometry": { "type": "Point", "coordinates": [ -69.180361581463814, -12.341037919341979 ] } },
{ "type": "Feature", "properties": { "aaa": "Madre de Dios", "ala": "Tahuamanu - Madre de Dios", "resolucion": "RD 0591-2019", "fecha": "30\/10\/2019", "archivo": "59-RD-0591-2019-04.pdf", "codlugarus": null, "lugaruso": "ESTANQUE", "uso": "Acuícola", "clase": "Licencia", "volumen": 48900.0, "area": 0.0, "modulo": 0.0, "usuario": "CHAMBILLA CHAMBILLA, SIMON", "documento": "DNI: 04805292", "fuentetipo": null, "fuente": "Filtración CHAMBILLA", "volumenfue": null, "cur": 2.0190591045904179e+19, "organizaci": null, "bloquecodi": null, "bloquenomb": null, "coordenada": null, "departamen": null, "provincia": "Tambopata", "distrito": "Las Piedras", "juntausuar": null, "comisionco": null, "fecharegis": null, "validado": "JUAN92_JS", "pozo": null, "codpozo": null, "numfila": 1, "datum": "WGS 84 (UTM)", "zona": 19, "este": 488278, "norte": 8615993, "unidadhidr": null, "areatotal": 0.0 }, "geometry": { "type": "Point", "coordinates": [ -69.107891456700642, -12.519541606688826 ] } },
{ "type": "Feature", "properties": { "aaa": "Madre de Dios", "ala": "Tahuamanu - Madre de Dios", "resolucion": "RD 0592-2019", "fecha": "30\/10\/2019", "archivo": "59-RD-0592-2019-04.pdf", "codlugarus": null, "lugaruso": "ESTANQUE", "uso": "Acuícola", "clase": "Licencia", "volumen": 23940.0, "area": 0.0, "modulo": 0.0, "usuario": "LAYME QUISPE, CLAUDIA", "documento": "DNI: 21990966", "fuentetipo": null, "fuente": "Filtración CLAUDIA", "volumenfue": null, "cur": 2.0190592045904126e+19, "organizaci": null, "bloquecodi": null, "bloquenomb": null, "coordenada": null, "departamen": null, "provincia": "Manu", "distrito": "Madre De Dios", "juntausuar": null, "comisionco": null, "fecharegis": null, "validado": "JUAN92_JS", "pozo": null, "codpozo": null, "numfila": 1, "datum": "WGS 84 (UTM)", "zona": 19, "este": 349316, "norte": 8603570, "unidadhidr": null, "areatotal": 0.0 }, "geometry": { "type": "Point", "coordinates": [ -70.387384270031603, -12.628297195777797 ] } },
{ "type": "Feature", "properties": { "aaa": "Madre de Dios", "ala": "Tahuamanu - Madre de Dios", "resolucion": "RD 0593-2019", "fecha": "30\/10\/2019", "archivo": "59-RD-0593-2019-04.pdf", "codlugarus": null, "lugaruso": "ESTANQUE", "uso": "Acuícola", "clase": "Licencia", "volumen": 20520.0, "area": 0.0, "modulo": 0.0, "usuario": "CAJCHAYA CHAMBI, PAULINA", "documento": "DNI: 04961375", "fuentetipo": null, "fuente": "Manantial SANTA BÁRBARA", "volumenfue": null, "cur": 2.0190593045904105e+19, "organizaci": null, "bloquecodi": null, "bloquenomb": null, "coordenada": null, "departamen": null, "provincia": "Manu", "distrito": "Madre De Dios", "juntausuar": null, "comisionco": null, "fecharegis": null, "validado": "JUAN92_JS", "pozo": null, "codpozo": null, "numfila": 1, "datum": "WGS 84 (UTM)", "zona": 19, "este": 346502, "norte": 8593298, "unidadhidr": null, "areatotal": 0.0 }, "geometry": { "type": "Point", "coordinates": [ -70.413800011342843, -12.721021882267395 ] } },
{ "type": "Feature", "properties": { "aaa": "Madre de Dios", "ala": "Tahuamanu - Madre de Dios", "resolucion": "RD 0594-2019", "fecha": "30\/10\/2019", "archivo": "59-RD-0594-2019-04.pdf", "codlugarus": null, "lugaruso": "ESTANQUE", "uso": "Acuícola", "clase": "Licencia", "volumen": 60310.0, "area": 0.0, "modulo": 0.0, "usuario": "PERDOMO DE VILLAFUERTE, BERENISA AMASIFUEN", "documento": "DNI: 04813619", "fuentetipo": null, "fuente": "Filtración OSHIN", "volumenfue": null, "cur": 2.0190594045904163e+19, "organizaci": null, "bloquecodi": null, "bloquenomb": null, "coordenada": null, "departamen": null, "provincia": "Tambopata", "distrito": "Tambopata", "juntausuar": null, "comisionco": null, "fecharegis": null, "validado": "JUAN92_JS", "pozo": null, "codpozo": null, "numfila": 1, "datum": "WGS 84 (UTM)", "zona": 19, "este": 477264, "norte": 8616771, "unidadhidr": null, "areatotal": 0.0 }, "geometry": { "type": "Point", "coordinates": [ -69.209260322930277, -12.512446406562859 ] } },
{ "type": "Feature", "properties": { "aaa": "Madre de Dios", "ala": "Tahuamanu - Madre de Dios", "resolucion": "RD 0595-2019", "fecha": "30\/10\/2019", "archivo": "59-RD-0595-2019-04.pdf", "codlugarus": null, "lugaruso": "ESTANQUE", "uso": "Acuícola", "clase": "Licencia", "volumen": 39600.0, "area": 0.0, "modulo": 0.0, "usuario": "AMASIFUEN PERDOMO, ROBINSON", "documento": "DNI: 04819705", "fuentetipo": null, "fuente": "Filtración CECILIA I", "volumenfue": null, "cur": 2.0190595045904163e+19, "organizaci": null, "bloquecodi": null, "bloquenomb": null, "coordenada": null, "departamen": null, "provincia": "Tambopata", "distrito": "Tambopata", "juntausuar": null, "comisionco": null, "fecharegis": null, "validado": "JUAN92_JS", "pozo": null, "codpozo": null, "numfila": 1, "datum": "WGS 84 (UTM)", "zona": 19, "este": 477115, "norte": 8616990, "unidadhidr": null, "areatotal": 0.0 }, "geometry": { "type": "Point", "coordinates": [ -69.210630095260683, -12.510464922321512 ] } },
{ "type": "Feature", "properties": { "aaa": "Madre de Dios", "ala": "Tahuamanu - Madre de Dios", "resolucion": "RD 0596-2019", "fecha": "30\/10\/2019", "archivo": "59-RD-0596-2019-04.pdf", "codlugarus": null, "lugaruso": "ESTANQUE", "uso": "Acuícola", "clase": "Licencia", "volumen": 44010.0, "area": 0.0, "modulo": 0.0, "usuario": "HALANOCCA TTITO, VALENTIN", "documento": "DNI: 04810933", "fuentetipo": null, "fuente": "Filtración SAN VALENTIN", "volumenfue": null, "cur": 2.0190596045904163e+19, "organizaci": null, "bloquecodi": null, "bloquenomb": null, "coordenada": null, "departamen": null, "provincia": "Tambopata", "distrito": "Tambopata", "juntausuar": null, "comisionco": null, "fecharegis": null, "validado": "JUAN92_JS", "pozo": null, "codpozo": null, "numfila": 1, "datum": "WGS 84 (UTM)", "zona": 19, "este": 460292, "norte": 8606171, "unidadhidr": null, "areatotal": 0.0 }, "geometry": { "type": "Point", "coordinates": [ -69.365602877036821, -12.608133662025601 ] } },
{ "type": "Feature", "properties": { "aaa": "Madre de Dios", "ala": "Tahuamanu - Madre de Dios", "resolucion": "RD 0597-2019", "fecha": "30\/10\/2019", "archivo": "59-RD-0597-2019-04.pdf", "codlugarus": null, "lugaruso": "ESTANQUE", "uso": "Acuícola", "clase": "Licencia", "volumen": 32000.0, "area": 0.0, "modulo": 0.0, "usuario": "QUISPE QUIRITA, VALENTIN", "documento": "DNI: 04804649", "fuentetipo": null, "fuente": "Filtración SANTA ISABEL", "volumenfue": null, "cur": 2.0190597045904159e+19, "organizaci": null, "bloquecodi": null, "bloquenomb": null, "coordenada": null, "departamen": null, "provincia": "Tambopata", "distrito": "Las Piedras", "juntausuar": null, "comisionco": null, "fecharegis": null, "validado": "JUAN92_JS", "pozo": null, "codpozo": null, "numfila": 1, "datum": "WGS 84 (UTM)", "zona": 19, "este": 485573, "norte": 8609142, "unidadhidr": null, "areatotal": 0.0 }, "geometry": { "type": "Point", "coordinates": [ -69.132820499083365, -12.581484060799356 ] } },
{ "type": "Feature", "properties": { "aaa": "Madre de Dios", "ala": "Tahuamanu - Madre de Dios", "resolucion": "RD 0598-2019", "fecha": "30\/10\/2019", "archivo": "59-RD-0598-2019-04.pdf", "codlugarus": null, "lugaruso": "ESTANQUE", "uso": "Acuícola", "clase": "Licencia", "volumen": 15840.0, "area": 0.0, "modulo": 0.0, "usuario": "QUINTQANA LAUPA, ALBERTO", "documento": "DNI: 10770662", "fuentetipo": null, "fuente": "Filtración SAN JUAN", "volumenfue": null, "cur": 2.0190598045904183e+19, "organizaci": null, "bloquecodi": null, "bloquenomb": null, "coordenada": null, "departamen": null, "provincia": "Tambopata", "distrito": "Tambopata", "juntausuar": null, "comisionco": null, "fecharegis": null, "validado": "JUAN92_JS", "pozo": null, "codpozo": null, "numfila": 1, "datum": "WGS 84 (UTM)", "zona": 19, "este": 487545, "norte": 8599092, "unidadhidr": null, "areatotal": 0.0 }, "geometry": { "type": "Point", "coordinates": [ -69.11470603012684, -12.672374141954849 ] } },
{ "type": "Feature", "properties": { "aaa": "Madre de Dios", "ala": "Tahuamanu - Madre de Dios", "resolucion": "RD 0599-2019", "fecha": "30\/10\/2019", "archivo": "59-RD-0599-2019-04.pdf", "codlugarus": null, "lugaruso": "ESTANQUE", "uso": "Acuícola", "clase": "Licencia", "volumen": 29700.0, "area": 0.0, "modulo": 0.0, "usuario": "HUACHO HOYOS, EMILIO", "documento": "DNI: 31021554", "fuentetipo": null, "fuente": "Filtración EL AGUAJAL", "volumenfue": null, "cur": 2.0190599045904183e+19, "organizaci": null, "bloquecodi": null, "bloquenomb": null, "coordenada": null, "departamen": null, "provincia": "Tambopata", "distrito": "Tambopata", "juntausuar": null, "comisionco": null, "fecharegis": null, "validado": "JUAN92_JS", "pozo": null, "codpozo": null, "numfila": 1, "datum": "WGS 84 (UTM)", "zona": 19, "este": 455769, "norte": 8595643, "unidadhidr": null, "areatotal": 0.0 }, "geometry": { "type": "Point", "coordinates": [ -69.407397733601499, -12.703275238989715 ] } },
{ "type": "Feature", "properties": { "aaa": "Madre de Dios", "ala": "Tahuamanu - Madre de Dios", "resolucion": "RD 0600-2019", "fecha": "30\/10\/2019", "archivo": "59-RD-0600-2019-04.pdf", "codlugarus": null, "lugaruso": "ESTANQUE", "uso": "Acuícola", "clase": "Licencia", "volumen": 19800.0, "area": 0.0, "modulo": 0.0, "usuario": "CAVIEDES MASIAS, EUSTAQUIO", "documento": "DNI: 04824877", "fuentetipo": null, "fuente": "Filtración EUSTAQUIO CAVIEDES", "volumenfue": null, "cur": 2.0190600045904183e+19, "organizaci": null, "bloquecodi": null, "bloquenomb": null, "coordenada": null, "departamen": null, "provincia": "Tambopata", "distrito": "Tambopata", "juntausuar": null, "comisionco": null, "fecharegis": null, "validado": "JUAN92_JS", "pozo": null, "codpozo": null, "numfila": 1, "datum": "WGS 84 (UTM)", "zona": 19, "este": 481021, "norte": 8598044, "unidadhidr": null, "areatotal": 0.0 }, "geometry": { "type": "Point", "coordinates": [ -69.17479600175669, -12.681818400847048 ] } },
{ "type": "Feature", "properties": { "aaa": "Madre de Dios", "ala": "Tahuamanu - Madre de Dios", "resolucion": "RD 0601-2019", "fecha": "30\/10\/2019", "archivo": "59-RD-0601-2019-04.pdf", "codlugarus": null, "lugaruso": "ESTANQUE", "uso": "Acuícola", "clase": "Licencia", "volumen": 38400.0, "area": 0.0, "modulo": 0.0, "usuario": "SANCHEZ CRUZ, FELIX", "documento": "DNI: 04806964", "fuentetipo": null, "fuente": "Manantial LAS PALMERAS", "volumenfue": null, "cur": 2.0190601045904183e+19, "organizaci": null, "bloquecodi": null, "bloquenomb": null, "coordenada": null, "departamen": null, "provincia": "Tambopata", "distrito": "Tambopata", "juntausuar": null, "comisionco": null, "fecharegis": null, "validado": "JUAN92_JS", "pozo": null, "codpozo": null, "numfila": 1, "datum": "WGS 84 (UTM)", "zona": 19, "este": 463765, "norte": 8596903, "unidadhidr": null, "areatotal": 0.0 }, "geometry": { "type": "Point", "coordinates": [ -69.333735226299183, -12.691984188278658 ] } },
{ "type": "Feature", "properties": { "aaa": "Madre de Dios", "ala": "Tahuamanu - Madre de Dios", "resolucion": "RD 0602-2019", "fecha": "30\/10\/2019", "archivo": "59-RD-0602-2019-04.pdf", "codlugarus": null, "lugaruso": "ESTANQUE", "uso": "Acuícola", "clase": "Licencia", "volumen": 88200.0, "area": 0.0, "modulo": 0.0, "usuario": "BAEZ HINOJOSA, FLORENCIO", "documento": "DNI: 04800043", "fuentetipo": null, "fuente": "Manantial FLORENCIO BAEZ", "volumenfue": null, "cur": 2.0190602045904183e+19, "organizaci": null, "bloquecodi": null, "bloquenomb": null, "coordenada": null, "departamen": null, "provincia": "Tambopata", "distrito": "Tambopata", "juntausuar": null, "comisionco": null, "fecharegis": null, "validado": "JUAN92_JS", "pozo": null, "codpozo": null, "numfila": 1, "datum": "WGS 84 (UTM)", "zona": 19, "este": 470717, "norte": 8606224, "unidadhidr": null, "areatotal": 0.0 }, "geometry": { "type": "Point", "coordinates": [ -69.269617308033204, -12.607768460645243 ] } },
{ "type": "Feature", "properties": { "aaa": "Madre de Dios", "ala": "Tahuamanu - Madre de Dios", "resolucion": "RD 0603-2019", "fecha": "30\/10\/2019", "archivo": "59-RD-0603-2019-04.pdf", "codlugarus": null, "lugaruso": "ESTANQUE", "uso": "Acuícola", "clase": "Licencia", "volumen": 23040.0, "area": 0.0, "modulo": 0.0, "usuario": "VELASQUEZ BRAVO, GERONIMO FRANCISCO", "documento": "DNI: 04806558", "fuentetipo": null, "fuente": "Manantial ANCAHUASI", "volumenfue": null, "cur": 2.0190603045904183e+19, "organizaci": null, "bloquecodi": null, "bloquenomb": null, "coordenada": null, "departamen": null, "provincia": "Tambopata", "distrito": "Las Piedras", "juntausuar": null, "comisionco": null, "fecharegis": null, "validado": "JUAN92_JS", "pozo": null, "codpozo": null, "numfila": 1, "datum": "WGS 84 (UTM)", "zona": 19, "este": 484699, "norte": 8623771, "unidadhidr": null, "areatotal": 0.0 }, "geometry": { "type": "Point", "coordinates": [ -69.140795143743446, -12.449189605026563 ] } },
{ "type": "Feature", "properties": { "aaa": "Madre de Dios", "ala": "Tahuamanu - Madre de Dios", "resolucion": "RD 0604-2019", "fecha": "30\/10\/2019", "archivo": "59-RD-0604-2019-04.pdf", "codlugarus": null, "lugaruso": "ESTANQUE", "uso": "Acuícola", "clase": "Licencia", "volumen": 331200.0, "area": 0.0, "modulo": 0.0, "usuario": "VALENCIA CARVALLO, JORGE AUGUSTO", "documento": "DNI: 42021709", "fuentetipo": null, "fuente": "Manantial JORGE VALENCIA", "volumenfue": null, "cur": 2.0190604045904183e+19, "organizaci": null, "bloquecodi": null, "bloquenomb": null, "coordenada": null, "departamen": null, "provincia": "Tahuamanu", "distrito": "Iberia", "juntausuar": null, "comisionco": null, "fecharegis": null, "validado": "JUAN92_JS", "pozo": null, "codpozo": null, "numfila": 1, "datum": "WGS 84 (UTM)", "zona": 19, "este": 456336, "norte": 8738774, "unidadhidr": null, "areatotal": 0.0 }, "geometry": { "type": "Point", "coordinates": [ -69.400251823004339, -11.408931829258659 ] } },
{ "type": "Feature", "properties": { "aaa": "Madre de Dios", "ala": "Tahuamanu - Madre de Dios", "resolucion": "RD 0605-2019", "fecha": "30\/10\/2019", "archivo": "59-RD-0605-2019-04.pdf", "codlugarus": null, "lugaruso": "ESTANQUE", "uso": "Acuícola", "clase": "Licencia", "volumen": 39600.0, "area": 0.0, "modulo": 0.0, "usuario": "SANCHEZ CRUZ, ODEON CIRILO", "documento": "DNI: 04824940", "fuentetipo": null, "fuente": "Filtración CIRILO SANCHEZ", "volumenfue": null, "cur": 2.0190605045904183e+19, "organizaci": null, "bloquecodi": null, "bloquenomb": null, "coordenada": null, "departamen": null, "provincia": "Tambopata", "distrito": "Tambopata", "juntausuar": null, "comisionco": null, "fecharegis": null, "validado": "JUAN92_JS", "pozo": null, "codpozo": null, "numfila": 1, "datum": "WGS 84 (UTM)", "zona": 19, "este": 464673, "norte": 8597247, "unidadhidr": null, "areatotal": 0.0 }, "geometry": { "type": "Point", "coordinates": [ -69.325368417165222, -12.688883847340474 ] } },
{ "type": "Feature", "properties": { "aaa": "Madre de Dios", "ala": "Tahuamanu - Madre de Dios", "resolucion": "RD 0606-2019", "fecha": "30\/10\/2019", "archivo": "59-RD-0606-2019-04.pdf", "codlugarus": null, "lugaruso": "ESTANQUE", "uso": "Acuícola", "clase": "Licencia", "volumen": 11520.0, "area": 0.0, "modulo": 0.0, "usuario": "NAVIO CHUMPISUCA, VIRGILIO", "documento": "DNI: 04963459", "fuentetipo": null, "fuente": "Manantial VIRGILIO NAVIO 1", "volumenfue": null, "cur": 2.0190606045904183e+19, "organizaci": null, "bloquecodi": null, "bloquenomb": null, "coordenada": null, "departamen": null, "provincia": "Tambopata", "distrito": "Tambopata", "juntausuar": null, "comisionco": null, "fecharegis": null, "validado": "JUAN92_JS", "pozo": null, "codpozo": null, "numfila": 1, "datum": "WGS 84 (UTM)", "zona": 19, "este": 456790, "norte": 8591554, "unidadhidr": null, "areatotal": 0.0 }, "geometry": { "type": "Point", "coordinates": [ -69.39805140770477, -12.74026506295723 ] } },
{ "type": "Feature", "properties": { "aaa": "Madre de Dios", "ala": "Tahuamanu - Madre de Dios", "resolucion": "RD 0607-2019", "fecha": "30\/10\/2019", "archivo": "59-RD-0607-2019-04.pdf", "codlugarus": null, "lugaruso": "ESTANQUE", "uso": "Acuícola", "clase": "Licencia", "volumen": 19800.0, "area": 0.0, "modulo": 0.0, "usuario": "SORIA NAVARRETE, APOLINAR", "documento": "DNI: 04827655", "fuentetipo": null, "fuente": "Manantial LA LUZ", "volumenfue": null, "cur": 2.0190607045904171e+19, "organizaci": null, "bloquecodi": null, "bloquenomb": null, "coordenada": null, "departamen": null, "provincia": "Tambopata", "distrito": "Laberinto", "juntausuar": null, "comisionco": null, "fecharegis": null, "validado": "JUAN92_JS", "pozo": null, "codpozo": null, "numfila": 1, "datum": "WGS 84 (UTM)", "zona": 19, "este": 439635, "norte": 8594724, "unidadhidr": null, "areatotal": 0.0 }, "geometry": { "type": "Point", "coordinates": [ -69.556016705590224, -12.71131556111883 ] } },
{ "type": "Feature", "properties": { "aaa": "Madre de Dios", "ala": "Tahuamanu - Madre de Dios", "resolucion": "RD 0619-2019", "fecha": "07\/11\/2019", "archivo": "59-RD-0619-2019-05.pdf", "codlugarus": null, "lugaruso": "VIVIENDA FAMILIAR", "uso": "Doméstico - Poblacional", "clase": "Licencia", "volumen": 946.07, "area": 0.0, "modulo": 0.0, "usuario": "MERIDA ONEYDA, ROLIN MARIN", "documento": "DNI: 46945449", "fuentetipo": null, "fuente": "Acuífero INTERCUENCA MEDIO MADRE DE DIOS 46645", "volumenfue": null, "cur": 2.019061904590209e+19, "organizaci": null, "bloquecodi": null, "bloquenomb": null, "coordenada": null, "departamen": null, "provincia": "Tambopata", "distrito": "Las Piedras", "juntausuar": null, "comisionco": null, "fecharegis": null, "validado": "JUAN92_JS", "pozo": null, "codpozo": null, "numfila": 1, "datum": "WGS 84 (UTM)", "zona": 19, "este": 480548, "norte": 8609824, "unidadhidr": null, "areatotal": 0.0 }, "geometry": { "type": "Point", "coordinates": [ -69.179078165793101, -12.575289819515037 ] } },
{ "type": "Feature", "properties": { "aaa": "Madre de Dios", "ala": "Tahuamanu - Madre de Dios", "resolucion": "RD 0620-2019", "fecha": "07\/11\/2019", "archivo": "59-RD-0620-2019-05.pdf", "codlugarus": null, "lugaruso": "VIVIENDA FAMILIAR", "uso": "Doméstico - Poblacional", "clase": "Licencia", "volumen": 946.07, "area": 0.0, "modulo": 0.0, "usuario": "TAPARA HUAYLLANI, LOURDES", "documento": "DNI: 41603847", "fuentetipo": null, "fuente": "Acuífero INTERCUENCA MEDIO MADRE DE DIOS 46645", "volumenfue": null, "cur": 2.019062004590209e+19, "organizaci": null, "bloquecodi": null, "bloquenomb": null, "coordenada": null, "departamen": null, "provincia": "Tambopata", "distrito": "Las Piedras", "juntausuar": null, "comisionco": null, "fecharegis": null, "validado": "JUAN92_JS", "pozo": null, "codpozo": null, "numfila": 1, "datum": "WGS 84 (UTM)", "zona": 19, "este": 480582, "norte": 8609827, "unidadhidr": null, "areatotal": 0.0 }, "geometry": { "type": "Point", "coordinates": [ -69.178765138765087, -12.575262899667736 ] } },
{ "type": "Feature", "properties": { "aaa": "Madre de Dios", "ala": "Tahuamanu - Madre de Dios", "resolucion": "RD 0621-2019", "fecha": "07\/11\/2019", "archivo": "59-RD-0621-2019-05.pdf", "codlugarus": null, "lugaruso": "VIVIENDA RURAL FAMILIAR", "uso": "Doméstico - Poblacional", "clase": "Licencia", "volumen": 599.19, "area": 0.0, "modulo": 0.0, "usuario": "CURASCO CUSIYUPANQUI, MARIO", "documento": "DNI: 04820105", "fuentetipo": null, "fuente": "Acuífero INTERCUENCA MEDIO MADRE DE DIOS 46645", "volumenfue": null, "cur": 2.0190621045902086e+19, "organizaci": null, "bloquecodi": null, "bloquenomb": null, "coordenada": null, "departamen": null, "provincia": "Tambopata", "distrito": "Las Piedras", "juntausuar": null, "comisionco": null, "fecharegis": null, "validado": "JUAN92_JS", "pozo": null, "codpozo": null, "numfila": 1, "datum": "WGS 84 (UTM)", "zona": 19, "este": 480824, "norte": 8609991, "unidadhidr": null, "areatotal": 0.0 }, "geometry": { "type": "Point", "coordinates": [ -69.176536243699232, -12.573781330756049 ] } },
{ "type": "Feature", "properties": { "aaa": "Madre de Dios", "ala": "Tahuamanu - Madre de Dios", "resolucion": "RD 0622-2019", "fecha": "08\/11\/2019", "archivo": "59-RD-0622-2019-05.pdf", "codlugarus": null, "lugaruso": "VIVIENDA RUSTICA", "uso": "Doméstico - Poblacional", "clase": "Licencia", "volumen": 883.06, "area": 0.0, "modulo": 0.0, "usuario": "CASTAÑEDA FASANANDO, ALFREDO", "documento": "DNI: 04802083", "fuentetipo": null, "fuente": "Quebrada TARAPOTO", "volumenfue": null, "cur": 2.0190622045902086e+19, "organizaci": null, "bloquecodi": null, "bloquenomb": null, "coordenada": null, "departamen": null, "provincia": "Tambopata", "distrito": "Las Piedras", "juntausuar": null, "comisionco": null, "fecharegis": null, "validado": "JUAN92_JS", "pozo": null, "codpozo": null, "numfila": 1, "datum": "WGS 84 (UTM)", "zona": 19, "este": 487167, "norte": 8662217, "unidadhidr": null, "areatotal": 0.0 }, "geometry": { "type": "Point", "coordinates": [ -69.117930583534957, -12.101526076790941 ] } },
{ "type": "Feature", "properties": { "aaa": "Madre de Dios", "ala": "Tahuamanu - Madre de Dios", "resolucion": "RD 0638-2019", "fecha": "18\/11\/2019", "archivo": "59-RD-0638-2019-04.pdf", "codlugarus": null, "lugaruso": "ESTANQUE", "uso": "Acuícola", "clase": "Licencia", "volumen": 72730.0, "area": 0.0, "modulo": 0.0, "usuario": "VILLARRUEL TORREZ, JOSE HONORATO", "documento": "DNI: 04801513", "fuentetipo": null, "fuente": "Filtración VILLA PAN", "volumenfue": null, "cur": 2.0190638045904093e+19, "organizaci": null, "bloquecodi": null, "bloquenomb": null, "coordenada": null, "departamen": null, "provincia": "Tambopata", "distrito": "Tambopata", "juntausuar": null, "comisionco": null, "fecharegis": null, "validado": "JUAN92_JS", "pozo": null, "codpozo": null, "numfila": 1, "datum": "WGS 84 (UTM)", "zona": 19, "este": 481272, "norte": 8614761, "unidadhidr": null, "areatotal": 0.0 }, "geometry": { "type": "Point", "coordinates": [ -69.172383209123296, -12.530648992971333 ] } },
{ "type": "Feature", "properties": { "aaa": "Madre de Dios", "ala": "Tahuamanu - Madre de Dios", "resolucion": "RD 0639-2019", "fecha": "18\/11\/2019", "archivo": "59-RD-0639-2019-04.pdf", "codlugarus": null, "lugaruso": "ESTANQUE", "uso": "Acuícola", "clase": "Licencia", "volumen": 40700.0, "area": 0.0, "modulo": 0.0, "usuario": "NISHIDA TANAKA, ROBERT", "documento": "DNI: 05061072", "fuentetipo": null, "fuente": "Manantial NISHIDA", "volumenfue": null, "cur": 2.0190639045904093e+19, "organizaci": null, "bloquecodi": null, "bloquenomb": null, "coordenada": null, "departamen": null, "provincia": "Tambopata", "distrito": "Tambopata", "juntausuar": null, "comisionco": null, "fecharegis": null, "validado": "JUAN92_JS", "pozo": null, "codpozo": null, "numfila": 1, "datum": "WGS 84 (UTM)", "zona": 19, "este": 461254, "norte": 8601587, "unidadhidr": null, "areatotal": 0.0 }, "geometry": { "type": "Point", "coordinates": [ -69.356803055652847, -12.649597804102017 ] } },
{ "type": "Feature", "properties": { "aaa": "Madre de Dios", "ala": "Tahuamanu - Madre de Dios", "resolucion": "RD 0648-2019", "fecha": "19\/11\/2019", "archivo": "59-RD-0648-2019-04.pdf", "codlugarus": null, "lugaruso": "LAGO", "uso": "Acuícola", "clase": "Licencia", "volumen": 193968.0, "area": 0.0, "modulo": 0.0, "usuario": "ASOCIACIÓN DE PESCADORES ARTESANALES ECOLÓGICOS DEL LAGO VALENCIA", "documento": "RUC: 20526898304", "fuentetipo": null, "fuente": "Lago VALENCIA", "volumenfue": null, "cur": 2.0190648045904126e+19, "organizaci": null, "bloquecodi": null, "bloquenomb": null, "coordenada": null, "departamen": null, "provincia": "Tambopata", "distrito": "Tambopata", "juntausuar": null, "comisionco": null, "fecharegis": null, "validado": "JUAN92_JS", "pozo": null, "codpozo": null, "numfila": 1, "datum": "WGS 84 (UTM)", "zona": 19, "este": 519966, "norte": 8626816, "unidadhidr": null, "areatotal": 0.0 }, "geometry": { "type": "Point", "coordinates": [ -68.816298428165013, -12.42162774991753 ] } },
{ "type": "Feature", "properties": { "aaa": "Madre de Dios", "ala": "Tahuamanu - Madre de Dios", "resolucion": "RD 0649-2019", "fecha": "19\/11\/2019", "archivo": "59-RD-0649-2019-04.pdf", "codlugarus": null, "lugaruso": "ESTANQUE", "uso": "Acuícola", "clase": "Licencia", "volumen": 8820.0, "area": 0.0, "modulo": 0.0, "usuario": "HUICAPA CACERES, GLORIA", "documento": "DNI: 80155051", "fuentetipo": null, "fuente": "Filtración GLORIA", "volumenfue": null, "cur": 2.0190649045904101e+19, "organizaci": null, "bloquecodi": null, "bloquenomb": null, "coordenada": null, "departamen": null, "provincia": "Manu", "distrito": "Madre De Dios", "juntausuar": null, "comisionco": null, "fecharegis": null, "validado": "JUAN92_JS", "pozo": null, "codpozo": null, "numfila": 1, "datum": "WGS 84 (UTM)", "zona": 19, "este": 348129, "norte": 8598656, "unidadhidr": null, "areatotal": 0.0 }, "geometry": { "type": "Point", "coordinates": [ -70.398552851399387, -12.672663926316551 ] } },
{ "type": "Feature", "properties": { "aaa": "Madre de Dios", "ala": "Tahuamanu - Madre de Dios", "resolucion": "RD 0681-2019", "fecha": "29\/11\/2019", "archivo": "59-RD-0681-2019-05.pdf", "codlugarus": null, "lugaruso": "VIVIENDA FAMILIAR", "uso": "Doméstico - Poblacional", "clase": "Licencia", "volumen": 473.07, "area": 0.0, "modulo": 0.0, "usuario": "TERESA SALAZAR FERNANDEZ VDA DE MORENO", "documento": "DNI: 04811155", "fuentetipo": null, "fuente": "Acuífero INTERCUENCA MEDIO BAJO MADRE DE DIOS  46643", "volumenfue": null, "cur": 2.0190681045902164e+19, "organizaci": null, "bloquecodi": null, "bloquenomb": null, "coordenada": null, "departamen": null, "provincia": "Tambopata", "distrito": "Las Piedras", "juntausuar": null, "comisionco": null, "fecharegis": null, "validado": "JUAN92_JS", "pozo": null, "codpozo": null, "numfila": 1, "datum": "WGS 84 (UTM)", "zona": 19, "este": 483719, "norte": 8632642, "unidadhidr": null, "areatotal": 0.0 }, "geometry": { "type": "Point", "coordinates": [ -69.149766933303013, -12.368963529011248 ] } },
{ "type": "Feature", "properties": { "aaa": "Madre de Dios", "ala": "Tahuamanu - Madre de Dios", "resolucion": "RD 0691-2019", "fecha": "29\/11\/2019", "archivo": "59-RD-0691-2019-04.pdf", "codlugarus": null, "lugaruso": "ESTANQUE", "uso": "Acuícola", "clase": "Licencia", "volumen": 35150.0, "area": 0.0, "modulo": 0.0, "usuario": "INSTITUTO DE EDUCACIÓN SUPERIOR TECNOLÓGICO PUBLICO MANU-SALVACIÓN", "documento": "RUC: 20357905274", "fuentetipo": null, "fuente": "Quebrada INSTITUTO", "volumenfue": null, "cur": 2.0190691045904114e+19, "organizaci": null, "bloquecodi": null, "bloquenomb": null, "coordenada": null, "departamen": null, "provincia": "Manu", "distrito": "Manu", "juntausuar": null, "comisionco": null, "fecharegis": null, "validado": "JUAN92_JS", "pozo": null, "codpozo": null, "numfila": 1, "datum": "WGS 84 (UTM)", "zona": 19, "este": 243056, "norte": 8580505, "unidadhidr": null, "areatotal": 0.0 }, "geometry": { "type": "Point", "coordinates": [ -71.367213637543088, -12.829816151828629 ] } },
{ "type": "Feature", "properties": { "aaa": "Madre de Dios", "ala": "Tahuamanu - Madre de Dios", "resolucion": "RD 0695-2019", "fecha": "29\/11\/2019", "archivo": "59-RD-0695-2019-04.pdf", "codlugarus": null, "lugaruso": "ESTANQUE", "uso": "Acuícola", "clase": "Licencia", "volumen": 34200.0, "area": 0.0, "modulo": 0.0, "usuario": "ALTAMIRANO RIVAS, DAVID HERNAN", "documento": "DNI: 04827839", "fuentetipo": null, "fuente": "Filtración DAVID HERNÁN", "volumenfue": null, "cur": 2.0190695045904122e+19, "organizaci": null, "bloquecodi": null, "bloquenomb": null, "coordenada": null, "departamen": null, "provincia": "Tambopata", "distrito": "Tambopata", "juntausuar": null, "comisionco": null, "fecharegis": null, "validado": "JUAN92_JS", "pozo": null, "codpozo": null, "numfila": 1, "datum": "WGS 84 (UTM)", "zona": 19, "este": 478391, "norte": 8617309, "unidadhidr": null, "areatotal": 0.0 }, "geometry": { "type": "Point", "coordinates": [ -69.198883827059987, -12.507589138801206 ] } },
{ "type": "Feature", "properties": { "aaa": "Madre de Dios", "ala": "Tahuamanu - Madre de Dios", "resolucion": "RD 0698-2019", "fecha": "29\/11\/2019", "archivo": "59-RD-0698-2019-04.pdf", "codlugarus": null, "lugaruso": "ESTANQUE", "uso": "Acuícola", "clase": "Licencia", "volumen": 17100.0, "area": 0.0, "modulo": 0.0, "usuario": "CASTRO TANANTA, ROBINSON", "documento": "DNI: 04816662", "fuentetipo": null, "fuente": "Quebrada LIBERTAD", "volumenfue": null, "cur": 2.0190698045904179e+19, "organizaci": null, "bloquecodi": null, "bloquenomb": null, "coordenada": null, "departamen": null, "provincia": "Tambopata", "distrito": "Tambopata", "juntausuar": null, "comisionco": null, "fecharegis": null, "validado": "JUAN92_JS", "pozo": null, "codpozo": null, "numfila": 1, "datum": "WGS 84 (UTM)", "zona": 19, "este": 483752, "norte": 8605775, "unidadhidr": null, "areatotal": 0.0 }, "geometry": { "type": "Point", "coordinates": [ -69.149602937509414, -12.611922873973999 ] } },
{ "type": "Feature", "properties": { "aaa": "Madre de Dios", "ala": "Tahuamanu - Madre de Dios", "resolucion": "RD 0699-2019", "fecha": "29\/11\/2019", "archivo": "59-RD-0699-2019-04.pdf", "codlugarus": null, "lugaruso": "ESTANQUE", "uso": "Acuícola", "clase": "Licencia", "volumen": 18522.0, "area": 0.0, "modulo": 0.0, "usuario": "COMUNIDAD NATIVA DEL PILAR", "documento": "RUC: 20489969492", "fuentetipo": null, "fuente": "Manantial EL PILAR", "volumenfue": null, "cur": 2.0190699045904183e+19, "organizaci": null, "bloquecodi": null, "bloquenomb": null, "coordenada": null, "departamen": null, "provincia": "Tambopata", "distrito": "Tambopata", "juntausuar": null, "comisionco": null, "fecharegis": null, "validado": "JUAN92_JS", "pozo": null, "codpozo": null, "numfila": 1, "datum": "WGS 84 (UTM)", "zona": 19, "este": 470570, "norte": 8610320, "unidadhidr": null, "areatotal": 0.0 }, "geometry": { "type": "Point", "coordinates": [ -69.270931900956199, -12.570727388316802 ] } },
{ "type": "Feature", "properties": { "aaa": "Madre de Dios", "ala": "Tahuamanu - Madre de Dios", "resolucion": "RD 0700-2019", "fecha": "29\/11\/2019", "archivo": "59-RD-0700-2019-04.pdf", "codlugarus": null, "lugaruso": "ESTANQUE", "uso": "Acuícola", "clase": "Licencia", "volumen": 17100.0, "area": 0.0, "modulo": 0.0, "usuario": "COMUNIDAD NATIVA DE BELGICA", "documento": "RUC: 20527160121", "fuentetipo": null, "fuente": "Manantial Ilzon", "volumenfue": null, "cur": 2.0190700045904179e+19, "organizaci": null, "bloquecodi": null, "bloquenomb": null, "coordenada": null, "departamen": null, "provincia": "Tahuamanu", "distrito": "Iñapari", "juntausuar": null, "comisionco": null, "fecharegis": null, "validado": "JUAN92_JS", "pozo": null, "codpozo": null, "numfila": 1, "datum": "WGS 84 (UTM)", "zona": 19, "este": 419754, "norte": 8786665, "unidadhidr": null, "areatotal": 0.0 }, "geometry": { "type": "Point", "coordinates": [ -69.734478445169685, -10.975198064410369 ] } },
{ "type": "Feature", "properties": { "aaa": "Madre de Dios", "ala": "Tahuamanu - Madre de Dios", "resolucion": "RD 0710-2019", "fecha": "06\/12\/2019", "archivo": "59-RD-0710-2019-04.pdf", "codlugarus": null, "lugaruso": "VIVIENDA FAMILIAR", "uso": "Doméstico - Poblacional", "clase": "Licencia", "volumen": 599.19, "area": 0.0, "modulo": 0.0, "usuario": "PACA MACHACA, OBDULIA ISABEL", "documento": "DNI: 04823649", "fuentetipo": null, "fuente": "Acuífero TAMBOPATA (46644)", "volumenfue": null, "cur": 2.0190710045902152e+19, "organizaci": null, "bloquecodi": null, "bloquenomb": null, "coordenada": null, "departamen": null, "provincia": "Tambopata", "distrito": "Laberinto", "juntausuar": null, "comisionco": null, "fecharegis": null, "validado": "JUAN92_JS", "pozo": null, "codpozo": null, "numfila": 1, "datum": "WGS 84 (UTM)", "zona": 19, "este": 452037, "norte": 8595574, "unidadhidr": null, "areatotal": 0.0 }, "geometry": { "type": "Point", "coordinates": [ -69.441772390980859, -12.703844187745183 ] } },
{ "type": "Feature", "properties": { "aaa": "Madre de Dios", "ala": "Tahuamanu - Madre de Dios", "resolucion": "RD 0711-2019", "fecha": "06\/12\/2019", "archivo": "59-RD-0711-2019-04.pdf", "codlugarus": null, "lugaruso": "VIVIENDA FAMILIAR", "uso": "Doméstico - Poblacional", "clase": "Licencia", "volumen": 599.19, "area": 0.0, "modulo": 0.0, "usuario": "ZAMATA FLORES, MARISOL", "documento": "DNI: 46516214", "fuentetipo": null, "fuente": "Acuífero TAMBOPATA (46644)", "volumenfue": null, "cur": 2.0190711045902152e+19, "organizaci": null, "bloquecodi": null, "bloquenomb": null, "coordenada": null, "departamen": null, "provincia": "Tambopata", "distrito": "Laberinto", "juntausuar": null, "comisionco": null, "fecharegis": null, "validado": "JUAN92_JS", "pozo": null, "codpozo": null, "numfila": 1, "datum": "WGS 84 (UTM)", "zona": 19, "este": 451575, "norte": 8595397, "unidadhidr": null, "areatotal": 0.0 }, "geometry": { "type": "Point", "coordinates": [ -69.446030431334734, -12.705437617794585 ] } },
{ "type": "Feature", "properties": { "aaa": "Madre de Dios", "ala": "Tahuamanu - Madre de Dios", "resolucion": "RD 0712-2019", "fecha": "06\/12\/2019", "archivo": "59-RD-0712-2019-04.pdf", "codlugarus": null, "lugaruso": "VIVIENDA FAMILIAR", "uso": "Doméstico - Poblacional", "clase": "Licencia", "volumen": 473.07, "area": 0.0, "modulo": 0.0, "usuario": "SEBASTIAN PUMA CHECCO", "documento": "DNI: 04807016", "fuentetipo": null, "fuente": "Acuífero TAMBOPATA (46644)", "volumenfue": null, "cur": 2.0190712045902152e+19, "organizaci": null, "bloquecodi": null, "bloquenomb": null, "coordenada": null, "departamen": null, "provincia": "Tambopata", "distrito": "Laberinto", "juntausuar": null, "comisionco": null, "fecharegis": null, "validado": "JUAN92_JS", "pozo": null, "codpozo": null, "numfila": 1, "datum": "WGS 84 (UTM)", "zona": 19, "este": 452835, "norte": 8595686, "unidadhidr": null, "areatotal": 0.0 }, "geometry": { "type": "Point", "coordinates": [ -69.434420689026211, -12.702843543902269 ] } },
{ "type": "Feature", "properties": { "aaa": "Madre de Dios", "ala": "Tahuamanu - Madre de Dios", "resolucion": "RD 0716-2019", "fecha": "13\/12\/2019", "archivo": "59-RD-0716-2019-04.pdf", "codlugarus": null, "lugaruso": "ESTANQUE", "uso": "Acuícola", "clase": "Licencia", "volumen": 47880.0, "area": 0.0, "modulo": 0.0, "usuario": "ALTAMIRANO RIVAS, DAVID HERNAN", "documento": "DNI: 04827839", "fuentetipo": null, "fuente": "Filtración DAVID HERNÁN II", "volumenfue": null, "cur": 2.0190716045904191e+19, "organizaci": null, "bloquecodi": null, "bloquenomb": null, "coordenada": null, "departamen": null, "provincia": "Tambopata", "distrito": "Tambopata", "juntausuar": null, "comisionco": null, "fecharegis": null, "validado": "JUAN92_JS", "pozo": null, "codpozo": null, "numfila": 1, "datum": "WGS 84 (UTM)", "zona": 19, "este": 478255, "norte": 8617266, "unidadhidr": null, "areatotal": 0.0 }, "geometry": { "type": "Point", "coordinates": [ -69.2001358310645, -12.507977060238149 ] } },
{ "type": "Feature", "properties": { "aaa": "Madre de Dios", "ala": "Tahuamanu - Madre de Dios", "resolucion": "RD 0717-2019", "fecha": "13\/12\/2019", "archivo": "59-RD-0717-2019-04.pdf", "codlugarus": null, "lugaruso": "ESTANQUE", "uso": "Acuícola", "clase": "Licencia", "volumen": 23508.19, "area": 0.0, "modulo": 0.0, "usuario": "GARCIA MOZOMBITE, EDILBERTO", "documento": "DNI: 04812081", "fuentetipo": null, "fuente": "Manantial GARCIA 01", "volumenfue": null, "cur": 2.0190717045904191e+19, "organizaci": null, "bloquecodi": null, "bloquenomb": null, "coordenada": null, "departamen": null, "provincia": "Tambopata", "distrito": "Tambopata", "juntausuar": null, "comisionco": null, "fecharegis": null, "validado": "JUAN92_JS", "pozo": null, "codpozo": null, "numfila": 1, "datum": "WGS 84 (UTM)", "zona": 19, "este": 475610, "norte": 8601101, "unidadhidr": null, "areatotal": 0.0 }, "geometry": { "type": "Point", "coordinates": [ -69.224606700381031, -12.654136888591937 ] } },
{ "type": "Feature", "properties": { "aaa": "Madre de Dios", "ala": "Tahuamanu - Madre de Dios", "resolucion": "RD 0718-2019", "fecha": "13\/12\/2019", "archivo": "59-RD-0718-2019-04.pdf", "codlugarus": null, "lugaruso": "ESTANQUE", "uso": "Acuícola", "clase": "Licencia", "volumen": 7335.0, "area": 0.0, "modulo": 0.0, "usuario": "OLARTE VELASQUE, FLORENCIO", "documento": "DNI: 04827426", "fuentetipo": null, "fuente": "Manantial OLARTE 01", "volumenfue": null, "cur": 2.0190718045904191e+19, "organizaci": null, "bloquecodi": null, "bloquenomb": null, "coordenada": null, "departamen": null, "provincia": "Tambopata", "distrito": "Laberinto", "juntausuar": null, "comisionco": null, "fecharegis": null, "validado": "JUAN92_JS", "pozo": null, "codpozo": null, "numfila": 1, "datum": "WGS 84 (UTM)", "zona": 19, "este": 429901, "norte": 8589474, "unidadhidr": null, "areatotal": 0.0 }, "geometry": { "type": "Point", "coordinates": [ -69.645792147522315, -12.75858464117826 ] } },
{ "type": "Feature", "properties": { "aaa": "Madre de Dios", "ala": "Tahuamanu - Madre de Dios", "resolucion": "RD 0719-2019", "fecha": "13\/12\/2019", "archivo": "59-RD-0719-2019-04.pdf", "codlugarus": null, "lugaruso": "ESTANQUE", "uso": "Acuícola", "clase": "Licencia", "volumen": 44400.0, "area": 0.0, "modulo": 0.0, "usuario": "LOPEZ VERA, EDELVINA", "documento": "DNI: 04805373", "fuentetipo": null, "fuente": "Filtración SANTA ROSA 01", "volumenfue": null, "cur": 2.0190719045904196e+19, "organizaci": null, "bloquecodi": null, "bloquenomb": null, "coordenada": null, "departamen": null, "provincia": "Tambopata", "distrito": "Tambopata", "juntausuar": null, "comisionco": null, "fecharegis": null, "validado": "JUAN92_JS", "pozo": null, "codpozo": null, "numfila": 1, "datum": "WGS 84 (UTM)", "zona": 19, "este": 477259, "norte": 8616092, "unidadhidr": null, "areatotal": 0.0 }, "geometry": { "type": "Point", "coordinates": [ -69.209311289742288, -12.518586558943589 ] } },
{ "type": "Feature", "properties": { "aaa": "Madre de Dios", "ala": "Tahuamanu - Madre de Dios", "resolucion": "RD 0725-2019", "fecha": "13\/12\/2019", "archivo": "59-RD-0725-2019-04.pdf", "codlugarus": null, "lugaruso": "ESTANQUE YABAR", "uso": "Acuícola", "clase": "Licencia", "volumen": 37490.0, "area": 0.0, "modulo": 0.0, "usuario": "YABAR IKEDA, JUSTO MARIO", "documento": "DNI: 04820606", "fuentetipo": null, "fuente": "Filtración CIRCULO 01", "volumenfue": null, "cur": 2.0190725045904151e+19, "organizaci": null, "bloquecodi": null, "bloquenomb": null, "coordenada": null, "departamen": null, "provincia": "Tambopata", "distrito": "Tambopata", "juntausuar": null, "comisionco": null, "fecharegis": null, "validado": "JUAN92_JS", "pozo": null, "codpozo": null, "numfila": 1, "datum": "WGS 84 (UTM)", "zona": 19, "este": 482882, "norte": 8606899, "unidadhidr": null, "areatotal": 0.0 }, "geometry": { "type": "Point", "coordinates": [ -69.157607200323028, -12.601753990737183 ] } },
{ "type": "Feature", "properties": { "aaa": "Madre de Dios", "ala": "Tahuamanu - Madre de Dios", "resolucion": "RD 0729-2019", "fecha": "13\/12\/2019", "archivo": "59-RD-0729-2019-04.pdf", "codlugarus": null, "lugaruso": "ESTANQUE", "uso": "Acuícola", "clase": "Licencia", "volumen": 53667.0, "area": 0.0, "modulo": 0.0, "usuario": "COLLAZOS SANCHEZ, LORENZO", "documento": "DNI: 04804894", "fuentetipo": null, "fuente": "Filtración COLLAZOS", "volumenfue": null, "cur": 2.0190729045904085e+19, "organizaci": null, "bloquecodi": null, "bloquenomb": null, "coordenada": null, "departamen": null, "provincia": "Tambopata", "distrito": "Tambopata", "juntausuar": null, "comisionco": null, "fecharegis": null, "validado": "JUAN92_JS", "pozo": null, "codpozo": null, "numfila": 1, "datum": "WGS 84 (UTM)", "zona": 19, "este": 481494, "norte": 8614255, "unidadhidr": null, "areatotal": 0.0 }, "geometry": { "type": "Point", "coordinates": [ -69.17034280550638, -12.535226051530552 ] } },
{ "type": "Feature", "properties": { "aaa": "Madre de Dios", "ala": "Tahuamanu - Madre de Dios", "resolucion": "RD 0730-2019", "fecha": "13\/12\/2019", "archivo": "59-RD-0730-2019-04.pdf", "codlugarus": null, "lugaruso": "ESTANQUE", "uso": "Acuícola", "clase": "Licencia", "volumen": 5387.5, "area": 0.0, "modulo": 0.0, "usuario": "RAMOS PILLACA, JUSTINO", "documento": "DNI: 09592832", "fuentetipo": null, "fuente": "Filtración RAMOS", "volumenfue": null, "cur": 2.0190730045904085e+19, "organizaci": null, "bloquecodi": null, "bloquenomb": null, "coordenada": null, "departamen": null, "provincia": "Tambopata", "distrito": "Laberinto", "juntausuar": null, "comisionco": null, "fecharegis": null, "validado": "JUAN92_JS", "pozo": null, "codpozo": null, "numfila": 1, "datum": "WGS 84 (UTM)", "zona": 19, "este": 446842, "norte": 8593601, "unidadhidr": null, "areatotal": 0.0 }, "geometry": { "type": "Point", "coordinates": [ -69.489654941306739, -12.721601233936015 ] } },
{ "type": "Feature", "properties": { "aaa": "Madre de Dios", "ala": "Tahuamanu - Madre de Dios", "resolucion": "RD 0731-2019", "fecha": "16\/12\/2019", "archivo": "59-RD-0731-2019-04.pdf", "codlugarus": null, "lugaruso": "ESTANQUE", "uso": "Acuícola", "clase": "Licencia", "volumen": 15085.0, "area": 0.0, "modulo": 0.0, "usuario": "DIAZ DA SILVA, MARIA DEL CARMEN", "documento": "DNI: 04812937", "fuentetipo": null, "fuente": "Filtración DIAZ", "volumenfue": null, "cur": 2.0190731045904089e+19, "organizaci": null, "bloquecodi": null, "bloquenomb": null, "coordenada": null, "departamen": null, "provincia": "Tambopata", "distrito": "Las Piedras", "juntausuar": null, "comisionco": null, "fecharegis": null, "validado": "JUAN92_JS", "pozo": null, "codpozo": null, "numfila": 1, "datum": "WGS 84 (UTM)", "zona": 19, "este": 479720, "norte": 8633735, "unidadhidr": null, "areatotal": 0.0 }, "geometry": { "type": "Point", "coordinates": [ -69.186546113929396, -12.359056684756212 ] } },
{ "type": "Feature", "properties": { "aaa": "Madre de Dios", "ala": "Tahuamanu - Madre de Dios", "resolucion": "RD 0732-2019", "fecha": "16\/12\/2019", "archivo": "59-RD-0732-2019-04.pdf", "codlugarus": null, "lugaruso": "ESTANQUE", "uso": "Acuícola", "clase": "Licencia", "volumen": 6734.38, "area": 0.0, "modulo": 0.0, "usuario": "YUPANQUI QUISPE, GREGORIO", "documento": "DNI: 04803296", "fuentetipo": null, "fuente": "Filtración YUPANQUI", "volumenfue": null, "cur": 2.0190732045904089e+19, "organizaci": null, "bloquecodi": null, "bloquenomb": null, "coordenada": null, "departamen": null, "provincia": "Tambopata", "distrito": "Las Piedras", "juntausuar": null, "comisionco": null, "fecharegis": null, "validado": "JUAN92_JS", "pozo": null, "codpozo": null, "numfila": 1, "datum": "WGS 84 (UTM)", "zona": 19, "este": 489023, "norte": 8614205, "unidadhidr": null, "areatotal": 0.0 }, "geometry": { "type": "Point", "coordinates": [ -69.101040641764499, -12.535713198791303 ] } },
{ "type": "Feature", "properties": { "aaa": "Madre de Dios", "ala": "Tahuamanu - Madre de Dios", "resolucion": "RD 0733-2019", "fecha": "16\/12\/2019", "archivo": "59-RD-0733-2019-04.pdf", "codlugarus": null, "lugaruso": "ESTANQUE", "uso": "Acuícola", "clase": "Licencia", "volumen": 16300.0, "area": 0.0, "modulo": 0.0, "usuario": "QUISPE TTUPA, GROVER", "documento": "DNI: 48299919", "fuentetipo": null, "fuente": "Filtración TTUPA 1", "volumenfue": null, "cur": 2.0190733045904085e+19, "organizaci": null, "bloquecodi": null, "bloquenomb": null, "coordenada": null, "departamen": null, "provincia": "Tambopata", "distrito": "Las Piedras", "juntausuar": null, "comisionco": null, "fecharegis": null, "validado": "JUAN92_JS", "pozo": null, "codpozo": null, "numfila": 1, "datum": "WGS 84 (UTM)", "zona": 19, "este": 485215, "norte": 8658864, "unidadhidr": null, "areatotal": 0.0 }, "geometry": { "type": "Point", "coordinates": [ -69.13588405669212, -12.131840017052706 ] } },
{ "type": "Feature", "properties": { "aaa": "Madre de Dios", "ala": "Tahuamanu - Madre de Dios", "resolucion": "RD 0737-2019", "fecha": "16\/12\/2019", "archivo": "59-RD-0737-2019-04.pdf", "codlugarus": null, "lugaruso": "ESTANQUE", "uso": "Acuícola", "clase": "Licencia", "volumen": 117090.0, "area": 0.0, "modulo": 0.0, "usuario": "ATAHUACHI MAMANI, EUGENIO", "documento": "DNI: 23843872", "fuentetipo": null, "fuente": "Manantial CARACHAMAYOC", "volumenfue": null, "cur": 2.0190737045904212e+19, "organizaci": null, "bloquecodi": null, "bloquenomb": null, "coordenada": null, "departamen": null, "provincia": "Tambopata", "distrito": "Tambopata", "juntausuar": null, "comisionco": null, "fecharegis": null, "validado": "JUAN92_JS", "pozo": null, "codpozo": null, "numfila": 1, "datum": "WGS 84 (UTM)", "zona": 19, "este": 479591, "norte": 8614936, "unidadhidr": null, "areatotal": 0.0 }, "geometry": { "type": "Point", "coordinates": [ -69.187854891524566, -12.529056101677071 ] } },
{ "type": "Feature", "properties": { "aaa": "Madre de Dios", "ala": "Tahuamanu - Madre de Dios", "resolucion": "RD 0738-2019", "fecha": "16\/12\/2019", "archivo": "59-RD-0738-2019-04.pdf", "codlugarus": null, "lugaruso": "ESTANQUE", "uso": "Acuícola", "clase": "Licencia", "volumen": 1062600.0, "area": 0.0, "modulo": 0.0, "usuario": "MOCHCCO MUÑOZ, OLGER JACINTO", "documento": "DNI: 28806840", "fuentetipo": null, "fuente": "Filtración MOCHCCO", "volumenfue": null, "cur": 2.0190738045904216e+19, "organizaci": null, "bloquecodi": null, "bloquenomb": null, "coordenada": null, "departamen": null, "provincia": "Tambopata", "distrito": "Tambopata", "juntausuar": null, "comisionco": null, "fecharegis": null, "validado": "JUAN92_JS", "pozo": null, "codpozo": null, "numfila": 1, "datum": "WGS 84 (UTM)", "zona": 19, "este": 478435, "norte": 8617132, "unidadhidr": null, "areatotal": 0.0 }, "geometry": { "type": "Point", "coordinates": [ -69.198480086019217, -12.509190048238127 ] } },
{ "type": "Feature", "properties": { "aaa": "Madre de Dios", "ala": "Tahuamanu - Madre de Dios", "resolucion": "RD 0739-2019", "fecha": "16\/12\/2019", "archivo": "59-RD-0739-2019-04.pdf", "codlugarus": null, "lugaruso": "ESTANQUE", "uso": "Acuícola", "clase": "Licencia", "volumen": 38400.0, "area": 0.0, "modulo": 0.0, "usuario": "MAMANI PAMPAMALLCO, GINA MILAGROS", "documento": "DNI: 70006016", "fuentetipo": null, "fuente": "Quebrada CHILINA", "volumenfue": null, "cur": 2.0190739045904212e+19, "organizaci": null, "bloquecodi": null, "bloquenomb": null, "coordenada": null, "departamen": null, "provincia": "Tahuamanu", "distrito": "Iberia", "juntausuar": null, "comisionco": null, "fecharegis": null, "validado": "JUAN92_JS", "pozo": null, "codpozo": null, "numfila": 1, "datum": "WGS 84 (UTM)", "zona": 19, "este": 439151, "norte": 8763927, "unidadhidr": null, "areatotal": 0.0 }, "geometry": { "type": "Point", "coordinates": [ -69.557336654049919, -11.181206224910875 ] } },
{ "type": "Feature", "properties": { "aaa": "Madre de Dios", "ala": "Tahuamanu - Madre de Dios", "resolucion": "RD 0740-2019", "fecha": "16\/12\/2019", "archivo": "59-RD-0740-2019-04.pdf", "codlugarus": null, "lugaruso": "ESTANQUE", "uso": "Acuícola", "clase": "Licencia", "volumen": 28560.0, "area": 0.0, "modulo": 0.0, "usuario": "HERBERT LOBON ZEGARRA", "documento": "DNI: 04817679", "fuentetipo": null, "fuente": "Manantial LA HABANA", "volumenfue": null, "cur": 2.0190740045904212e+19, "organizaci": null, "bloquecodi": null, "bloquenomb": null, "coordenada": null, "departamen": null, "provincia": "Tambopata", "distrito": "Tambopata", "juntausuar": null, "comisionco": null, "fecharegis": null, "validado": "JUAN92_JS", "pozo": null, "codpozo": null, "numfila": 1, "datum": "WGS 84 (UTM)", "zona": 19, "este": 480360, "norte": 8601166, "unidadhidr": null, "areatotal": 0.0 }, "geometry": { "type": "Point", "coordinates": [ -69.180863865806742, -12.653582394905099 ] } },
{ "type": "Feature", "properties": { "aaa": "Madre de Dios", "ala": "Tahuamanu - Madre de Dios", "resolucion": "RD 0741-2019", "fecha": "16\/12\/2019", "archivo": "59-RD-0741-2019-04.pdf", "codlugarus": null, "lugaruso": "ESTANQUE", "uso": "Acuícola", "clase": "Licencia", "volumen": 9384.0, "area": 0.0, "modulo": 0.0, "usuario": "QUIÑONES QUISPE, HIPOLITO", "documento": "DNI: 04812903", "fuentetipo": null, "fuente": "Manantial TUPAC AMARU", "volumenfue": null, "cur": 2.0190741045904216e+19, "organizaci": null, "bloquecodi": null, "bloquenomb": null, "coordenada": null, "departamen": null, "provincia": "Tambopata", "distrito": "Tambopata", "juntausuar": null, "comisionco": null, "fecharegis": null, "validado": "JUAN92_JS", "pozo": null, "codpozo": null, "numfila": 1, "datum": "WGS 84 (UTM)", "zona": 19, "este": 464857, "norte": 8607515, "unidadhidr": null, "areatotal": 0.0 }, "geometry": { "type": "Point", "coordinates": [ -69.323556875371892, -12.596034272498555 ] } },
{ "type": "Feature", "properties": { "aaa": "Madre de Dios", "ala": "Tahuamanu - Madre de Dios", "resolucion": "RD 0742-2019", "fecha": "16\/12\/2019", "archivo": "59-RD-0742-2019-04.pdf", "codlugarus": null, "lugaruso": "ESTANQUE", "uso": "Acuícola", "clase": "Licencia", "volumen": 18600.0, "area": 0.0, "modulo": 0.0, "usuario": "HUAMAN FLORES, JUAN", "documento": "DNI: 04801319", "fuentetipo": null, "fuente": "Quebrada GABILANCILLO", "volumenfue": null, "cur": 2.0190742045904155e+19, "organizaci": null, "bloquecodi": null, "bloquenomb": null, "coordenada": null, "departamen": null, "provincia": "Tambopata", "distrito": "Las Piedras", "juntausuar": null, "comisionco": null, "fecharegis": null, "validado": "JUAN92_JS", "pozo": null, "codpozo": null, "numfila": 1, "datum": "WGS 84 (UTM)", "zona": 19, "este": 482331, "norte": 8623965, "unidadhidr": null, "areatotal": 0.0 }, "geometry": { "type": "Point", "coordinates": [ -69.162583609475575, -12.447423030559813 ] } },
{ "type": "Feature", "properties": { "aaa": "Madre de Dios", "ala": "Tahuamanu - Madre de Dios", "resolucion": "RD 0743-2019", "fecha": "16\/12\/2019", "archivo": "59-RD-0743-2019-04.pdf", "codlugarus": null, "lugaruso": "ESTANQUE", "uso": "Acuícola", "clase": "Licencia", "volumen": 37200.0, "area": 0.0, "modulo": 0.0, "usuario": "HUAMAN CCOPA, SABINO", "documento": "DNI: 04801564", "fuentetipo": null, "fuente": "Río DE LAS PIEDRAS", "volumenfue": null, "cur": 2.0190743045904183e+19, "organizaci": null, "bloquecodi": null, "bloquenomb": null, "coordenada": null, "departamen": null, "provincia": "Tambopata", "distrito": "Las Piedras", "juntausuar": null, "comisionco": null, "fecharegis": null, "validado": "JUAN92_JS", "pozo": null, "codpozo": null, "numfila": 1, "datum": "WGS 84 (UTM)", "zona": 19, "este": 470862, "norte": 8638298, "unidadhidr": null, "areatotal": 0.0 }, "geometry": { "type": "Point", "coordinates": [ -69.267984180416789, -12.317725160494549 ] } },
{ "type": "Feature", "properties": { "aaa": "Madre de Dios", "ala": "Tahuamanu - Madre de Dios", "resolucion": "RD 0744-2019", "fecha": "16\/12\/2019", "archivo": "59-RD-0744-2019-04.pdf", "codlugarus": null, "lugaruso": "ESTANQUE", "uso": "Acuícola", "clase": "Licencia", "volumen": 39120.0, "area": 0.0, "modulo": 0.0, "usuario": "COMUNIDAD NATIVA SAN JACINTA", "documento": "RUC: 20288021881", "fuentetipo": null, "fuente": "Quebrada AGUAS NEGRAS", "volumenfue": null, "cur": 2.0190744045904196e+19, "organizaci": null, "bloquecodi": null, "bloquenomb": null, "coordenada": null, "departamen": null, "provincia": "Tambopata", "distrito": "Tambopata", "juntausuar": null, "comisionco": null, "fecharegis": null, "validado": "JUAN92_JS", "pozo": null, "codpozo": null, "numfila": 1, "datum": "WGS 84 (UTM)", "zona": 19, "este": 458501, "norte": 8606650, "unidadhidr": null, "areatotal": 0.0 }, "geometry": { "type": "Point", "coordinates": [ -69.382086453898737, -12.603779101097503 ] } },
{ "type": "Feature", "properties": { "aaa": "Madre de Dios", "ala": "Tahuamanu - Madre de Dios", "resolucion": "RD 0745-2019", "fecha": "16\/12\/2019", "archivo": "59-RD-0745-2019-04.pdf", "codlugarus": null, "lugaruso": "ESTANQUE", "uso": "Acuícola", "clase": "Licencia", "volumen": 29340.0, "area": 0.0, "modulo": 0.0, "usuario": "MARIA DEL ROSARIO DEL CARPIO SAMANEZ", "documento": "DNI: 04801692", "fuentetipo": null, "fuente": "Manantial ROSARIO 1", "volumenfue": null, "cur": 2.0190745045904196e+19, "organizaci": null, "bloquecodi": null, "bloquenomb": null, "coordenada": null, "departamen": null, "provincia": "Tambopata", "distrito": "Tambopata", "juntausuar": null, "comisionco": null, "fecharegis": null, "validado": "JUAN92_JS", "pozo": null, "codpozo": null, "numfila": 1, "datum": "WGS 84 (UTM)", "zona": 19, "este": 477451, "norte": 8603200, "unidadhidr": null, "areatotal": 0.0 }, "geometry": { "type": "Point", "coordinates": [ -69.207637739751902, -12.63516959676951 ] } },
{ "type": "Feature", "properties": { "aaa": "Madre de Dios", "ala": "Tahuamanu - Madre de Dios", "resolucion": "RD 0746-2019", "fecha": "16\/12\/2019", "archivo": "59-RD-0746-2019-04.pdf", "codlugarus": null, "lugaruso": "ESTANQUE", "uso": "Acuícola", "clase": "Licencia", "volumen": 77850.0, "area": 0.0, "modulo": 0.0, "usuario": "OSORIO PORTOCARRERO, NORMA LUZ", "documento": "DNI: 04800786", "fuentetipo": null, "fuente": "Quebrada INGRATA", "volumenfue": null, "cur": 2.0190746045904191e+19, "organizaci": null, "bloquecodi": null, "bloquenomb": null, "coordenada": null, "departamen": null, "provincia": "Tambopata", "distrito": "Las Piedras", "juntausuar": null, "comisionco": null, "fecharegis": null, "validado": "JUAN92_JS", "pozo": null, "codpozo": null, "numfila": 1, "datum": "WGS 84 (UTM)", "zona": 19, "este": 486697, "norte": 8617294, "unidadhidr": null, "areatotal": 0.0 }, "geometry": { "type": "Point", "coordinates": [ -69.122437706811795, -12.507770397481698 ] } },
{ "type": "Feature", "properties": { "aaa": "Madre de Dios", "ala": "Tahuamanu - Madre de Dios", "resolucion": "RD 0750-2019", "fecha": "18\/12\/2019", "archivo": "59-RD-0750-2019-04.pdf", "codlugarus": null, "lugaruso": "ESTANQUE", "uso": "Acuícola", "clase": "Licencia", "volumen": 53163.0, "area": 0.0, "modulo": 0.0, "usuario": "GUERRA PAUCAR, JESUS ANGEL", "documento": "DNI: 04321893", "fuentetipo": null, "fuente": "Manantial EL PARAISO", "volumenfue": null, "cur": 2.0190750045904122e+19, "organizaci": null, "bloquecodi": null, "bloquenomb": null, "coordenada": null, "departamen": null, "provincia": "Tambopata", "distrito": "Tambopata", "juntausuar": null, "comisionco": null, "fecharegis": null, "validado": "JUAN92_JS", "pozo": null, "codpozo": null, "numfila": 1, "datum": "WGS 84 (UTM)", "zona": 19, "este": 455693, "norte": 8591319, "unidadhidr": null, "areatotal": 0.0 }, "geometry": { "type": "Point", "coordinates": [ -69.408160217408806, -12.742374697697235 ] } },
{ "type": "Feature", "properties": { "aaa": "Madre de Dios", "ala": "Tahuamanu - Madre de Dios", "resolucion": "RD 0751-2019", "fecha": "18\/12\/2019", "archivo": "59-RD-0751-2019-04.pdf", "codlugarus": null, "lugaruso": "ESTANQUE", "uso": "Acuícola", "clase": "Licencia", "volumen": 51480.0, "area": 0.0, "modulo": 0.0, "usuario": "VALLE TERRAZAS, MARIA ESTHER", "documento": "DNI: 04823965", "fuentetipo": null, "fuente": "Manantial MARI VALLE", "volumenfue": null, "cur": 2.0190751045904122e+19, "organizaci": null, "bloquecodi": null, "bloquenomb": null, "coordenada": null, "departamen": null, "provincia": "Tahuamanu", "distrito": "Iberia", "juntausuar": null, "comisionco": null, "fecharegis": null, "validado": "JUAN92_JS", "pozo": null, "codpozo": null, "numfila": 1, "datum": "WGS 84 (UTM)", "zona": 19, "este": 445637, "norte": 8740057, "unidadhidr": null, "areatotal": 0.0 }, "geometry": { "type": "Point", "coordinates": [ -69.498303066629205, -11.397179038863296 ] } },
{ "type": "Feature", "properties": { "aaa": "Madre de Dios", "ala": "Tahuamanu - Madre de Dios", "resolucion": "RD 0752-2019", "fecha": "18\/12\/2019", "archivo": "59-RD-0752-2019-04.pdf", "codlugarus": null, "lugaruso": "ESTANQUE", "uso": "Acuícola", "clase": "Licencia", "volumen": 95000.0, "area": 0.0, "modulo": 0.0, "usuario": "LASTEROS HUAYTAN, MARIBEL", "documento": "DNI: 40071975", "fuentetipo": null, "fuente": "Filtración MARIBEL LASTEROS", "volumenfue": null, "cur": 2.0190752045904114e+19, "organizaci": null, "bloquecodi": null, "bloquenomb": null, "coordenada": null, "departamen": null, "provincia": "Tambopata", "distrito": "Tambopata", "juntausuar": null, "comisionco": null, "fecharegis": null, "validado": "JUAN92_JS", "pozo": null, "codpozo": null, "numfila": 1, "datum": "WGS 84 (UTM)", "zona": 19, "este": 471643, "norte": 8595195, "unidadhidr": null, "areatotal": 0.0 }, "geometry": { "type": "Point", "coordinates": [ -69.261192850830668, -12.707510599213895 ] } },
{ "type": "Feature", "properties": { "aaa": "Madre de Dios", "ala": "Tahuamanu - Madre de Dios", "resolucion": "RD 0753-2019", "fecha": "18\/12\/2019", "archivo": "59-RD-0753-2019-04.pdf", "codlugarus": null, "lugaruso": "ESTANQUE", "uso": "Acuícola", "clase": "Licencia", "volumen": 14915.0, "area": 0.0, "modulo": 0.0, "usuario": "ESCUDERO VEGA, CARITO ESTHER", "documento": "DNI: 00125033", "fuentetipo": null, "fuente": "Filtración CARITO ESCUDERO", "volumenfue": null, "cur": 2.0190753045904122e+19, "organizaci": null, "bloquecodi": null, "bloquenomb": null, "coordenada": null, "departamen": null, "provincia": "Tambopata", "distrito": "Tambopata", "juntausuar": null, "comisionco": null, "fecharegis": null, "validado": "JUAN92_JS", "pozo": null, "codpozo": null, "numfila": 1, "datum": "WGS 84 (UTM)", "zona": 19, "este": 481067, "norte": 8602627, "unidadhidr": null, "areatotal": 0.0 }, "geometry": { "type": "Point", "coordinates": [ -69.174344193082959, -12.640375034587334 ] } },
{ "type": "Feature", "properties": { "aaa": "Madre de Dios", "ala": "Tahuamanu - Madre de Dios", "resolucion": "RD 0754-2019", "fecha": "18\/12\/2019", "archivo": "59-RD-0754-2019-04.pdf", "codlugarus": null, "lugaruso": "ESTANQUE", "uso": "Acuícola", "clase": "Licencia", "volumen": 71828.4, "area": 0.0, "modulo": 0.0, "usuario": "CALLOQUISPE FLORES, ULDER HUGO", "documento": "DNI: 04824044", "fuentetipo": null, "fuente": "Quebrada LOS ANGELES", "volumenfue": null, "cur": 2.019075404590411e+19, "organizaci": null, "bloquecodi": null, "bloquenomb": null, "coordenada": null, "departamen": null, "provincia": "Tambopata", "distrito": "Laberinto", "juntausuar": null, "comisionco": null, "fecharegis": null, "validado": "JUAN92_JS", "pozo": null, "codpozo": null, "numfila": 1, "datum": "WGS 84 (UTM)", "zona": 19, "este": 451233, "norte": 8593649, "unidadhidr": null, "areatotal": 0.0 }, "geometry": { "type": "Point", "coordinates": [ -69.449208218795221, -12.721238828960697 ] } },
{ "type": "Feature", "properties": { "aaa": "Madre de Dios", "ala": "Tahuamanu - Madre de Dios", "resolucion": "RD 0755-2019", "fecha": "18\/12\/2019", "archivo": "59-RD-0755-2019-04.pdf", "codlugarus": null, "lugaruso": "ESTANQUE", "uso": "Acuícola", "clase": "Licencia", "volumen": 38000.0, "area": 0.0, "modulo": 0.0, "usuario": "EUGENIO SULLCA CONDORI", "documento": "DNI: 04800491", "fuentetipo": null, "fuente": "Filtración EUGENIO SULLCA", "volumenfue": null, "cur": 2.0190755045904118e+19, "organizaci": null, "bloquecodi": null, "bloquenomb": null, "coordenada": null, "departamen": null, "provincia": "Tambopata", "distrito": "Tambopata", "juntausuar": null, "comisionco": null, "fecharegis": null, "validado": "JUAN92_JS", "pozo": null, "codpozo": null, "numfila": 1, "datum": "WGS 84 (UTM)", "zona": 19, "este": 455166, "norte": 8594462, "unidadhidr": null, "areatotal": 0.0 }, "geometry": { "type": "Point", "coordinates": [ -69.412968923139758, -12.713946061005725 ] } },
{ "type": "Feature", "properties": { "aaa": "Madre de Dios", "ala": "Tahuamanu - Madre de Dios", "resolucion": "RD 0756-2019", "fecha": "18\/12\/2019", "archivo": "59-RD-0756-2019-04.pdf", "codlugarus": null, "lugaruso": "ESTANQUE", "uso": "Acuícola", "clase": "Licencia", "volumen": 25744.8, "area": 0.0, "modulo": 0.0, "usuario": "SUCLLA RAMPAS, YENI ROCIO", "documento": "DNI: 43194877", "fuentetipo": null, "fuente": "Quebrada MIS TRES AMORES", "volumenfue": null, "cur": 2.0190756045904114e+19, "organizaci": null, "bloquecodi": null, "bloquenomb": null, "coordenada": null, "departamen": null, "provincia": "Tambopata", "distrito": "Laberinto", "juntausuar": null, "comisionco": null, "fecharegis": null, "validado": "JUAN92_JS", "pozo": null, "codpozo": null, "numfila": 1, "datum": "WGS 84 (UTM)", "zona": 19, "este": 451564, "norte": 8595055, "unidadhidr": null, "areatotal": 0.0 }, "geometry": { "type": "Point", "coordinates": [ -69.446137142751738, -12.708530031212598 ] } },
{ "type": "Feature", "properties": { "aaa": "Madre de Dios", "ala": "Tahuamanu - Madre de Dios", "resolucion": "RD 0757-2019", "fecha": "18\/12\/2019", "archivo": "59-RD-0757-2019-04.pdf", "codlugarus": null, "lugaruso": "ESTANQUE", "uso": "Acuícola", "clase": "Licencia", "volumen": 21600.0, "area": 0.0, "modulo": 0.0, "usuario": "CCALLA CCALLOQUISPE, TEOFILO", "documento": "DNI: 23868921", "fuentetipo": null, "fuente": "Quebrada LA LUZ", "volumenfue": null, "cur": 2.019075704590411e+19, "organizaci": null, "bloquecodi": null, "bloquenomb": null, "coordenada": null, "departamen": null, "provincia": "Tambopata", "distrito": "Tambopata", "juntausuar": null, "comisionco": null, "fecharegis": null, "validado": "JUAN92_JS", "pozo": null, "codpozo": null, "numfila": 1, "datum": "WGS 84 (UTM)", "zona": 19, "este": 454529, "norte": 8591050, "unidadhidr": null, "areatotal": 0.0 }, "geometry": { "type": "Point", "coordinates": [ -69.418886891450498, -12.744790414489756 ] } },
{ "type": "Feature", "properties": { "aaa": "Madre de Dios", "ala": "Tahuamanu - Madre de Dios", "resolucion": "RD 0758-2019", "fecha": "20\/12\/2019", "archivo": "59-RD-0758-2019-05.pdf", "codlugarus": null, "lugaruso": null, "uso": "Doméstico - Poblacional", "clase": "Licencia", "volumen": 599.19, "area": 0.0, "modulo": 0.0, "usuario": "PALOMINO SANTOS, LINA", "documento": "DNI: 24004961", "fuentetipo": null, "fuente": "Acuífero TAMBOPATA (46644)", "volumenfue": null, "cur": 2.0190758045902184e+19, "organizaci": null, "bloquecodi": null, "bloquenomb": null, "coordenada": null, "departamen": null, "provincia": "Tambopata", "distrito": "Laberinto", "juntausuar": null, "comisionco": null, "fecharegis": null, "validado": "JUAN92_JS", "pozo": null, "codpozo": null, "numfila": 1, "datum": "WGS 84 (UTM)", "zona": 19, "este": 453346, "norte": 8595944, "unidadhidr": null, "areatotal": 0.0 }, "geometry": { "type": "Point", "coordinates": [ -69.429710217631794, -12.700518198533164 ] } },
{ "type": "Feature", "properties": { "aaa": "Madre de Dios", "ala": "Tahuamanu - Madre de Dios", "resolucion": "RD 0759-2019", "fecha": "20\/12\/2019", "archivo": "59-RD-0759-2019-05.pdf", "codlugarus": null, "lugaruso": "AUTOLAVADO BENITO\" (Jr. Junin con Pje. José Carlos Mariategui Mza. 6 Lte. 15)", "uso": "Otros Usos", "clase": "Licencia", "volumen": 2920.0, "area": 0.0, "modulo": 0.0, "usuario": "BENIQUE  ROQUE, APAZA", "documento": "DNI: 41098467", "fuentetipo": null, "fuente": "Acuífero INTERCUENCA MEDIO MADRE DE DIOS 46645", "volumenfue": null, "cur": 2.0190759045912179e+19, "organizaci": null, "bloquecodi": null, "bloquenomb": null, "coordenada": null, "departamen": null, "provincia": "Tambopata", "distrito": "Tambopata", "juntausuar": null, "comisionco": null, "fecharegis": null, "validado": "JUAN92_JS", "pozo": null, "codpozo": null, "numfila": 1, "datum": "WGS 84 (UTM)", "zona": 19, "este": 478817, "norte": 8607732, "unidadhidr": null, "areatotal": 0.0 }, "geometry": { "type": "Point", "coordinates": [ -69.195028244993779, -12.594196541673982 ] } },
{ "type": "Feature", "properties": { "aaa": "Madre de Dios", "ala": "Tahuamanu - Madre de Dios", "resolucion": "RD 0760-2019", "fecha": "20\/12\/2019", "archivo": "59-RD-0760-2019-04.pdf", "codlugarus": null, "lugaruso": "VIVIENDA FAMILIAR", "uso": "Doméstico - Poblacional", "clase": "Licencia", "volumen": 473.07, "area": 0.0, "modulo": 0.0, "usuario": "SUCLLA RAMPAS, YENI ROCIO", "documento": "DNI: 43194877", "fuentetipo": null, "fuente": "Acuífero TAMBOPATA (46644)", "volumenfue": null, "cur": 2.0190760045902156e+19, "organizaci": null, "bloquecodi": null, "bloquenomb": null, "coordenada": null, "departamen": null, "provincia": "Tambopata", "distrito": "Laberinto", "juntausuar": null, "comisionco": null, "fecharegis": null, "validado": "JUAN92_JS", "pozo": null, "codpozo": null, "numfila": 1, "datum": "WGS 84 (UTM)", "zona": 19, "este": 451489, "norte": 8595375, "unidadhidr": null, "areatotal": 0.0 }, "geometry": { "type": "Point", "coordinates": [ -69.446822886236959, -12.7056352232348 ] } },
{ "type": "Feature", "properties": { "aaa": "Madre de Dios", "ala": "Tahuamanu - Madre de Dios", "resolucion": "RD 0761-2019", "fecha": "20\/12\/2019", "archivo": "59-RD-0761-2019-05.pdf", "codlugarus": null, "lugaruso": "HOSPEDAJE CARDOSO (AV. LOS CASTAÑOS MZA K LTE 5)", "uso": "Otros Usos", "clase": "Licencia", "volumen": 3577.0, "area": 0.0, "modulo": 0.0, "usuario": "CALVO CARDOSO, JESUS", "documento": "DNI: 04824541", "fuentetipo": null, "fuente": "Acuífero ORTHON 4662", "volumenfue": null, "cur": 2.0190761045912191e+19, "organizaci": null, "bloquecodi": null, "bloquenomb": null, "coordenada": null, "departamen": null, "provincia": "Tambopata", "distrito": "Las Piedras", "juntausuar": null, "comisionco": null, "fecharegis": null, "validado": "JUAN92_JS", "pozo": null, "codpozo": null, "numfila": 1, "datum": "WGS 84 (UTM)", "zona": 19, "este": 483420, "norte": 8642384, "unidadhidr": null, "areatotal": 0.0 }, "geometry": { "type": "Point", "coordinates": [ -69.152466488296156, -12.280863707927757 ] } },
{ "type": "Feature", "properties": { "aaa": "Madre de Dios", "ala": "Tahuamanu - Madre de Dios", "resolucion": "RD 0762-2019", "fecha": "20\/12\/2019", "archivo": "59-RD-0762-2019-05.pdf", "codlugarus": null, "lugaruso": "MULTISERVICIOS EL CHAVO (AV. ALEGRIA MZAX LTE 2)", "uso": "Otros Usos", "clase": "Licencia", "volumen": 2190.0, "area": 0.0, "modulo": 0.0, "usuario": "TAPIA PIMENTEL, NORMA", "documento": "RUC: 10436234780", "fuentetipo": null, "fuente": "Acuífero ORTHON 4662", "volumenfue": null, "cur": 2.0190762045912175e+19, "organizaci": null, "bloquecodi": null, "bloquenomb": null, "coordenada": null, "departamen": null, "provincia": "Tambopata", "distrito": "Las Piedras", "juntausuar": null, "comisionco": null, "fecharegis": null, "validado": "JUAN92_JS", "pozo": null, "codpozo": null, "numfila": 1, "datum": "WGS 84 (UTM)", "zona": 19, "este": 486707, "norte": 8659951, "unidadhidr": null, "areatotal": 0.0 }, "geometry": { "type": "Point", "coordinates": [ -69.122167125068117, -12.122016353207744 ] } },
{ "type": "Feature", "properties": { "aaa": "Madre de Dios", "ala": "Tahuamanu - Madre de Dios", "resolucion": "RD 0763-2019", "fecha": "20\/12\/2019", "archivo": "59-RD-0763-2019-05.pdf", "codlugarus": null, "lugaruso": "\"GRIFO FATIMA\" \/Calle Eduardo Zavala Cancho S\/N - Sector Sto. Domingo)", "uso": "Otros Usos", "clase": "Licencia", "volumen": 547.5, "area": 0.0, "modulo": 0.0, "usuario": "CESAR AUGUSTO VILCA QUISPE", "documento": "RUC: 10048137569", "fuentetipo": null, "fuente": "Acuífero INTERCUENCA MEDIO ALTO MADRE DE DIOS 46647", "volumenfue": null, "cur": 2.0190763045912183e+19, "organizaci": null, "bloquecodi": null, "bloquenomb": null, "coordenada": null, "departamen": null, "provincia": "Tambopata", "distrito": "Laberinto", "juntausuar": null, "comisionco": null, "fecharegis": null, "validado": "JUAN92_JS", "pozo": null, "codpozo": null, "numfila": 1, "datum": "WGS 84 (UTM)", "zona": 19, "este": 438599, "norte": 8589107, "unidadhidr": null, "areatotal": 0.0 }, "geometry": { "type": "Point", "coordinates": [ -69.565671502167604, -12.762086853610695 ] } },
{ "type": "Feature", "properties": { "aaa": "Madre de Dios", "ala": "Tahuamanu - Madre de Dios", "resolucion": "RD 0764-2019", "fecha": "20\/12\/2019", "archivo": "59-RD-0764-2019-04.pdf", "codlugarus": null, "lugaruso": "ESTANQUE TAYPE", "uso": "Acuícola", "clase": "Licencia", "volumen": 32600.0, "area": 0.0, "modulo": 0.0, "usuario": "TAYPE AGUIRRE, ZACARIAS", "documento": "DNI: 05060819", "fuentetipo": null, "fuente": "Filtración ZACARIAS 1", "volumenfue": null, "cur": 2.0190764045904216e+19, "organizaci": null, "bloquecodi": null, "bloquenomb": null, "coordenada": null, "departamen": null, "provincia": "Tahuamanu", "distrito": "Iberia", "juntausuar": null, "comisionco": null, "fecharegis": null, "validado": "JUAN92_JS", "pozo": null, "codpozo": null, "numfila": 1, "datum": "WGS 84 (UTM)", "zona": 19, "este": 446358, "norte": 8743162, "unidadhidr": null, "areatotal": 0.0 }, "geometry": { "type": "Point", "coordinates": [ -69.491646193218713, -11.369110289895831 ] } },
{ "type": "Feature", "properties": { "aaa": "Madre de Dios", "ala": "Tahuamanu - Madre de Dios", "resolucion": "RD 0776-2019", "fecha": "27\/12\/2019", "archivo": "59-RD-0776-2019-04.pdf", "codlugarus": null, "lugaruso": "Carretera Interoceánica Sur Tramo 3: Inambari - Iñapari: Subtramo Puente Billinghurst-Peaje Unión Progreso", "uso": "Otros Usos", "clase": "Autorización", "volumen": 54000.0, "area": 0.0, "modulo": 0.0, "usuario": "ODEBRECHT PERÚ OPERACIONES Y SERVICIOS S.A.C.", "documento": "RUC: 20544263642", "fuentetipo": null, "fuente": "Quebrada CHORRILLOS \/ Quebrada CHORRILLOS \/ Río MADRE DE DIOS", "volumenfue": null, "cur": 2.0190776045912166e+19, "organizaci": null, "bloquecodi": null, "bloquenomb": null, "coordenada": null, "departamen": null, "provincia": "Tambopata", "distrito": "Laberinto", "juntausuar": null, "comisionco": null, "fecharegis": null, "validado": "JUAN92_JS", "pozo": null, "codpozo": null, "numfila": 1, "datum": "WGS 84 (UTM)", "zona": 19, "este": 415802, "norte": 8575881, "unidadhidr": null, "areatotal": 0.0 }, "geometry": { "type": "Point", "coordinates": [ -69.776048884817442, -12.881143386653356 ] } },
{ "type": "Feature", "properties": { "aaa": "Madre de Dios", "ala": "Tahuamanu - Madre de Dios", "resolucion": "RD 0777-2019", "fecha": "18\/12\/2019", "archivo": "59-RD-0777-2019-04.pdf", "codlugarus": null, "lugaruso": null, "uso": "Otros Usos", "clase": "Autorización", "volumen": 54000.0, "area": 0.0, "modulo": 0.0, "usuario": "ODEBRECHT PERU OPERACIONES Y SERVICIOS S.A.C.", "documento": "RUC: 20544263642", "fuentetipo": null, "fuente": "Río TAHUAMANU \/ Quebrada LA NOVIA \/ Quebrada ALCANTARILLA", "volumenfue": null, "cur": 2.0190777045912105e+19, "organizaci": null, "bloquecodi": null, "bloquenomb": null, "coordenada": null, "departamen": null, "provincia": "Tahuamanu", "distrito": "Iberia", "juntausuar": null, "comisionco": null, "fecharegis": null, "validado": "JUAN92_JS", "pozo": null, "codpozo": null, "numfila": 1, "datum": "WGS 84 (UTM)", "zona": 19, "este": 448198, "norte": 8738689, "unidadhidr": null, "areatotal": 0.0 }, "geometry": { "type": "Point", "coordinates": [ -69.474849507071596, -11.409589345412542 ] } },
{ "type": "Feature", "properties": { "aaa": "Madre de Dios", "ala": "Tahuamanu - Madre de Dios", "resolucion": "RD 0001-2020", "fecha": "02\/01\/2020", "archivo": "59-RD-0001-2020-04.pdf", "codlugarus": null, "lugaruso": "REHABILITACIÓN Y MEJORAMIENTO DEL CAMINO VECINAL SUDADERO-LAGO VALENCIA", "uso": "Otros Usos", "clase": "Autorización", "volumen": 19441.2, "area": 0.0, "modulo": 0.0, "usuario": "PROYECTO ESPECIAL MADRE DE DIOS", "documento": "RUC: 20170258305", "fuentetipo": null, "fuente": "Quebrada SUDADERO \/ Quebrada LOS ÁNGELES", "volumenfue": null, "cur": 2.0200001045912097e+19, "organizaci": null, "bloquecodi": null, "bloquenomb": null, "coordenada": null, "departamen": null, "provincia": "Tambopata", "distrito": "Las Piedras", "juntausuar": null, "comisionco": null, "fecharegis": null, "validado": "PSANTIN", "pozo": null, "codpozo": null, "numfila": 1, "datum": "WGS 84 (UTM)", "zona": 19, "este": 484142, "norte": 8631206, "unidadhidr": null, "areatotal": 0.0 }, "geometry": { "type": "Point", "coordinates": [ -69.145883025076017, -12.381951551360933 ] } },
{ "type": "Feature", "properties": { "aaa": "Madre de Dios", "ala": "Tahuamanu - Madre de Dios", "resolucion": "RD 0020-2020", "fecha": "16\/01\/2020", "archivo": "59-RD-0020-2020-05.pdf", "codlugarus": null, "lugaruso": "VIVIENDA FAMILIAR RURAL", "uso": "Doméstico - Poblacional", "clase": "Licencia", "volumen": 630.73, "area": 0.0, "modulo": 0.0, "usuario": "EFRAIN ALLER SUAREZ", "documento": "DNI: 06389773", "fuentetipo": null, "fuente": "Acuífero INTERCUENCA MEDIO ALTO MADRE DE DIOS 46647", "volumenfue": null, "cur": 2.0200020045902156e+19, "organizaci": null, "bloquecodi": null, "bloquenomb": null, "coordenada": null, "departamen": null, "provincia": "Tambopata", "distrito": "Tambopata", "juntausuar": null, "comisionco": null, "fecharegis": null, "validado": "PSANTIN", "pozo": null, "codpozo": null, "numfila": 1, "datum": "WGS 84 (UTM)", "zona": 19, "este": 473912, "norte": 8609449, "unidadhidr": null, "areatotal": 0.0 }, "geometry": { "type": "Point", "coordinates": [ -69.240173045721917, -12.578633115724072 ] } },
{ "type": "Feature", "properties": { "aaa": "Madre de Dios", "ala": "Tahuamanu - Madre de Dios", "resolucion": "RD 0023-2020", "fecha": "17\/01\/2020", "archivo": "59-RD-0023-2020-03.pdf", "codlugarus": null, "lugaruso": "COMUNIDAD ARCA PACAHUARA", "uso": "Poblacional", "clase": "Licencia", "volumen": 10643.4, "area": 0.0, "modulo": 0.0, "usuario": "JUNTA ADMINISTRADORA DE SERVICIO DE SANEAMIENTO - JASS ARCA PACAHUARA", "documento": null, "fuentetipo": null, "fuente": "Acuífero ORTHON 4662", "volumenfue": null, "cur": 2.0200023045901103e+19, "organizaci": null, "bloquecodi": null, "bloquenomb": null, "coordenada": null, "departamen": null, "provincia": "Tahuamanu", "distrito": "Iberia", "juntausuar": null, "comisionco": null, "fecharegis": null, "validado": "PSANTIN", "pozo": null, "codpozo": null, "numfila": 1, "datum": "WGS 84 (UTM)", "zona": 19, "este": 432803, "norte": 8747133, "unidadhidr": null, "areatotal": 0.0 }, "geometry": { "type": "Point", "coordinates": [ -69.615800645860503, -11.332965913523193 ] } },
{ "type": "Feature", "properties": { "aaa": "Madre de Dios", "ala": "Tahuamanu - Madre de Dios", "resolucion": "RD 0024-2020", "fecha": "17\/01\/2020", "archivo": "59-RD-0024-2020-04.pdf", "codlugarus": null, "lugaruso": "Asociacion Parque Industrial", "uso": "Poblacional", "clase": "Licencia", "volumen": 14979.6, "area": 0.0, "modulo": 0.0, "usuario": "JUNTA ADMINISTRADORA DE SERVICIOS DE SANEAMIENTO (JASS) DE LA ASOCIACIÓN PARQUE INDUSTRIAL", "documento": null, "fuentetipo": null, "fuente": "Quebrada MILAGROS \/ Filtración Milagros Cinco \/ Filtración Milagros Cuatro \/ Filtración Milagros Dos \/ Filtración Milagros Tres \/ Filtración Milagros Uno", "volumenfue": null, "cur": 2.0200024045901103e+19, "organizaci": null, "bloquecodi": null, "bloquenomb": null, "coordenada": null, "departamen": null, "provincia": "Manu", "distrito": "Huepetuhe", "juntausuar": null, "comisionco": null, "fecharegis": null, "validado": "PSANTIN", "pozo": null, "codpozo": null, "numfila": 1, "datum": "WGS 84 (UTM)", "zona": 19, "este": 333965, "norte": 8562243, "unidadhidr": null, "areatotal": 0.0 }, "geometry": { "type": "Point", "coordinates": [ -70.530945879526328, -13.0011046159433 ] } },
{ "type": "Feature", "properties": { "aaa": "Madre de Dios", "ala": "Tahuamanu - Madre de Dios", "resolucion": "RD 0036-2020", "fecha": "27\/01\/2020", "archivo": "59-RD-0036-2020-04.pdf", "codlugarus": null, "lugaruso": "02 ESTANQUES (1100 m2)", "uso": "Acuícola", "clase": "Licencia", "volumen": 11858.4, "area": 0.0, "modulo": 0.0, "usuario": "MARIA CACHERA NAHUE", "documento": "DNI: 80102263", "fuentetipo": null, "fuente": "Quebrada BELLAVISTA", "volumenfue": null, "cur": 2.0200036045904093e+19, "organizaci": null, "bloquecodi": null, "bloquenomb": null, "coordenada": null, "departamen": null, "provincia": "Paucartambo", "distrito": "Kosñipata", "juntausuar": null, "comisionco": null, "fecharegis": null, "validado": "PSANTIN", "pozo": null, "codpozo": null, "numfila": 1, "datum": "WGS 84 (UTM)", "zona": 19, "este": 236506, "norte": 8566039, "unidadhidr": null, "areatotal": 0.0 }, "geometry": { "type": "Point", "coordinates": [ -71.428781555888293, -12.959960824357109 ] } },
{ "type": "Feature", "properties": { "aaa": "Madre de Dios", "ala": "Tahuamanu - Madre de Dios", "resolucion": "RD 0039-2020", "fecha": "28\/01\/2020", "archivo": "59-RD-0039-2020-05.pdf", "codlugarus": null, "lugaruso": "AMAZON LODGE TAMBOPATA", "uso": "Otros Usos", "clase": "Licencia", "volumen": 4139.1, "area": 0.0, "modulo": 0.0, "usuario": "TAMBOPATA JUNGLE TOURS PERU S.C.R.L.", "documento": "RUC: 20542847647", "fuentetipo": null, "fuente": "Río MADRE DE DIOS", "volumenfue": null, "cur": 2.0200039045912183e+19, "organizaci": null, "bloquecodi": null, "bloquenomb": null, "coordenada": null, "departamen": null, "provincia": "Tambopata", "distrito": "Tambopata", "juntausuar": null, "comisionco": null, "fecharegis": null, "validado": "PSANTIN", "pozo": null, "codpozo": null, "numfila": 1, "datum": "WGS 84 (UTM)", "zona": 19, "este": 486560, "norte": 8606419, "unidadhidr": null, "areatotal": 0.0 }, "geometry": { "type": "Point", "coordinates": [ -69.123745618958111, -12.60611243129464 ] } },
{ "type": "Feature", "properties": { "aaa": "Madre de Dios", "ala": "Tahuamanu - Madre de Dios", "resolucion": "RD 0040-2020", "fecha": "28\/01\/2020", "archivo": "59-RD-0040-2020-05.pdf", "codlugarus": null, "lugaruso": "LAVANDERIA EXPEDICIONES COLORADO MANU", "uso": "Otros Usos", "clase": "Licencia", "volumen": 10402.5, "area": 0.0, "modulo": 0.0, "usuario": "EMPRESA DE TRANSPORTES TRAVEL TOURS EXPEDICIONES COLORADO MANU S.A.", "documento": "RUC: 20450757617", "fuentetipo": null, "fuente": "Acuífero TAMBOPATA (46644)", "volumenfue": null, "cur": 2.0200040045912109e+19, "organizaci": null, "bloquecodi": null, "bloquenomb": null, "coordenada": null, "departamen": null, "provincia": "Tambopata", "distrito": "Tambopata", "juntausuar": null, "comisionco": null, "fecharegis": null, "validado": "PSANTIN", "pozo": null, "codpozo": null, "numfila": 1, "datum": "WGS 84 (UTM)", "zona": 19, "este": 479155, "norte": 8606674, "unidadhidr": null, "areatotal": 0.0 }, "geometry": { "type": "Point", "coordinates": [ -69.191923466559814, -12.603766223162852 ] } },
{ "type": "Feature", "properties": { "aaa": "Madre de Dios", "ala": "Tahuamanu - Madre de Dios", "resolucion": "RD 0054-2020", "fecha": "13\/02\/2020", "archivo": "59-RD-0054-2020-05.pdf", "codlugarus": null, "lugaruso": "VIVIENDA FAMILIAR RURAL", "uso": "Doméstico - Poblacional", "clase": "Licencia", "volumen": 981.73, "area": 0.0, "modulo": 0.0, "usuario": "RONY QUISPE HUAYNILLO", "documento": "DNI: 48196727", "fuentetipo": null, "fuente": "Acuífero TAMBOPATA (46644)", "volumenfue": null, "cur": 2.0200054045902115e+19, "organizaci": null, "bloquecodi": null, "bloquenomb": null, "coordenada": null, "departamen": null, "provincia": "Tambopata", "distrito": "Tambopata", "juntausuar": null, "comisionco": null, "fecharegis": null, "validado": "JUAN92_JS", "pozo": null, "codpozo": null, "numfila": 1, "datum": "WGS 84 (UTM)", "zona": 19, "este": 472562, "norte": 8604040, "unidadhidr": null, "areatotal": 0.0 }, "geometry": { "type": "Point", "coordinates": [ -69.252649332682807, -12.627534730662232 ] } },
{ "type": "Feature", "properties": { "aaa": "Madre de Dios", "ala": "Tahuamanu - Madre de Dios", "resolucion": "RD 0057-2020", "fecha": "18\/02\/2020", "archivo": "59-RD-0057-2020-04.pdf", "codlugarus": null, "lugaruso": "PROYECTO MINERO AMAUTA I", "uso": "Minero", "clase": "Licencia", "volumen": 138048.0, "area": 0.0, "modulo": 0.0, "usuario": "ANDRES DELGADO CHOQUE", "documento": "RUC: 10482502500", "fuentetipo": null, "fuente": "Acuífero INTERCUENCA MEDIO ALTO MADRE DE DIOS 46647 \/ Río MADRE DE DIOS", "volumenfue": null, "cur": 2.0200057045908193e+19, "organizaci": null, "bloquecodi": null, "bloquenomb": null, "coordenada": null, "departamen": null, "provincia": "Tambopata", "distrito": "Laberinto", "juntausuar": null, "comisionco": null, "fecharegis": null, "validado": "PSANTIN", "pozo": null, "codpozo": null, "numfila": 1, "datum": "WGS 84 (UTM)", "zona": 19, "este": 433900, "norte": 8597050, "unidadhidr": null, "areatotal": 0.0 }, "geometry": { "type": "Point", "coordinates": [ -69.60878923131321, -12.690166919467083 ] } },
{ "type": "Feature", "properties": { "aaa": "Madre de Dios", "ala": "Tahuamanu - Madre de Dios", "resolucion": "RD 0062-2020", "fecha": "19\/02\/2020", "archivo": "59-RD-0062-2020-05.pdf", "codlugarus": null, "lugaruso": "LOCAL DE AGENCIA DE TRANSPORTES REAL DORADO", "uso": "Otros Usos", "clase": "Licencia", "volumen": 3153.6, "area": 0.0, "modulo": 0.0, "usuario": "EMPRESA DE TRANSPORTES TURISMO REAL DORADO S.C.R.L.", "documento": "RUC: 20563806398", "fuentetipo": null, "fuente": "Acuífero INTERCUENCA MEDIO MADRE DE DIOS 46645", "volumenfue": null, "cur": 2.0200062045912121e+19, "organizaci": null, "bloquecodi": null, "bloquenomb": null, "coordenada": null, "departamen": null, "provincia": "Tambopata", "distrito": "Las Piedras", "juntausuar": null, "comisionco": null, "fecharegis": null, "validado": "PSANTIN", "pozo": null, "codpozo": null, "numfila": 1, "datum": "WGS 84 (UTM)", "zona": 19, "este": 481066, "norte": 8609876, "unidadhidr": null, "areatotal": 0.0 }, "geometry": { "type": "Point", "coordinates": [ -69.174309075099558, -12.574822730472265 ] } },
{ "type": "Feature", "properties": { "aaa": "Madre de Dios", "ala": "Tahuamanu - Madre de Dios", "resolucion": "RD 0063-2020", "fecha": "19\/02\/2020", "archivo": "59-RD-0063-2020-02.pdf", "codlugarus": null, "lugaruso": "\"OBRAS ACCESORIAS Y TRABAJOS DE MANTENIMIENTO Y CONSERVACIÓN DE LAS VÍAS DE LA CARRETERA INTEROCEANICA SUR TRAMO 3\"", "uso": "Industrial", "clase": "Autorización", "volumen": 4800.0, "area": 0.0, "modulo": 0.0, "usuario": "CONCESIONARIA INTEROCEANICA SUR TRAMO 3 S.A.", "documento": "RUC: 20511129975", "fuentetipo": null, "fuente": "Quebrada LA PASTORA \/ Quebrada CACHUELA \/ Quebrada LOBOYOC \/ Quebrada SAN FRANCISCO \/ Quebrada MALECÓN \/ Quebrada ALCANTARILLA N° 01 \/ Quebrada ALCANTARILLA N° 01 \/ Quebrada ALCANTARILLA N° 01 \/ Q", "volumenfue": null, "cur": 2.0200063045906121e+19, "organizaci": null, "bloquecodi": null, "bloquenomb": null, "coordenada": null, "departamen": null, "provincia": "Tambopata", "distrito": "Tambopata", "juntausuar": null, "comisionco": null, "fecharegis": null, "validado": "JUAN92_JS", "pozo": null, "codpozo": null, "numfila": 1, "datum": "WGS 84 (UTM)", "zona": 19, "este": 475803, "norte": 8608744, "unidadhidr": null, "areatotal": 0.0 }, "geometry": { "type": "Point", "coordinates": [ -69.222769591386708, -12.585023429329546 ] } },
{ "type": "Feature", "properties": { "aaa": "Madre de Dios", "ala": "Tahuamanu - Madre de Dios", "resolucion": "RD 0065-2020", "fecha": "21\/02\/2020", "archivo": "59-RD-0065-2020-04.pdf", "codlugarus": null, "lugaruso": "VIVIENDA FAMILIAR - RURAL", "uso": "Doméstico - Poblacional", "clase": "Licencia", "volumen": 474.5, "area": 0.0, "modulo": 0.0, "usuario": "NAVARRETE AGUILAR, FELIX", "documento": "DNI: 04801881", "fuentetipo": null, "fuente": "Acuífero INTERCUENCA MEDIO MADRE DE DIOS 46645", "volumenfue": null, "cur": 2.0200065045902184e+19, "organizaci": null, "bloquecodi": null, "bloquenomb": null, "coordenada": null, "departamen": null, "provincia": "Tambopata", "distrito": "Las Piedras", "juntausuar": null, "comisionco": null, "fecharegis": null, "validado": "JUAN92_JS", "pozo": null, "codpozo": null, "numfila": 1, "datum": "WGS 84 (UTM)", "zona": 19, "este": 484556, "norte": 8614178, "unidadhidr": null, "areatotal": 0.0 }, "geometry": { "type": "Point", "coordinates": [ -69.142158358948194, -12.535938752180961 ] } },
{ "type": "Feature", "properties": { "aaa": "Madre de Dios", "ala": "Tahuamanu - Madre de Dios", "resolucion": "RD 0066-2020", "fecha": "21\/02\/2020", "archivo": "59-RD-0066-2020-05.pdf", "codlugarus": null, "lugaruso": "VIVIENDA RUSTICA", "uso": "Doméstico - Poblacional", "clase": "Licencia", "volumen": 790.86, "area": 0.0, "modulo": 0.0, "usuario": "MAMANI YAPO, LUCAS EVANGELINO", "documento": "DNI: 04801461", "fuentetipo": null, "fuente": "Manantial LUCAS", "volumenfue": null, "cur": 2.0200066045902156e+19, "organizaci": null, "bloquecodi": null, "bloquenomb": null, "coordenada": null, "departamen": null, "provincia": "Tambopata", "distrito": "Las Piedras", "juntausuar": null, "comisionco": null, "fecharegis": null, "validado": "JUAN92_JS", "pozo": null, "codpozo": null, "numfila": 1, "datum": "WGS 84 (UTM)", "zona": 19, "este": 484643, "norte": 8614387, "unidadhidr": null, "areatotal": 0.0 }, "geometry": { "type": "Point", "coordinates": [ -69.141356516178078, -12.534049186227529 ] } },
{ "type": "Feature", "properties": { "aaa": "Madre de Dios", "ala": "Tahuamanu - Madre de Dios", "resolucion": "RD 0073-2020", "fecha": "26\/02\/2020", "archivo": "59-RD-0073-2020-04.pdf", "codlugarus": null, "lugaruso": "ESTANQUE", "uso": "Acuícola", "clase": "Licencia", "volumen": 41040.0, "area": 0.0, "modulo": 0.0, "usuario": "SUSANA MARLYN CALISAYA", "documento": "DNI: 23890213", "fuentetipo": null, "fuente": "Quebrada AYALA", "volumenfue": null, "cur": 2.0200073045904175e+19, "organizaci": null, "bloquecodi": null, "bloquenomb": null, "coordenada": null, "departamen": null, "provincia": "Manu", "distrito": "Manu", "juntausuar": null, "comisionco": null, "fecharegis": null, "validado": "JUAN92_JS", "pozo": null, "codpozo": null, "numfila": 1, "datum": "WGS 84 (UTM)", "zona": 19, "este": 242783, "norte": 8585980, "unidadhidr": null, "areatotal": 0.0 }, "geometry": { "type": "Point", "coordinates": [ -71.369264984567337, -12.78032647575051 ] } },
{ "type": "Feature", "properties": { "aaa": "Madre de Dios", "ala": "Tahuamanu - Madre de Dios", "resolucion": "RD 0077-2020", "fecha": "26\/02\/2020", "archivo": "59-RD-0077-2020-04.pdf", "codlugarus": null, "lugaruso": "ESTANQUE", "uso": "Acuícola", "clase": "Licencia", "volumen": 21600.0, "area": 0.0, "modulo": 0.0, "usuario": "QUISPE SUMAR, FREDY ELEAZAR", "documento": "DNI: 23989502", "fuentetipo": null, "fuente": "Quebrada ELEAZAR", "volumenfue": null, "cur": 2.0200077045904179e+19, "organizaci": null, "bloquecodi": null, "bloquenomb": null, "coordenada": null, "departamen": null, "provincia": "Paucartambo", "distrito": "Kosñipata", "juntausuar": null, "comisionco": null, "fecharegis": null, "validado": "JUAN92_JS", "pozo": null, "codpozo": null, "numfila": 1, "datum": "WGS 84 (UTM)", "zona": 19, "este": 240378, "norte": 8572907, "unidadhidr": null, "areatotal": 0.0 }, "geometry": { "type": "Point", "coordinates": [ -71.392521635079049, -12.898239922326093 ] } },
{ "type": "Feature", "properties": { "aaa": "Madre de Dios", "ala": "Tahuamanu - Madre de Dios", "resolucion": "RD 0078-2020", "fecha": "26\/02\/2020", "archivo": "59-RD-0078-2020-04.pdf", "codlugarus": null, "lugaruso": "ESTANQUE", "uso": "Acuícola", "clase": "Licencia", "volumen": 31320.0, "area": 0.0, "modulo": 0.0, "usuario": "BARRETO QUISPE, HILDA LUCILA", "documento": "DNI: 41556355", "fuentetipo": null, "fuente": "Quebrada KADER", "volumenfue": null, "cur": 2.0200078045904155e+19, "organizaci": null, "bloquecodi": null, "bloquenomb": null, "coordenada": null, "departamen": null, "provincia": "Paucartambo", "distrito": "Kosñipata", "juntausuar": null, "comisionco": null, "fecharegis": null, "validado": "JUAN92_JS", "pozo": null, "codpozo": null, "numfila": 1, "datum": "WGS 84 (UTM)", "zona": 19, "este": 240605, "norte": 8572762, "unidadhidr": null, "areatotal": 0.0 }, "geometry": { "type": "Point", "coordinates": [ -71.390443465252474, -12.899569098193389 ] } },
{ "type": "Feature", "properties": { "aaa": "Madre de Dios", "ala": "Tahuamanu - Madre de Dios", "resolucion": "RD 0081-2020", "fecha": "26\/02\/2020", "archivo": "59-RD-0081-2020-04.pdf", "codlugarus": null, "lugaruso": "ESTANQUE", "uso": "Acuícola", "clase": "Licencia", "volumen": 16200.0, "area": 0.0, "modulo": 0.0, "usuario": "RIVERA MARQUEZ, NARCISO", "documento": "DNI: 25133094", "fuentetipo": null, "fuente": "Quebrada CAMARONES", "volumenfue": null, "cur": 2.0200081045904105e+19, "organizaci": null, "bloquecodi": null, "bloquenomb": null, "coordenada": null, "departamen": null, "provincia": "Paucartambo", "distrito": "Kosñipata", "juntausuar": null, "comisionco": null, "fecharegis": null, "validado": "JUAN92_JS", "pozo": null, "codpozo": null, "numfila": 1, "datum": "WGS 84 (UTM)", "zona": 19, "este": 234576, "norte": 8570294, "unidadhidr": null, "areatotal": 0.0 }, "geometry": { "type": "Point", "coordinates": [ -71.446185161159832, -12.921352694236255 ] } },
{ "type": "Feature", "properties": { "aaa": "Madre de Dios", "ala": "Tahuamanu - Madre de Dios", "resolucion": "RD 0082-2020", "fecha": "26\/02\/2020", "archivo": "59-RD-0082-2020-04.pdf", "codlugarus": null, "lugaruso": null, "uso": "Acuícola", "clase": "Licencia", "volumen": 15120.0, "area": 0.0, "modulo": 0.0, "usuario": "AMAO HUAMAN, SERGIO", "documento": "DNI: 45374744", "fuentetipo": null, "fuente": "Quebrada HUAMAN", "volumenfue": null, "cur": 2.0200082045904163e+19, "organizaci": null, "bloquecodi": null, "bloquenomb": null, "coordenada": null, "departamen": null, "provincia": "Paucartambo", "distrito": "Kosñipata", "juntausuar": null, "comisionco": null, "fecharegis": null, "validado": "JUAN92_JS", "pozo": null, "codpozo": null, "numfila": 1, "datum": "WGS 84 (UTM)", "zona": 19, "este": 240068, "norte": 8565614, "unidadhidr": null, "areatotal": 0.0 }, "geometry": { "type": "Point", "coordinates": [ -71.39600557697058, -12.964104675163176 ] } },
{ "type": "Feature", "properties": { "aaa": "Madre de Dios", "ala": "Tahuamanu - Madre de Dios", "resolucion": "RD 0085-2020", "fecha": "27\/02\/2020", "archivo": "59-RD-0085-2020-03.pdf", "codlugarus": null, "lugaruso": null, "uso": "Poblacional", "clase": "Licencia", "volumen": 8322.0, "area": 0.0, "modulo": 0.0, "usuario": "JUNTA ADMINISTRADORA DE SERVICIOS DE SANEAMIENTO (JASS) DE LA COMUNIDAD NATIVA DE BÉLGICA", "documento": null, "fuentetipo": null, "fuente": "Manantial Bélgica", "volumenfue": null, "cur": 2.0200085045901111e+19, "organizaci": null, "bloquecodi": null, "bloquenomb": null, "coordenada": null, "departamen": null, "provincia": "Tahuamanu", "distrito": "Iñapari", "juntausuar": null, "comisionco": null, "fecharegis": null, "validado": "AHUARANCCA", "pozo": null, "codpozo": null, "numfila": 1, "datum": "WGS 84 (UTM)", "zona": 19, "este": 420120, "norte": 8786897, "unidadhidr": null, "areatotal": 0.0 }, "geometry": { "type": "Point", "coordinates": [ -69.731123539095719, -10.973108083143318 ] } },
{ "type": "Feature", "properties": { "aaa": "Madre de Dios", "ala": "Tahuamanu - Madre de Dios", "resolucion": "RD 0087-2020", "fecha": "27\/02\/2020", "archivo": "59-RD-0087-2020-04.pdf", "codlugarus": null, "lugaruso": "ESTANQUE", "uso": "Acuícola", "clase": "Licencia", "volumen": 30000.0, "area": 0.0, "modulo": 0.0, "usuario": "CHULLO CCORIMANYA, JUSTO PASTOR", "documento": "DNI: 24865580", "fuentetipo": null, "fuente": "Quebrada PASTOR", "volumenfue": null, "cur": 2.0200087045904105e+19, "organizaci": null, "bloquecodi": null, "bloquenomb": null, "coordenada": null, "departamen": null, "provincia": "Paucartambo", "distrito": "Kosñipata", "juntausuar": null, "comisionco": null, "fecharegis": null, "validado": "JUAN92_JS", "pozo": null, "codpozo": null, "numfila": 1, "datum": "WGS 84 (UTM)", "zona": 19, "este": 251519, "norte": 8561281, "unidadhidr": null, "areatotal": 0.0 }, "geometry": { "type": "Point", "coordinates": [ -71.290871950549956, -13.004205142920835 ] } },
{ "type": "Feature", "properties": { "aaa": "Madre de Dios", "ala": "Tahuamanu - Madre de Dios", "resolucion": "RD 0106-2020", "fecha": "10\/03\/2020", "archivo": "59-RD-0106-2020-04.pdf", "codlugarus": null, "lugaruso": "ESTANQUE", "uso": "Acuícola", "clase": "Licencia", "volumen": 23040.0, "area": 0.0, "modulo": 0.0, "usuario": "QUISPE CHOQQUE, DEMETRIO", "documento": "DNI: 25132102", "fuentetipo": null, "fuente": "Manantial QUISPE", "volumenfue": null, "cur": 2.0200106045904155e+19, "organizaci": null, "bloquecodi": null, "bloquenomb": null, "coordenada": null, "departamen": null, "provincia": "Paucartambo", "distrito": "Kosñipata", "juntausuar": null, "comisionco": null, "fecharegis": null, "validado": "JUAN92_JS", "pozo": null, "codpozo": null, "numfila": 1, "datum": "WGS 84 (UTM)", "zona": 19, "este": 234917, "norte": 8569013, "unidadhidr": null, "areatotal": 0.0 }, "geometry": { "type": "Point", "coordinates": [ -71.443157087491059, -12.932955297193217 ] } },
{ "type": "Feature", "properties": { "aaa": "Madre de Dios", "ala": "Tahuamanu - Madre de Dios", "resolucion": "RD 0107-2020", "fecha": "10\/03\/2020", "archivo": "59-RD-0107-2020-04.pdf", "codlugarus": null, "lugaruso": "ESTANQUE", "uso": "Acuícola", "clase": "Licencia", "volumen": 24336.0, "area": 0.0, "modulo": 0.0, "usuario": "ARONE FLORES, ALEXJANDRINA", "documento": "DNI: 42800046", "fuentetipo": null, "fuente": "Manantial ARONE", "volumenfue": null, "cur": 2.0200107045904155e+19, "organizaci": null, "bloquecodi": null, "bloquenomb": null, "coordenada": null, "departamen": null, "provincia": "Paucartambo", "distrito": "Kosñipata", "juntausuar": null, "comisionco": null, "fecharegis": null, "validado": "JUAN92_JS", "pozo": null, "codpozo": null, "numfila": 1, "datum": "WGS 84 (UTM)", "zona": 19, "este": 240050, "norte": 8572984, "unidadhidr": null, "areatotal": 0.0 }, "geometry": { "type": "Point", "coordinates": [ -71.395535806882961, -12.89751658369379 ] } },
{ "type": "Feature", "properties": { "aaa": "Madre de Dios", "ala": "Tahuamanu - Madre de Dios", "resolucion": "RD 0109-2020", "fecha": "11\/03\/2020", "archivo": "59-RD-0109-2020-04.pdf", "codlugarus": null, "lugaruso": "ESTANQUE", "uso": "Acuícola", "clase": "Licencia", "volumen": 16800.0, "area": 0.0, "modulo": 0.0, "usuario": "NESTOR VARGAS VALDIVIA", "documento": "DNI: 24002169", "fuentetipo": null, "fuente": "Manantial VARGAS", "volumenfue": null, "cur": 2.0200109045904163e+19, "organizaci": null, "bloquecodi": null, "bloquenomb": null, "coordenada": null, "departamen": null, "provincia": "Paucartambo", "distrito": "Kosñipata", "juntausuar": null, "comisionco": null, "fecharegis": null, "validado": "JUAN92_JS", "pozo": null, "codpozo": null, "numfila": 1, "datum": "WGS 84 (UTM)", "zona": 19, "este": 237161, "norte": 8570064, "unidadhidr": null, "areatotal": 0.0 }, "geometry": { "type": "Point", "coordinates": [ -71.4223965415555, -12.923652677091633 ] } },
{ "type": "Feature", "properties": { "aaa": "Madre de Dios", "ala": "Tahuamanu - Madre de Dios", "resolucion": "RD 0111-2020", "fecha": "12\/03\/2020", "archivo": "59-RD-0111-2020-04.pdf", "codlugarus": null, "lugaruso": "ESTANQUE", "uso": "Acuícola", "clase": "Licencia", "volumen": 20347.2, "area": 0.0, "modulo": 0.0, "usuario": "SOLIZONQUEHUA YOMBEO, HERMELINDA", "documento": "DNI: 25132114", "fuentetipo": null, "fuente": "Quebrada HERMELINDA", "volumenfue": null, "cur": 2.0200111045904163e+19, "organizaci": null, "bloquecodi": null, "bloquenomb": null, "coordenada": null, "departamen": null, "provincia": "Paucartambo", "distrito": "Kosñipata", "juntausuar": null, "comisionco": null, "fecharegis": null, "validado": "JUAN92_JS", "pozo": null, "codpozo": null, "numfila": 1, "datum": "WGS 84 (UTM)", "zona": 19, "este": 238438, "norte": 8571295, "unidadhidr": null, "areatotal": 0.0 }, "geometry": { "type": "Point", "coordinates": [ -71.410528004490587, -12.912639828591336 ] } },
{ "type": "Feature", "properties": { "aaa": "Madre de Dios", "ala": "Tahuamanu - Madre de Dios", "resolucion": "RD 0112-2020", "fecha": "12\/03\/2020", "archivo": "59-RD-0112-2020-04.pdf", "codlugarus": null, "lugaruso": "ESTANQUE", "uso": "Acuícola", "clase": "Licencia", "volumen": 15600.0, "area": 0.0, "modulo": 0.0, "usuario": "CHECYA CCALA, FORTUNATO", "documento": "DNI: 25133162", "fuentetipo": null, "fuente": "Quebrada CCALA", "volumenfue": null, "cur": 2.0200112045904163e+19, "organizaci": null, "bloquecodi": null, "bloquenomb": null, "coordenada": null, "departamen": null, "provincia": "Paucartambo", "distrito": "Kosñipata", "juntausuar": null, "comisionco": null, "fecharegis": null, "validado": "JUAN92_JS", "pozo": null, "codpozo": null, "numfila": 1, "datum": "WGS 84 (UTM)", "zona": 19, "este": 240315, "norte": 8569905, "unidadhidr": null, "areatotal": 0.0 }, "geometry": { "type": "Point", "coordinates": [ -71.393360064888995, -12.925357210414866 ] } },
{ "type": "Feature", "properties": { "aaa": "Madre de Dios", "ala": "Tahuamanu - Madre de Dios", "resolucion": "RD 0113-2020", "fecha": "12\/03\/2020", "archivo": "59-RD-0113-2020-04.pdf", "codlugarus": null, "lugaruso": "ESTANQUE", "uso": "Acuícola", "clase": "Licencia", "volumen": 30240.0, "area": 0.0, "modulo": 0.0, "usuario": "CUEVAS ALLCCA, LAZARO", "documento": "DNI: 31121978", "fuentetipo": null, "fuente": "Quebrada LAZARO", "volumenfue": null, "cur": 2.0200113045904163e+19, "organizaci": null, "bloquecodi": null, "bloquenomb": null, "coordenada": null, "departamen": null, "provincia": "Paucartambo", "distrito": "Kosñipata", "juntausuar": null, "comisionco": null, "fecharegis": null, "validado": "JUAN92_JS", "pozo": null, "codpozo": null, "numfila": 1, "datum": "WGS 84 (UTM)", "zona": 19, "este": 248608, "norte": 8563105, "unidadhidr": null, "areatotal": 0.0 }, "geometry": { "type": "Point", "coordinates": [ -71.317541593435166, -12.987486639904562 ] } },
{ "type": "Feature", "properties": { "aaa": "Madre de Dios", "ala": "Tahuamanu - Madre de Dios", "resolucion": "RD 0114-2020", "fecha": "12\/03\/2020", "archivo": "59-RD-0114-2020-04.pdf", "codlugarus": null, "lugaruso": "ESTANQUE", "uso": "Acuícola", "clase": "Licencia", "volumen": 25920.0, "area": 0.0, "modulo": 0.0, "usuario": "BARRETO HUANCA, CESAR AUGUSTO", "documento": "DNI: 45167214", "fuentetipo": null, "fuente": null, "volumenfue": null, "cur": 2.0200114045904167e+19, "organizaci": null, "bloquecodi": null, "bloquenomb": null, "coordenada": null, "departamen": null, "provincia": "Paucartambo", "distrito": "Kosñipata", "juntausuar": null, "comisionco": null, "fecharegis": null, "validado": "JUAN92_JS", "pozo": null, "codpozo": null, "numfila": 1, "datum": "WGS 84 (UTM)", "zona": 19, "este": 240776, "norte": 8572903, "unidadhidr": null, "areatotal": 0.0 }, "geometry": { "type": "Point", "coordinates": [ -71.388856493161668, -12.898309573522512 ] } },
{ "type": "Feature", "properties": { "aaa": "Madre de Dios", "ala": "Tahuamanu - Madre de Dios", "resolucion": "RD 0115-2020", "fecha": "12\/03\/2020", "archivo": "59-RD-0115-2020-04.pdf", "codlugarus": null, "lugaruso": "ESTANQUE", "uso": "Acuícola", "clase": "Licencia", "volumen": 15600.0, "area": 0.0, "modulo": 0.0, "usuario": "AMAO ALLCCA, TEODOCIO", "documento": "DNI: 31124478", "fuentetipo": null, "fuente": null, "volumenfue": null, "cur": 2.0200115045904171e+19, "organizaci": null, "bloquecodi": null, "bloquenomb": null, "coordenada": null, "departamen": null, "provincia": "Paucartambo", "distrito": "Kosñipata", "juntausuar": null, "comisionco": null, "fecharegis": null, "validado": "JUAN92_JS", "pozo": null, "codpozo": null, "numfila": 1, "datum": "WGS 84 (UTM)", "zona": 19, "este": 248269, "norte": 8563306, "unidadhidr": null, "areatotal": 0.0 }, "geometry": { "type": "Point", "coordinates": [ -71.320648108960313, -12.985642673994958 ] } },
{ "type": "Feature", "properties": { "aaa": "Madre de Dios", "ala": "Tahuamanu - Madre de Dios", "resolucion": "RD 0116-2020", "fecha": "12\/03\/2020", "archivo": "59-RD-0116-2020-04.pdf", "codlugarus": null, "lugaruso": "ESTANQUE", "uso": "Acuícola", "clase": "Licencia", "volumen": 13898.67, "area": 0.0, "modulo": 0.0, "usuario": "VALER OVALLE, ESTEBAN", "documento": "DNI: 25132781", "fuentetipo": null, "fuente": "Manantial VALER", "volumenfue": null, "cur": 2.0200116045904179e+19, "organizaci": null, "bloquecodi": null, "bloquenomb": null, "coordenada": null, "departamen": null, "provincia": "Paucartambo", "distrito": "Kosñipata", "juntausuar": null, "comisionco": null, "fecharegis": null, "validado": "JUAN92_JS", "pozo": null, "codpozo": null, "numfila": 1, "datum": "WGS 84 (UTM)", "zona": 19, "este": 239326, "norte": 8563141, "unidadhidr": null, "areatotal": 0.0 }, "geometry": { "type": "Point", "coordinates": [ -71.40305562971227, -12.986384554000468 ] } },
{ "type": "Feature", "properties": { "aaa": "Madre de Dios", "ala": "Tahuamanu - Madre de Dios", "resolucion": "RD 0117-2020", "fecha": "12\/03\/2020", "archivo": "59-RD-0117-2020-04.pdf", "codlugarus": null, "lugaruso": "ESTANQUE", "uso": "Acuícola", "clase": "Licencia", "volumen": 12668.38, "area": 0.0, "modulo": 0.0, "usuario": "FLORES TURPO, NELLY MARÍA", "documento": "DNI: 04960956", "fuentetipo": null, "fuente": "Quebrada FIGUEROA", "volumenfue": null, "cur": 2.0200117045904179e+19, "organizaci": null, "bloquecodi": null, "bloquenomb": null, "coordenada": null, "departamen": null, "provincia": "Manu", "distrito": "Manu", "juntausuar": null, "comisionco": null, "fecharegis": null, "validado": "JUAN92_JS", "pozo": null, "codpozo": null, "numfila": 1, "datum": "WGS 84 (UTM)", "zona": 19, "este": 243469, "norte": 8580473, "unidadhidr": null, "areatotal": 0.0 }, "geometry": { "type": "Point", "coordinates": [ -71.363413666783231, -12.830139501365078 ] } },
{ "type": "Feature", "properties": { "aaa": "Madre de Dios", "ala": "Tahuamanu - Madre de Dios", "resolucion": "RD 0123-2020", "fecha": "23\/06\/2020", "archivo": "59-RD-0123-2020-04.pdf", "codlugarus": null, "lugaruso": "DERECHO MINERO SIGLO XXI 2004", "uso": "Minero", "clase": "Licencia", "volumen": 93600.0, "area": 0.0, "modulo": 0.0, "usuario": "APARICIO VALENCIA, ELIZABETH", "documento": "RUC: 10423698131", "fuentetipo": null, "fuente": "Acuífero INTERCUENCA MEDIO ALTO MADRE DE DIOS 46647", "volumenfue": null, "cur": 2.0200123045908144e+19, "organizaci": null, "bloquecodi": null, "bloquenomb": null, "coordenada": null, "departamen": null, "provincia": "Tambopata", "distrito": "Laberinto", "juntausuar": null, "comisionco": null, "fecharegis": null, "validado": "JUAN92_JS", "pozo": null, "codpozo": null, "numfila": 1, "datum": "WGS 84 (UTM)", "zona": 19, "este": 440337, "norte": 8595106, "unidadhidr": null, "areatotal": 0.0 }, "geometry": { "type": "Point", "coordinates": [ -69.549543430823888, -12.707874803171974 ] } },
{ "type": "Feature", "properties": { "aaa": "Madre de Dios", "ala": "Tahuamanu - Madre de Dios", "resolucion": "RD 0126-2020", "fecha": "30\/06\/2020", "archivo": "59-RD-0126-2020-04.pdf", "codlugarus": null, "lugaruso": null, "uso": "Acuícola", "clase": "Licencia", "volumen": 17280.0, "area": 0.0, "modulo": 0.0, "usuario": "AMERICO ZANDROX MEDINA MARTINEZ", "documento": "DNI: 25133042", "fuentetipo": null, "fuente": "Quebrada HERMOZA", "volumenfue": null, "cur": 2.0200126045904126e+19, "organizaci": null, "bloquecodi": null, "bloquenomb": null, "coordenada": null, "departamen": null, "provincia": "Paucartambo", "distrito": "Kosñipata", "juntausuar": null, "comisionco": null, "fecharegis": null, "validado": "JUAN92_JS", "pozo": null, "codpozo": null, "numfila": 1, "datum": "WGS 84 (UTM)", "zona": 19, "este": 237940, "norte": 8571632, "unidadhidr": null, "areatotal": 0.0 }, "geometry": { "type": "Point", "coordinates": [ -71.415085402630183, -12.909552769630027 ] } },
{ "type": "Feature", "properties": { "aaa": "Madre de Dios", "ala": "Tahuamanu - Madre de Dios", "resolucion": "RD 0127-2020", "fecha": "30\/06\/2020", "archivo": "59-RD-0127-2020-04.pdf", "codlugarus": null, "lugaruso": null, "uso": "Acuícola", "clase": "Licencia", "volumen": 28800.0, "area": 0.0, "modulo": 0.0, "usuario": "YUDITH YOBANA AMAO HUAMAN", "documento": "DNI: 45374747", "fuentetipo": null, "fuente": "Quebrada AMAO", "volumenfue": null, "cur": 2.020012704590413e+19, "organizaci": null, "bloquecodi": null, "bloquenomb": null, "coordenada": null, "departamen": null, "provincia": "Paucartambo", "distrito": "Kosñipata", "juntausuar": null, "comisionco": null, "fecharegis": null, "validado": "JUAN92_JS", "pozo": null, "codpozo": null, "numfila": 1, "datum": "WGS 84 (UTM)", "zona": 19, "este": 240184, "norte": 8566579, "unidadhidr": null, "areatotal": 0.0 }, "geometry": { "type": "Point", "coordinates": [ -71.394853587290882, -12.955395930497986 ] } },
{ "type": "Feature", "properties": { "aaa": "Madre de Dios", "ala": "Tahuamanu - Madre de Dios", "resolucion": "RD 0136-2020", "fecha": "03\/07\/2020", "archivo": "59-RD-0136-2020-04.pdf", "codlugarus": null, "lugaruso": "ESTANQUE", "uso": "Acuícola", "clase": "Licencia", "volumen": 21600.0, "area": 0.0, "modulo": 0.0, "usuario": "PAUCAR CUTIPA, AGUSTIN", "documento": "DNI: 25131697", "fuentetipo": null, "fuente": "Quebrada PASTOR", "volumenfue": null, "cur": 2.0200136045904105e+19, "organizaci": null, "bloquecodi": null, "bloquenomb": null, "coordenada": null, "departamen": null, "provincia": "Paucartambo", "distrito": "Kosñipata", "juntausuar": null, "comisionco": null, "fecharegis": null, "validado": "JUAN92_JS", "pozo": null, "codpozo": null, "numfila": 1, "datum": "WGS 84 (UTM)", "zona": 19, "este": 251135, "norte": 8561375, "unidadhidr": null, "areatotal": 0.0 }, "geometry": { "type": "Point", "coordinates": [ -71.294402433654042, -13.003324555800507 ] } },
{ "type": "Feature", "properties": { "aaa": "Madre de Dios", "ala": "Tahuamanu - Madre de Dios", "resolucion": "RD 0137-2020", "fecha": "03\/07\/2020", "archivo": "59-RD-0137-2020-04.pdf", "codlugarus": null, "lugaruso": "ESTANQUE", "uso": "Acuícola", "clase": "Licencia", "volumen": 11867.22, "area": 0.0, "modulo": 0.0, "usuario": "JOYAS CONDORI, TIBURCIO", "documento": "DNI: 25133232", "fuentetipo": null, "fuente": "Quebrada Asuncion", "volumenfue": null, "cur": 2.0200137045904105e+19, "organizaci": null, "bloquecodi": null, "bloquenomb": null, "coordenada": null, "departamen": null, "provincia": "Paucartambo", "distrito": "Kosñipata", "juntausuar": null, "comisionco": null, "fecharegis": null, "validado": "JUAN92_JS", "pozo": null, "codpozo": null, "numfila": 1, "datum": "WGS 84 (UTM)", "zona": 19, "este": 236090, "norte": 8560743, "unidadhidr": null, "areatotal": 0.0 }, "geometry": { "type": "Point", "coordinates": [ -71.433079387269387, -13.007771903948839 ] } },
{ "type": "Feature", "properties": { "aaa": "Madre de Dios", "ala": "Tahuamanu - Madre de Dios", "resolucion": "RD 0142-2020", "fecha": "07\/07\/2020", "archivo": "59-RD-0142-2020-04.pdf", "codlugarus": null, "lugaruso": "ESTANQUE", "uso": "Acuícola", "clase": "Licencia", "volumen": 10145.0, "area": 0.0, "modulo": 0.0, "usuario": "ZAMATA MAMANI, SERAPIO", "documento": "DNI: 04960051", "fuentetipo": null, "fuente": "Quebrada FABIOLA", "volumenfue": null, "cur": 2.020014204590411e+19, "organizaci": null, "bloquecodi": null, "bloquenomb": null, "coordenada": null, "departamen": null, "provincia": "Manu", "distrito": "Manu", "juntausuar": null, "comisionco": null, "fecharegis": null, "validado": "JUAN92_JS", "pozo": null, "codpozo": null, "numfila": 1, "datum": "WGS 84 (UTM)", "zona": 19, "este": 243482, "norte": 8580711, "unidadhidr": null, "areatotal": 0.0 }, "geometry": { "type": "Point", "coordinates": [ -71.363273888278883, -12.827990224819819 ] } },
{ "type": "Feature", "properties": { "aaa": "Madre de Dios", "ala": "Tahuamanu - Madre de Dios", "resolucion": "RD 0143-2020", "fecha": "07\/07\/2020", "archivo": "59-RD-0143-2020-04.pdf", "codlugarus": null, "lugaruso": "ESTANQUE", "uso": "Acuícola", "clase": "Licencia", "volumen": 30499.2, "area": 0.0, "modulo": 0.0, "usuario": "CARMEN PACHECO RAMOS", "documento": "DNI: 25133023", "fuentetipo": null, "fuente": "Quebrada COSTAS", "volumenfue": null, "cur": 2.0200143045904155e+19, "organizaci": null, "bloquecodi": null, "bloquenomb": null, "coordenada": null, "departamen": null, "provincia": "Paucartambo", "distrito": "Kosñipata", "juntausuar": null, "comisionco": null, "fecharegis": null, "validado": "JUAN92_JS", "pozo": null, "codpozo": null, "numfila": 1, "datum": "WGS 84 (UTM)", "zona": 19, "este": 236312, "norte": 8571065, "unidadhidr": null, "areatotal": 0.0 }, "geometry": { "type": "Point", "coordinates": [ -71.430128731747828, -12.91453636132621 ] } },
{ "type": "Feature", "properties": { "aaa": "Madre de Dios", "ala": "Tahuamanu - Madre de Dios", "resolucion": "RD 0145-2020", "fecha": "09\/07\/2020", "archivo": "59-RD-0145-2020-04.pdf", "codlugarus": null, "lugaruso": "ESTANQUE", "uso": "Acuícola", "clase": "Licencia", "volumen": 6240.0, "area": 0.0, "modulo": 0.0, "usuario": "GOMEZ LAYME, MARCELINO", "documento": "DNI: 25132195", "fuentetipo": null, "fuente": "Manantial HONORATA", "volumenfue": null, "cur": 2.020014504590411e+19, "organizaci": null, "bloquecodi": null, "bloquenomb": null, "coordenada": null, "departamen": null, "provincia": "Paucartambo", "distrito": "Kosñipata", "juntausuar": null, "comisionco": null, "fecharegis": null, "validado": "JUAN92_JS", "pozo": null, "codpozo": null, "numfila": 1, "datum": "WGS 84 (UTM)", "zona": 19, "este": 237633, "norte": 8571142, "unidadhidr": null, "areatotal": 0.0 }, "geometry": { "type": "Point", "coordinates": [ -71.417955454051153, -12.913953611020085 ] } },
{ "type": "Feature", "properties": { "aaa": "Madre de Dios", "ala": "Tahuamanu - Madre de Dios", "resolucion": "RD 0146-2020", "fecha": "09\/07\/2020", "archivo": "59-RD-0146-2020-04.pdf", "codlugarus": null, "lugaruso": "ESTANQUE", "uso": "Acuícola", "clase": "Licencia", "volumen": 8820.0, "area": 0.0, "modulo": 0.0, "usuario": "MARCELINO GOMEZ CAHUANTICO", "documento": "DNI: 43975869", "fuentetipo": null, "fuente": "Manantial HONORATA", "volumenfue": null, "cur": 2.0200146045904114e+19, "organizaci": null, "bloquecodi": null, "bloquenomb": null, "coordenada": null, "departamen": null, "provincia": "Paucartambo", "distrito": "Kosñipata", "juntausuar": null, "comisionco": null, "fecharegis": null, "validado": "JUAN92_JS", "pozo": null, "codpozo": null, "numfila": 1, "datum": "WGS 84 (UTM)", "zona": 19, "este": 237619, "norte": 8571126, "unidadhidr": null, "areatotal": 0.0 }, "geometry": { "type": "Point", "coordinates": [ -71.418085786918908, -12.914096972130228 ] } },
{ "type": "Feature", "properties": { "aaa": "Madre de Dios", "ala": "Tahuamanu - Madre de Dios", "resolucion": "RD 0148-2020", "fecha": "10\/07\/2020", "archivo": "59-RD-0148-2020-04.pdf", "codlugarus": null, "lugaruso": "ESTANQUE", "uso": "Minero", "clase": "Licencia", "volumen": 93600.0, "area": 0.0, "modulo": 0.0, "usuario": "APARICIO VALENCIA, RUTH", "documento": "RUC: 10251876911", "fuentetipo": null, "fuente": "Acuífero INTERCUENCA MEDIO ALTO MADRE DE DIOS 46647", "volumenfue": null, "cur": 2.0200148045908201e+19, "organizaci": null, "bloquecodi": null, "bloquenomb": null, "coordenada": null, "departamen": null, "provincia": "Tambopata", "distrito": "Laberinto", "juntausuar": null, "comisionco": null, "fecharegis": null, "validado": "JUAN92_JS", "pozo": null, "codpozo": null, "numfila": 1, "datum": "WGS 84 (UTM)", "zona": 19, "este": 442328, "norte": 8595922, "unidadhidr": null, "areatotal": 0.0 }, "geometry": { "type": "Point", "coordinates": [ -69.531189985226035, -12.700533452722297 ] } },
{ "type": "Feature", "properties": { "aaa": "Madre de Dios", "ala": "Tahuamanu - Madre de Dios", "resolucion": "RD 0149-2020", "fecha": "10\/07\/2020", "archivo": "59-RD-0149-2020-04.pdf", "codlugarus": null, "lugaruso": "ESTANQUE", "uso": "Minero", "clase": "Licencia", "volumen": 93600.0, "area": 0.0, "modulo": 0.0, "usuario": "APARICIO VALENCIA, JOEL", "documento": "RUC: 10252214491", "fuentetipo": null, "fuente": "Acuífero INTERCUENCA MEDIO ALTO MADRE DE DIOS 46647", "volumenfue": null, "cur": 2.0200149045908148e+19, "organizaci": null, "bloquecodi": null, "bloquenomb": null, "coordenada": null, "departamen": null, "provincia": "Tambopata", "distrito": "Laberinto", "juntausuar": null, "comisionco": null, "fecharegis": null, "validado": "JUAN92_JS", "pozo": null, "codpozo": null, "numfila": 1, "datum": "WGS 84 (UTM)", "zona": 19, "este": 442170, "norte": 8597108, "unidadhidr": null, "areatotal": 0.0 }, "geometry": { "type": "Point", "coordinates": [ -69.532622889314865, -12.689806092076966 ] } },
{ "type": "Feature", "properties": { "aaa": "Madre de Dios", "ala": "Tahuamanu - Madre de Dios", "resolucion": "RD 0153-2020", "fecha": "16\/07\/2020", "archivo": "59-RD-0153-2020-04.pdf", "codlugarus": null, "lugaruso": "ESTANQUE", "uso": "Otros Usos", "clase": "Licencia", "volumen": 2482.0, "area": 0.0, "modulo": 0.0, "usuario": "HOSPEDAJE “ALEMAN KP”", "documento": "RUC: 20602097782", "fuentetipo": null, "fuente": "Acuífero ORTHON 4662", "volumenfue": null, "cur": 2.0200153045912101e+19, "organizaci": null, "bloquecodi": null, "bloquenomb": null, "coordenada": null, "departamen": null, "provincia": "Tahuamanu", "distrito": "Tahuamanu", "juntausuar": null, "comisionco": null, "fecharegis": null, "validado": "JUAN92_JS", "pozo": null, "codpozo": null, "numfila": 1, "datum": "WGS 84 (UTM)", "zona": 19, "este": 464631, "norte": 8733986, "unidadhidr": null, "areatotal": 0.0 }, "geometry": { "type": "Point", "coordinates": [ -69.324264785172829, -11.452326402555391 ] } },
{ "type": "Feature", "properties": { "aaa": "Madre de Dios", "ala": "Tahuamanu - Madre de Dios", "resolucion": "RD 0154-2020", "fecha": "17\/07\/2020", "archivo": "59-RD-0154-2020-04.pdf", "codlugarus": null, "lugaruso": "ESTANQUE", "uso": "Acuícola", "clase": "Licencia", "volumen": 6240.0, "area": 0.0, "modulo": 0.0, "usuario": "QUISPE APAZA, FELIPE", "documento": "DNI: 25131744", "fuentetipo": null, "fuente": "Filtración QUISPE", "volumenfue": null, "cur": 2.0200154045904151e+19, "organizaci": null, "bloquecodi": null, "bloquenomb": null, "coordenada": null, "departamen": null, "provincia": "Paucartambo", "distrito": "Kosñipata", "juntausuar": null, "comisionco": null, "fecharegis": null, "validado": "JUAN92_JS", "pozo": null, "codpozo": null, "numfila": 1, "datum": "WGS 84 (UTM)", "zona": 19, "este": 236816, "norte": 8571571, "unidadhidr": null, "areatotal": 0.0 }, "geometry": { "type": "Point", "coordinates": [ -71.425442727666862, -12.910007988921503 ] } },
{ "type": "Feature", "properties": { "aaa": "Madre de Dios", "ala": "Tahuamanu - Madre de Dios", "resolucion": "RD 0155-2020", "fecha": "17\/07\/2020", "archivo": "59-RD-0155-2020-04.pdf", "codlugarus": null, "lugaruso": "ESTANQUE", "uso": "Acuícola", "clase": "Licencia", "volumen": 13440.0, "area": 0.0, "modulo": 0.0, "usuario": "QUEHUE ZAPATA, RUBEN DARIO", "documento": "DNI: 45374750", "fuentetipo": null, "fuente": "Quebrada QUEHUE", "volumenfue": null, "cur": 2.0200155045904155e+19, "organizaci": null, "bloquecodi": null, "bloquenomb": null, "coordenada": null, "departamen": null, "provincia": "Paucartambo", "distrito": "Kosñipata", "juntausuar": null, "comisionco": null, "fecharegis": null, "validado": "JUAN92_JS", "pozo": null, "codpozo": null, "numfila": 1, "datum": "WGS 84 (UTM)", "zona": 19, "este": 228273, "norte": 8572096, "unidadhidr": null, "areatotal": 0.0 }, "geometry": { "type": "Point", "coordinates": [ -71.504073700190077, -12.904522844713755 ] } },
{ "type": "Feature", "properties": { "aaa": "Madre de Dios", "ala": "Tahuamanu - Madre de Dios", "resolucion": "RD 0156-2020", "fecha": "20\/07\/2020", "archivo": "59-RD-0156-2020-04.pdf", "codlugarus": null, "lugaruso": "ESTANQUE", "uso": "Otros Usos", "clase": "Licencia", "volumen": 4380.0, "area": 0.0, "modulo": 0.0, "usuario": "VIDAL HUAMANI, ANSELMO", "documento": "RUC: 10048105667", "fuentetipo": null, "fuente": "Acuífero ALTO ACRE", "volumenfue": null, "cur": 2.0200156045912113e+19, "organizaci": null, "bloquecodi": null, "bloquenomb": null, "coordenada": null, "departamen": null, "provincia": "Tahuamanu", "distrito": "Iñapari", "juntausuar": null, "comisionco": null, "fecharegis": null, "validado": "JUAN92_JS", "pozo": null, "codpozo": null, "numfila": 1, "datum": "WGS 84 (UTM)", "zona": 19, "este": 436917, "norte": 8789921, "unidadhidr": null, "areatotal": 0.0 }, "geometry": { "type": "Point", "coordinates": [ -69.577337527937431, -10.946090524431861 ] } },
{ "type": "Feature", "properties": { "aaa": "Madre de Dios", "ala": "Tahuamanu - Madre de Dios", "resolucion": "RD 0161-2020", "fecha": "21\/07\/2020", "archivo": "59-RD-0161-2020-04.pdf", "codlugarus": null, "lugaruso": "ESTANQUE", "uso": "Acuícola", "clase": "Licencia", "volumen": 22620.0, "area": 0.0, "modulo": 0.0, "usuario": "QQUEHUE ZAPATA, EDITA", "documento": "DNI: 42476511", "fuentetipo": null, "fuente": "Quebrada QUEHUE", "volumenfue": null, "cur": 2.0200161045904155e+19, "organizaci": null, "bloquecodi": null, "bloquenomb": null, "coordenada": null, "departamen": null, "provincia": "Paucartambo", "distrito": "Kosñipata", "juntausuar": null, "comisionco": null, "fecharegis": null, "validado": "JUAN92_JS", "pozo": null, "codpozo": null, "numfila": 1, "datum": "WGS 84 (UTM)", "zona": 19, "este": 228556, "norte": 8571956, "unidadhidr": null, "areatotal": 0.0 }, "geometry": { "type": "Point", "coordinates": [ -71.501480071618573, -12.905812577605529 ] } },
{ "type": "Feature", "properties": { "aaa": "Madre de Dios", "ala": "Tahuamanu - Madre de Dios", "resolucion": "RD 0162-2020", "fecha": "21\/07\/2020", "archivo": "59-RD-0162-2020-04.pdf", "codlugarus": null, "lugaruso": "ESTANQUE", "uso": "Acuícola", "clase": "Licencia", "volumen": 7560.0, "area": 0.0, "modulo": 0.0, "usuario": "BARRETO QUISPE, CATALINA LUISA", "documento": "DNI: 25139573", "fuentetipo": null, "fuente": "Quebrada KADER", "volumenfue": null, "cur": 2.0200162045904163e+19, "organizaci": null, "bloquecodi": null, "bloquenomb": null, "coordenada": null, "departamen": null, "provincia": "Paucartambo", "distrito": "Kosñipata", "juntausuar": null, "comisionco": null, "fecharegis": null, "validado": "JUAN92_JS", "pozo": null, "codpozo": null, "numfila": 1, "datum": "WGS 84 (UTM)", "zona": 19, "este": 240588, "norte": 8572754, "unidadhidr": null, "areatotal": 0.0 }, "geometry": { "type": "Point", "coordinates": [ -71.390600718717977, -12.899639945694581 ] } },
{ "type": "Feature", "properties": { "aaa": "Madre de Dios", "ala": "Tahuamanu - Madre de Dios", "resolucion": "RD 0163-2020", "fecha": "21\/07\/2020", "archivo": "59-RD-0163-2020-04.pdf", "codlugarus": null, "lugaruso": "ESTANQUE", "uso": "Acuícola", "clase": "Licencia", "volumen": 15600.0, "area": 0.0, "modulo": 0.0, "usuario": "ZAPATA HUAMAN, EVARISTA", "documento": "DNI: 25209278", "fuentetipo": null, "fuente": "Quebrada QUEHUE", "volumenfue": null, "cur": 2.0200163045904163e+19, "organizaci": null, "bloquecodi": null, "bloquenomb": null, "coordenada": null, "departamen": null, "provincia": "Paucartambo", "distrito": "Kosñipata", "juntausuar": null, "comisionco": null, "fecharegis": null, "validado": "JUAN92_JS", "pozo": null, "codpozo": null, "numfila": 1, "datum": "WGS 84 (UTM)", "zona": 19, "este": 228564, "norte": 8571987, "unidadhidr": null, "areatotal": 0.0 }, "geometry": { "type": "Point", "coordinates": [ -71.501403611902376, -12.905533225286232 ] } },
{ "type": "Feature", "properties": { "aaa": "Madre de Dios", "ala": "Tahuamanu - Madre de Dios", "resolucion": "RD 0164-2020", "fecha": "21\/07\/2020", "archivo": "59-RD-0164-2020-04.pdf", "codlugarus": null, "lugaruso": "ESTANQUE", "uso": "Acuícola", "clase": "Licencia", "volumen": 11520.0, "area": 0.0, "modulo": 0.0, "usuario": "CRUZ CURASI, EULOGIO", "documento": "DNI: 25132964", "fuentetipo": null, "fuente": "Quebrada CRUZ", "volumenfue": null, "cur": 2.0200164045904167e+19, "organizaci": null, "bloquecodi": null, "bloquenomb": null, "coordenada": null, "departamen": null, "provincia": "Paucartambo", "distrito": "Kosñipata", "juntausuar": null, "comisionco": null, "fecharegis": null, "validado": "JUAN92_JS", "pozo": null, "codpozo": null, "numfila": 1, "datum": "WGS 84 (UTM)", "zona": 19, "este": 239396, "norte": 8572356, "unidadhidr": null, "areatotal": 0.0 }, "geometry": { "type": "Point", "coordinates": [ -71.4016130933244, -12.90313519035425 ] } },
{ "type": "Feature", "properties": { "aaa": "Madre de Dios", "ala": "Tahuamanu - Madre de Dios", "resolucion": "RD 0165-2020", "fecha": "21\/07\/2020", "archivo": "59-RD-0165-2020-04.pdf", "codlugarus": null, "lugaruso": "ESTANQUE", "uso": "Acuícola", "clase": "Licencia", "volumen": 25920.0, "area": 0.0, "modulo": 0.0, "usuario": "ZUÑIGA ORE, JOSE LUIS", "documento": "DNI: 25131712", "fuentetipo": null, "fuente": "Quebrada FLORES", "volumenfue": null, "cur": 2.0200165045904171e+19, "organizaci": null, "bloquecodi": null, "bloquenomb": null, "coordenada": null, "departamen": null, "provincia": "Paucartambo", "distrito": "Kosñipata", "juntausuar": null, "comisionco": null, "fecharegis": null, "validado": "JUAN92_JS", "pozo": null, "codpozo": null, "numfila": 1, "datum": "WGS 84 (UTM)", "zona": 19, "este": 236082, "norte": 8566714, "unidadhidr": null, "areatotal": 0.0 }, "geometry": { "type": "Point", "coordinates": [ -71.432628109212246, -12.95382603553432 ] } },
{ "type": "Feature", "properties": { "aaa": "Madre de Dios", "ala": "Tahuamanu - Madre de Dios", "resolucion": "RD 0178-2020", "fecha": "27\/07\/2020", "archivo": "59-RD-0178-2020-03.pdf", "codlugarus": null, "lugaruso": "CASA EN PREDIO FAMILIAR", "uso": "Doméstico - Poblacional", "clase": "Licencia", "volumen": 693.74, "area": 0.0, "modulo": 0.0, "usuario": "CHAMPI HANCCO, WILBER", "documento": "DNI: 40815287", "fuentetipo": null, "fuente": "Acuífero ORTHON 4662", "volumenfue": null, "cur": 2.0200178045916131e+19, "organizaci": null, "bloquecodi": null, "bloquenomb": null, "coordenada": null, "departamen": null, "provincia": "Tambopata", "distrito": "Las Piedras", "juntausuar": null, "comisionco": null, "fecharegis": null, "validado": "JUAN92_JS", "pozo": null, "codpozo": null, "numfila": 1, "datum": "WGS 84 (UTM)", "zona": 19, "este": 487050, "norte": 8660324, "unidadhidr": null, "areatotal": 0.0 }, "geometry": { "type": "Point", "coordinates": [ -69.119013349869604, -12.118644577273665 ] } },
{ "type": "Feature", "properties": { "aaa": "Madre de Dios", "ala": "Tahuamanu - Madre de Dios", "resolucion": "RD 0193-2020", "fecha": "13\/08\/2020", "archivo": "59-RD-0193-2020-04.pdf", "codlugarus": null, "lugaruso": "ESTANQUE", "uso": "Acuícola", "clase": "Licencia", "volumen": 12960.0, "area": 0.0, "modulo": 0.0, "usuario": "CCARI QUISPE DE HUMPIRI, SIMONA", "documento": "DNI: 25132969", "fuentetipo": null, "fuente": "Filtración SANTA ANA", "volumenfue": null, "cur": 2.0200193045904155e+19, "organizaci": null, "bloquecodi": null, "bloquenomb": null, "coordenada": null, "departamen": null, "provincia": "Paucartambo", "distrito": "Kosñipata", "juntausuar": null, "comisionco": null, "fecharegis": null, "validado": "JUAN92_JS", "pozo": null, "codpozo": null, "numfila": 1, "datum": "WGS 84 (UTM)", "zona": 19, "este": 243362, "norte": 8568483, "unidadhidr": null, "areatotal": 0.0 }, "geometry": { "type": "Point", "coordinates": [ -71.36541573632131, -12.938460866712868 ] } },
{ "type": "Feature", "properties": { "aaa": "Madre de Dios", "ala": "Tahuamanu - Madre de Dios", "resolucion": "RD 0194-2020", "fecha": "13\/08\/2020", "archivo": "59-RD-0194-2020-04.pdf", "codlugarus": null, "lugaruso": "ESTANQUE", "uso": "Acuícola", "clase": "Licencia", "volumen": 38880.0, "area": 0.0, "modulo": 0.0, "usuario": "TEVES CUTIPA, HUMBERTO", "documento": "DNI: 23893541", "fuentetipo": null, "fuente": "Quebrada TURPO", "volumenfue": null, "cur": 2.0200194045904163e+19, "organizaci": null, "bloquecodi": null, "bloquenomb": null, "coordenada": null, "departamen": null, "provincia": "Paucartambo", "distrito": "Kosñipata", "juntausuar": null, "comisionco": null, "fecharegis": null, "validado": "JUAN92_JS", "pozo": null, "codpozo": null, "numfila": 1, "datum": "WGS 84 (UTM)", "zona": 19, "este": 246231, "norte": 8567430, "unidadhidr": null, "areatotal": 0.0 }, "geometry": { "type": "Point", "coordinates": [ -71.339076701153729, -12.948213320257398 ] } },
{ "type": "Feature", "properties": { "aaa": "Madre de Dios", "ala": "Tahuamanu - Madre de Dios", "resolucion": "RD 0195-2020", "fecha": "13\/08\/2020", "archivo": "59-RD-0195-2020-04.pdf", "codlugarus": null, "lugaruso": "ESTANQUE", "uso": "Acuícola", "clase": "Licencia", "volumen": 9720.0, "area": 0.0, "modulo": 0.0, "usuario": "LOURDES HUAYTA, LUISA", "documento": "DNI: 02141391", "fuentetipo": null, "fuente": "Filtración UJCHILLA", "volumenfue": null, "cur": 2.0200195045904163e+19, "organizaci": null, "bloquecodi": null, "bloquenomb": null, "coordenada": null, "departamen": null, "provincia": "Paucartambo", "distrito": "Kosñipata", "juntausuar": null, "comisionco": null, "fecharegis": null, "validado": "JUAN92_JS", "pozo": null, "codpozo": null, "numfila": 1, "datum": "WGS 84 (UTM)", "zona": 19, "este": 246765, "norte": 8567039, "unidadhidr": null, "areatotal": 0.0 }, "geometry": { "type": "Point", "coordinates": [ -71.334190420355853, -12.951790198323097 ] } },
{ "type": "Feature", "properties": { "aaa": "Madre de Dios", "ala": "Tahuamanu - Madre de Dios", "resolucion": "RD 0196-2020", "fecha": "13\/08\/2020", "archivo": "59-RD-0196-2020-04.pdf", "codlugarus": null, "lugaruso": "ESTANQUE", "uso": "Acuícola", "clase": "Licencia", "volumen": 21168.0, "area": 0.0, "modulo": 0.0, "usuario": "GRANADA NAVEROS, MARIO GERARDO", "documento": "DNI: 25131645", "fuentetipo": null, "fuente": "Manantial FLOR DE MARIA", "volumenfue": null, "cur": 2.0200196045904163e+19, "organizaci": null, "bloquecodi": null, "bloquenomb": null, "coordenada": null, "departamen": null, "provincia": "Paucartambo", "distrito": "Kosñipata", "juntausuar": null, "comisionco": null, "fecharegis": null, "validado": "JUAN92_JS", "pozo": null, "codpozo": null, "numfila": 1, "datum": "WGS 84 (UTM)", "zona": 19, "este": 237054, "norte": 8569141, "unidadhidr": null, "areatotal": 0.0 }, "geometry": { "type": "Point", "coordinates": [ -71.423462557655427, -12.931982492306409 ] } },
{ "type": "Feature", "properties": { "aaa": "Madre de Dios", "ala": "Tahuamanu - Madre de Dios", "resolucion": "RD 0197-2020", "fecha": "13\/08\/2020", "archivo": "59-RD-0197-2020-04.pdf", "codlugarus": null, "lugaruso": "ESTANQUE", "uso": "Acuícola", "clase": "Licencia", "volumen": 23040.0, "area": 0.0, "modulo": 0.0, "usuario": "HUAMAN HUAMAN, TITO", "documento": "DNI: 25185379", "fuentetipo": null, "fuente": "Manantial CAIMAN", "volumenfue": null, "cur": 2.0200197045904171e+19, "organizaci": null, "bloquecodi": null, "bloquenomb": null, "coordenada": null, "departamen": null, "provincia": "Paucartambo", "distrito": "Kosñipata", "juntausuar": null, "comisionco": null, "fecharegis": null, "validado": "JUAN92_JS", "pozo": null, "codpozo": null, "numfila": 1, "datum": "WGS 84 (UTM)", "zona": 19, "este": 247389, "norte": 8562670, "unidadhidr": null, "areatotal": 0.0 }, "geometry": { "type": "Point", "coordinates": [ -71.328809467360784, -12.991316537084314 ] } },
{ "type": "Feature", "properties": { "aaa": "Madre de Dios", "ala": "Tahuamanu - Madre de Dios", "resolucion": "RD 0198-2020", "fecha": "13\/08\/2020", "archivo": "59-RD-0198-2020-04.pdf", "codlugarus": null, "lugaruso": "ESTANQUE", "uso": "Acuícola", "clase": "Licencia", "volumen": 16800.0, "area": 0.0, "modulo": 0.0, "usuario": "BERROCAL OVALLE, ALBERTO", "documento": "DNI: 45828531", "fuentetipo": null, "fuente": "Manantial AGUADA", "volumenfue": null, "cur": 2.0200198045904183e+19, "organizaci": null, "bloquecodi": null, "bloquenomb": null, "coordenada": null, "departamen": null, "provincia": "Paucartambo", "distrito": "Kosñipata", "juntausuar": null, "comisionco": null, "fecharegis": null, "validado": "JUAN92_JS", "pozo": null, "codpozo": null, "numfila": 1, "datum": "WGS 84 (UTM)", "zona": 19, "este": 239136, "norte": 8563281, "unidadhidr": null, "areatotal": 0.0 }, "geometry": { "type": "Point", "coordinates": [ -71.404793910050785, -12.985103499451158 ] } },
{ "type": "Feature", "properties": { "aaa": "Madre de Dios", "ala": "Tahuamanu - Madre de Dios", "resolucion": "RD 0199-2020", "fecha": "13\/08\/2020", "archivo": "59-RD-0199-2020-04.pdf", "codlugarus": null, "lugaruso": "ESTANQUE", "uso": "Acuícola", "clase": "Licencia", "volumen": 16200.0, "area": 0.0, "modulo": 0.0, "usuario": "PUMALAURA QUISPE, JUAN", "documento": "DNI: 44260466", "fuentetipo": null, "fuente": "Quebrada MACHIN", "volumenfue": null, "cur": 2.0200199045904183e+19, "organizaci": null, "bloquecodi": null, "bloquenomb": null, "coordenada": null, "departamen": null, "provincia": "Paucartambo", "distrito": "Kosñipata", "juntausuar": null, "comisionco": null, "fecharegis": null, "validado": "JUAN92_JS", "pozo": null, "codpozo": null, "numfila": 1, "datum": "WGS 84 (UTM)", "zona": 19, "este": 240755, "norte": 8568928, "unidadhidr": null, "areatotal": 0.0 }, "geometry": { "type": "Point", "coordinates": [ -71.389391356020099, -12.934221399178675 ] } },
{ "type": "Feature", "properties": { "aaa": "Madre de Dios", "ala": "Tahuamanu - Madre de Dios", "resolucion": "RD 0201-2020", "fecha": "17\/08\/2020", "archivo": "59-RD-0201-2020-04.pdf", "codlugarus": null, "lugaruso": "ESTANQUE", "uso": "Acuícola", "clase": "Licencia", "volumen": 17280.0, "area": 0.0, "modulo": 0.0, "usuario": "HUAMAN HUAMAN, MARIA", "documento": "DNI: 23972164", "fuentetipo": null, "fuente": "Manantial CAIMAN", "volumenfue": null, "cur": 2.0200201045904155e+19, "organizaci": null, "bloquecodi": null, "bloquenomb": null, "coordenada": null, "departamen": null, "provincia": "Paucartambo", "distrito": "Kosñipata", "juntausuar": null, "comisionco": null, "fecharegis": null, "validado": "JUAN92_JS", "pozo": null, "codpozo": null, "numfila": 1, "datum": "WGS 84 (UTM)", "zona": 19, "este": 247387, "norte": 8562705, "unidadhidr": null, "areatotal": 0.0 }, "geometry": { "type": "Point", "coordinates": [ -71.328824946372919, -12.991000139562265 ] } },
{ "type": "Feature", "properties": { "aaa": "Madre de Dios", "ala": "Tahuamanu - Madre de Dios", "resolucion": "RD 0205-2020", "fecha": "21\/08\/2020", "archivo": "59-RD-0205-2020-04.pdf", "codlugarus": null, "lugaruso": "ESTANQUE", "uso": "Acuícola", "clase": "Licencia", "volumen": 4500.0, "area": 0.0, "modulo": 0.0, "usuario": "MAMANI TAPARA, CESAR", "documento": "DNI: 44106441", "fuentetipo": null, "fuente": "Quebrada Asuncion", "volumenfue": null, "cur": 2.020020504590422e+19, "organizaci": null, "bloquecodi": null, "bloquenomb": null, "coordenada": null, "departamen": null, "provincia": "Paucartambo", "distrito": "Kosñipata", "juntausuar": null, "comisionco": null, "fecharegis": null, "validado": "JUAN92_JS", "pozo": null, "codpozo": null, "numfila": 1, "datum": "WGS 84 (UTM)", "zona": 19, "este": 236090, "norte": 8560895, "unidadhidr": null, "areatotal": 0.0 }, "geometry": { "type": "Point", "coordinates": [ -71.433065994022996, -13.006398658382238 ] } },
{ "type": "Feature", "properties": { "aaa": "Madre de Dios", "ala": "Tahuamanu - Madre de Dios", "resolucion": "RD 0206-2020", "fecha": "21\/08\/2020", "archivo": "59-RD-0206-2020-04.pdf", "codlugarus": null, "lugaruso": "ESTANQUE", "uso": "Acuícola", "clase": "Licencia", "volumen": 22950.0, "area": 0.0, "modulo": 0.0, "usuario": "VARGAS VELASQUE, DOLORES", "documento": "DNI: 25132978", "fuentetipo": null, "fuente": "Quebrada ASUNCIÓN 2", "volumenfue": null, "cur": 2.0200206045904224e+19, "organizaci": null, "bloquecodi": null, "bloquenomb": null, "coordenada": null, "departamen": null, "provincia": "Paucartambo", "distrito": "Kosñipata", "juntausuar": null, "comisionco": null, "fecharegis": null, "validado": "JUAN92_JS", "pozo": null, "codpozo": null, "numfila": 1, "datum": "WGS 84 (UTM)", "zona": 19, "este": 235881, "norte": 8560619, "unidadhidr": null, "areatotal": 0.0 }, "geometry": { "type": "Point", "coordinates": [ -71.435015942417365, -13.008874115375384 ] } },
{ "type": "Feature", "properties": { "aaa": "Madre de Dios", "ala": "Tahuamanu - Madre de Dios", "resolucion": "RD 0207-2020", "fecha": "21\/08\/2020", "archivo": "59-RD-0207-2020-04.pdf", "codlugarus": null, "lugaruso": "ESTANQUE", "uso": "Acuícola", "clase": "Licencia", "volumen": 17280.0, "area": 0.0, "modulo": 0.0, "usuario": "OLIVERA PUMA, JUANA", "documento": "DNI: 25127529", "fuentetipo": null, "fuente": "Quebrada FLORIDA", "volumenfue": null, "cur": 2.0200207045904093e+19, "organizaci": null, "bloquecodi": null, "bloquenomb": null, "coordenada": null, "departamen": null, "provincia": "Paucartambo", "distrito": "Kosñipata", "juntausuar": null, "comisionco": null, "fecharegis": null, "validado": "JUAN92_JS", "pozo": null, "codpozo": null, "numfila": 1, "datum": "WGS 84 (UTM)", "zona": 19, "este": 239409, "norte": 8562556, "unidadhidr": null, "areatotal": 0.0 }, "geometry": { "type": "Point", "coordinates": [ -71.402341779790376, -12.991676941120099 ] } },
{ "type": "Feature", "properties": { "aaa": "Madre de Dios", "ala": "Tahuamanu - Madre de Dios", "resolucion": "RD 0217-2020", "fecha": "03\/09\/2020", "archivo": "59-RD-0217-2020-04.pdf", "codlugarus": null, "lugaruso": "ASOCIACION DE VIVIENDA CLUB CAMPESTRE DSELVA", "uso": "Doméstico - Poblacional", "clase": "Licencia", "volumen": 346.87, "area": 0.0, "modulo": 0.0, "usuario": "VELÁSQUEZ MORALES, ADRIÁN", "documento": "DNI: 04963776", "fuentetipo": null, "fuente": "Acuífero INTERCUENCA MEDIO BAJO MADRE DE DIOS 46643", "volumenfue": null, "cur": 2.0200217045902209e+19, "organizaci": null, "bloquecodi": null, "bloquenomb": null, "coordenada": null, "departamen": null, "provincia": "Tambopata", "distrito": "Las Piedras", "juntausuar": null, "comisionco": null, "fecharegis": null, "validado": "JUAN92_JS", "pozo": null, "codpozo": null, "numfila": 1, "datum": "WGS 84 (UTM)", "zona": 19, "este": 485330, "norte": 8609156, "unidadhidr": null, "areatotal": 0.0 }, "geometry": { "type": "Point", "coordinates": [ -69.135057579837834, -12.581356340140635 ] } },
{ "type": "Feature", "properties": { "aaa": "Madre de Dios", "ala": "Tahuamanu - Madre de Dios", "resolucion": "RD 0218-2020", "fecha": "07\/09\/2020", "archivo": "59-RD-0218-2020-04.pdf", "codlugarus": null, "lugaruso": "ESTANQUE", "uso": "Acuícola", "clase": "Licencia", "volumen": 25254.0, "area": 0.0, "modulo": 0.0, "usuario": "MAMANI YAPURA, JULIA FELICIA", "documento": "DNI: 40803593", "fuentetipo": null, "fuente": "Quebrada BELLAVISTA", "volumenfue": null, "cur": 2.0200218045904171e+19, "organizaci": null, "bloquecodi": null, "bloquenomb": null, "coordenada": null, "departamen": null, "provincia": "Paucartambo", "distrito": "Kosñipata", "juntausuar": null, "comisionco": null, "fecharegis": null, "validado": "JUAN92_JS", "pozo": null, "codpozo": null, "numfila": 1, "datum": "WGS 84 (UTM)", "zona": 19, "este": 236259, "norte": 8566323, "unidadhidr": null, "areatotal": 0.0 }, "geometry": { "type": "Point", "coordinates": [ -71.431031952690347, -12.957373772216084 ] } },
{ "type": "Feature", "properties": { "aaa": "Madre de Dios", "ala": "Tahuamanu - Madre de Dios", "resolucion": "RD 0228-2020", "fecha": "09\/09\/2020", "archivo": "59-RD-0228-2020-04.pdf", "codlugarus": null, "lugaruso": "ESTANQUE", "uso": "Acuícola", "clase": "Licencia", "volumen": 40500.0, "area": 0.0, "modulo": 0.0, "usuario": "NORIEGA SUCNO, ULISES ELISEO", "documento": "DNI: 23988656", "fuentetipo": null, "fuente": "Quebrada GUADALUPE", "volumenfue": null, "cur": 2.0200228045904151e+19, "organizaci": null, "bloquecodi": null, "bloquenomb": null, "coordenada": null, "departamen": null, "provincia": "Paucartambo", "distrito": "Kosñipata", "juntausuar": null, "comisionco": null, "fecharegis": null, "validado": "JUAN92_JS", "pozo": null, "codpozo": null, "numfila": 1, "datum": "WGS 84 (UTM)", "zona": 19, "este": 229464, "norte": 8571128, "unidadhidr": null, "areatotal": 0.0 }, "geometry": { "type": "Point", "coordinates": [ -71.493192203291116, -12.913372775700443 ] } },
{ "type": "Feature", "properties": { "aaa": "Madre de Dios", "ala": "Tahuamanu - Madre de Dios", "resolucion": "RD 0233-2020", "fecha": "18\/09\/2020", "archivo": "59-RD-0233-2020-04.pdf", "codlugarus": null, "lugaruso": "MULTISERVICIOS VARGAS", "uso": "Otros Usos", "clase": "Licencia", "volumen": 2920.0, "area": 0.0, "modulo": 0.0, "usuario": "JORGE VARGAS RAMOS", "documento": "RUC: 10048023032", "fuentetipo": null, "fuente": "Acuífero INTERCUENCA MEDIO MADRE DE DIOS 46645", "volumenfue": null, "cur": 2.0200233045912084e+19, "organizaci": null, "bloquecodi": null, "bloquenomb": null, "coordenada": null, "departamen": null, "provincia": "Tambopata", "distrito": "Tambopata", "juntausuar": null, "comisionco": null, "fecharegis": null, "validado": "JUAN92_JS", "pozo": null, "codpozo": null, "numfila": 1, "datum": "WGS 84 (UTM)", "zona": 19, "este": 479251, "norte": 8608419, "unidadhidr": null, "areatotal": 0.0 }, "geometry": { "type": "Point", "coordinates": [ -69.191027900188715, -12.587986920605291 ] } },
{ "type": "Feature", "properties": { "aaa": "Madre de Dios", "ala": "Tahuamanu - Madre de Dios", "resolucion": "RD 0237-2020", "fecha": "22\/09\/2020", "archivo": "59-RD-0237-2020-05.pdf", "codlugarus": null, "lugaruso": "VIVIENDA FAMILIAR RURAL LOTE NUMERO 7 Mz E UPIS EMMANUEL", "uso": "Doméstico - Poblacional", "clase": "Licencia", "volumen": 599.19, "area": 0.0, "modulo": 0.0, "usuario": "HARO BASILIO, JUAN JOSE", "documento": "DNI: 04814147", "fuentetipo": null, "fuente": "Acuífero INTERCUENCA MEDIO ALTO MADRE DE DIOS 46647", "volumenfue": null, "cur": 2.0200237045902201e+19, "organizaci": null, "bloquecodi": null, "bloquenomb": null, "coordenada": null, "departamen": null, "provincia": "Tambopata", "distrito": "Tambopata", "juntausuar": null, "comisionco": null, "fecharegis": null, "validado": "JUAN92_JS", "pozo": null, "codpozo": null, "numfila": 1, "datum": "WGS 84 (UTM)", "zona": 19, "este": 477752, "norte": 8611103, "unidadhidr": null, "areatotal": 0.0 }, "geometry": { "type": "Point", "coordinates": [ -69.204809312781052, -12.563705440022765 ] } },
{ "type": "Feature", "properties": { "aaa": "Madre de Dios", "ala": "Tahuamanu - Madre de Dios", "resolucion": "RD 0238-2020", "fecha": "23\/09\/2020", "archivo": "59-RD-0238-2020-04.pdf", "codlugarus": null, "lugaruso": "DERECHO MINERO SIGLO XXI B", "uso": "Minero", "clase": "Licencia", "volumen": 20000.0, "area": 0.0, "modulo": 0.0, "usuario": "ROMÁN GUZMÁN, FREDY", "documento": "RUC: 10802819663", "fuentetipo": null, "fuente": "Acuífero INTERCUENCA MEDIO ALTO MADRE DE DIOS 46647", "volumenfue": null, "cur": 2.0200238045908181e+19, "organizaci": null, "bloquecodi": null, "bloquenomb": null, "coordenada": null, "departamen": null, "provincia": "Tambopata", "distrito": "Laberinto", "juntausuar": null, "comisionco": null, "fecharegis": null, "validado": "JUAN92_JS", "pozo": null, "codpozo": null, "numfila": 1, "datum": "WGS 84 (UTM)", "zona": 19, "este": 441812, "norte": 8595629, "unidadhidr": null, "areatotal": 0.0 }, "geometry": { "type": "Point", "coordinates": [ -69.535948026383195, -12.703173358867382 ] } },
{ "type": "Feature", "properties": { "aaa": "Madre de Dios", "ala": "Tahuamanu - Madre de Dios", "resolucion": "RD 0245-2020", "fecha": "30\/09\/2020", "archivo": "59-RD-0245-2020-05.pdf", "codlugarus": null, "lugaruso": "VIVIENDA FAMILIAR - RURAL (PJE. MIGUEL GRAU MZ15 - LOTE 6)", "uso": "Doméstico - Poblacional", "clase": "Licencia", "volumen": 473.07, "area": 0.0, "modulo": 0.0, "usuario": "PARCCO QUISPE, CARLOS ALBERTO", "documento": "DNI: 44115046", "fuentetipo": null, "fuente": "Acuífero INTERCUENCA MEDIO MADRE DE DIOS 46645", "volumenfue": null, "cur": 2.0200245045902107e+19, "organizaci": null, "bloquecodi": null, "bloquenomb": null, "coordenada": null, "departamen": null, "provincia": "Tambopata", "distrito": "Las Piedras", "juntausuar": null, "comisionco": null, "fecharegis": null, "validado": "JUAN92_JS", "pozo": null, "codpozo": null, "numfila": 1, "datum": "WGS 84 (UTM)", "zona": 19, "este": 483107, "norte": 8609582, "unidadhidr": null, "areatotal": 0.0 }, "geometry": { "type": "Point", "coordinates": [ -69.155520992364984, -12.577492930518869 ] } },
{ "type": "Feature", "properties": { "aaa": "Madre de Dios", "ala": "Tahuamanu - Madre de Dios", "resolucion": "RD 0246-2020", "fecha": "30\/09\/2020", "archivo": "59-RD-0246-2020-05.pdf", "codlugarus": null, "lugaruso": "VIVIENDA FAMILIAR - RURAL (AA. HH. PUEBLO UNIDO PARTE ALTA)", "uso": "Doméstico - Poblacional", "clase": "Licencia", "volumen": 946.07, "area": 0.0, "modulo": 0.0, "usuario": "VELASQUEZ ORTOGORIN, LIVIO", "documento": "DNI: 41126557", "fuentetipo": null, "fuente": "Acuífero INTERCUENCA ALTO MADRE DE DIOS 46649", "volumenfue": null, "cur": 2.0200246045902111e+19, "organizaci": null, "bloquecodi": null, "bloquenomb": null, "coordenada": null, "departamen": null, "provincia": "Manu", "distrito": "Huepetuhe", "juntausuar": null, "comisionco": null, "fecharegis": null, "validado": "JUAN92_JS", "pozo": null, "codpozo": null, "numfila": 1, "datum": "WGS 84 (UTM)", "zona": 19, "este": 334325, "norte": 8562118, "unidadhidr": null, "areatotal": 0.0 }, "geometry": { "type": "Point", "coordinates": [ -70.527634201504313, -13.002254096490194 ] } },
{ "type": "Feature", "properties": { "aaa": "Madre de Dios", "ala": "Tahuamanu - Madre de Dios", "resolucion": "RD 0247-2020", "fecha": "01\/10\/2020", "archivo": "59-RD-0247-2020-04.pdf", "codlugarus": null, "lugaruso": "ESTANQUE", "uso": "Acuícola", "clase": "Licencia", "volumen": 64800.0, "area": 0.0, "modulo": 0.0, "usuario": "ASOCIACION DE PESCADORES ARTESANALES SAN PEDRO DE LA COMUNIDAD LAGO INAMBARILLO", "documento": "RUC: 20604086150", "fuentetipo": null, "fuente": "Laguna INAMBARILLO", "volumenfue": null, "cur": 2.020024704590411e+19, "organizaci": null, "bloquecodi": null, "bloquenomb": null, "coordenada": null, "departamen": null, "provincia": "Tambopata", "distrito": "Laberinto", "juntausuar": null, "comisionco": null, "fecharegis": null, "validado": "JUAN92_JS", "pozo": null, "codpozo": null, "numfila": 1, "datum": "WGS 84 (UTM)", "zona": 19, "este": 412988, "norte": 8593492, "unidadhidr": null, "areatotal": 0.0 }, "geometry": { "type": "Point", "coordinates": [ -69.801480524357444, -12.721827257610853 ] } },
{ "type": "Feature", "properties": { "aaa": "Madre de Dios", "ala": "Tahuamanu - Madre de Dios", "resolucion": "RD 0255-2020", "fecha": "06\/10\/2020", "archivo": "59-RD-0255-2020-04.pdf", "codlugarus": null, "lugaruso": "ESTANQUE", "uso": "Acuícola", "clase": "Licencia", "volumen": 35190.0, "area": 0.0, "modulo": 0.0, "usuario": "HUAMANI MARTINEZ, SANTIAGO", "documento": "DNI: 23950203", "fuentetipo": null, "fuente": "Manantial TRES AGUAJES", "volumenfue": null, "cur": 2.0200255045904179e+19, "organizaci": null, "bloquecodi": null, "bloquenomb": null, "coordenada": null, "departamen": null, "provincia": "Manu", "distrito": "Manu", "juntausuar": null, "comisionco": null, "fecharegis": null, "validado": "JUAN92_JS", "pozo": null, "codpozo": null, "numfila": 1, "datum": "WGS 84 (UTM)", "zona": 19, "este": 259485, "norte": 8601744, "unidadhidr": null, "areatotal": 0.0 }, "geometry": { "type": "Point", "coordinates": [ -71.214269307342605, -12.63921757140122 ] } },
{ "type": "Feature", "properties": { "aaa": "Madre de Dios", "ala": "Tahuamanu - Madre de Dios", "resolucion": "RD 0261-2020", "fecha": "09\/10\/2020", "archivo": "59-RD-0261-2020-03.pdf", "codlugarus": null, "lugaruso": "NORMITA (17000449X01)", "uso": "Minero", "clase": "Licencia", "volumen": 45360.0, "area": 0.0, "modulo": 0.0, "usuario": "QUISPE DE MACUTELA, SERGIA", "documento": "RUC: 10048019957", "fuentetipo": null, "fuente": "Acuífero INTERCUENCA MEDIO ALTO MADRE DE DIOS 46647", "volumenfue": null, "cur": 2.0200261045908095e+19, "organizaci": null, "bloquecodi": null, "bloquenomb": null, "coordenada": null, "departamen": null, "provincia": "Tambopata", "distrito": "Tambopata", "juntausuar": null, "comisionco": null, "fecharegis": null, "validado": "JUAN92_JS", "pozo": null, "codpozo": null, "numfila": 1, "datum": "WGS 84 (UTM)", "zona": 19, "este": 475346, "norte": 8613921, "unidadhidr": null, "areatotal": 0.0 }, "geometry": { "type": "Point", "coordinates": [ -69.226935879879932, -12.538204567236749 ] } },
{ "type": "Feature", "properties": { "aaa": "Madre de Dios", "ala": "Tahuamanu - Madre de Dios", "resolucion": "RD 0297-2020", "fecha": "03\/11\/2020", "archivo": "59-RD-0297-2020-03.pdf", "codlugarus": null, "lugaruso": "Camino Vecinal Centro Pastora Chorrillos - Túpac Amaru - Tres Islas, Distrito y Provincia de Tambopata, Región Madre de Dios", "uso": "Otros Usos", "clase": "Autorización", "volumen": 2196.0, "area": 0.0, "modulo": 0.0, "usuario": "DIRECCION REGIONAL DE TRANSPORTES Y COMUNICACIONES DE MADRE DE DIOS", "documento": "RUC: 20199189710", "fuentetipo": null, "fuente": "Quebrada CHORRILLOS \/ Río MADRE DE DIOS", "volumenfue": null, "cur": 2.0200297045912121e+19, "organizaci": null, "bloquecodi": null, "bloquenomb": null, "coordenada": null, "departamen": null, "provincia": "Tambopata", "distrito": "Tambopata", "juntausuar": null, "comisionco": null, "fecharegis": null, "validado": "JUAN92_JS", "pozo": null, "codpozo": null, "numfila": 1, "datum": "WGS 84 (UTM)", "zona": 19, "este": 473937, "norte": 8606933, "unidadhidr": null, "areatotal": 0.0 }, "geometry": { "type": "Point", "coordinates": [ -69.239964036129152, -12.601385303185939 ] } },
{ "type": "Feature", "properties": { "aaa": "Madre de Dios", "ala": "Tahuamanu - Madre de Dios", "resolucion": "RD 0299-2020", "fecha": "04\/11\/2020", "archivo": "59-RD-0299-2020-04.pdf", "codlugarus": null, "lugaruso": "PLANTA DE TRASFORMACION DE PRODUCCTOS FORESTALES MONTENEGRO", "uso": "Otros Usos", "clase": "Licencia", "volumen": 5388.72, "area": 0.0, "modulo": 0.0, "usuario": "FORESTAL OTORONGO", "documento": "RUC: 20484479616", "fuentetipo": null, "fuente": "Acuífero ORTHON 4662 \/ Acuífero ORTHON 4662", "volumenfue": null, "cur": 2.0200299045912183e+19, "organizaci": null, "bloquecodi": null, "bloquenomb": null, "coordenada": null, "departamen": null, "provincia": "Tahuamanu", "distrito": "Tahuamanu", "juntausuar": null, "comisionco": null, "fecharegis": null, "validado": "JUAN92_JS", "pozo": null, "codpozo": null, "numfila": 1, "datum": "WGS 84 (UTM)", "zona": 19, "este": 468887, "norte": 8719530, "unidadhidr": null, "areatotal": 0.0 }, "geometry": { "type": "Point", "coordinates": [ -69.28537772852269, -11.583101030467326 ] } },
{ "type": "Feature", "properties": { "aaa": "Madre de Dios", "ala": "Tahuamanu - Madre de Dios", "resolucion": "RD 0301-2020", "fecha": "04\/11\/2020", "archivo": "59-RD-0301-2020-04.pdf", "codlugarus": null, "lugaruso": "PROYECTO MINERO EL DESPRECIO (070007708)", "uso": "Minero", "clase": "Licencia", "volumen": 50400.0, "area": 0.0, "modulo": 0.0, "usuario": "CAVIEDES CUSI, ARISTIDES", "documento": "RUC: 10048228696", "fuentetipo": null, "fuente": "Acuífero INTERCUENCA MEDIO ALTO MADRE DE DIOS 46647 \/ Acuífero INTERCUENCA MEDIO ALTO MADRE DE DIOS 46647", "volumenfue": null, "cur": 2.0200301045908144e+19, "organizaci": null, "bloquecodi": null, "bloquenomb": null, "coordenada": null, "departamen": null, "provincia": "Tambopata", "distrito": "Laberinto", "juntausuar": null, "comisionco": null, "fecharegis": null, "validado": "JUAN92_JS", "pozo": null, "codpozo": null, "numfila": 1, "datum": "WGS 84 (UTM)", "zona": 19, "este": 435069, "norte": 8602270, "unidadhidr": null, "areatotal": 0.0 }, "geometry": { "type": "Point", "coordinates": [ -69.597912998473888, -12.642989785262253 ] } },
{ "type": "Feature", "properties": { "aaa": "Madre de Dios", "ala": "Tahuamanu - Madre de Dios", "resolucion": "RD 0305-2020", "fecha": "06\/11\/2020", "archivo": "59-RD-0305-2020-04.pdf", "codlugarus": null, "lugaruso": "Mejoramiento. Conservación, Mantenimiento y explotación de la infraestructura vial de servicio público Tramo vial Nº 3: Puente lnambari-lñapari", "uso": "Otros Usos", "clase": "Autorización", "volumen": 143596.8, "area": 0.0, "modulo": 0.0, "usuario": "ODEBRECHT PERU OPERACIONES Y SERVICIOS S.A.C.", "documento": "RUC: 20544263642", "fuentetipo": null, "fuente": "Quebrada PLANCHON \/ Quebrada PAMPA HERMOSA \/ Quebrada MAVILA II \/ Río MANURIPE \/ Quebrada ALERTA \/ Río MAYMANU \/ Río TAHUAMANU \/ Río MADRE DE DIOS", "volumenfue": null, "cur": 2.020030504591217e+19, "organizaci": null, "bloquecodi": null, "bloquenomb": null, "coordenada": null, "departamen": null, "provincia": "Tambopata", "distrito": "Tambopata", "juntausuar": null, "comisionco": null, "fecharegis": null, "validado": "JUAN92_JS", "pozo": null, "codpozo": null, "numfila": 1, "datum": "WGS 84 (UTM)", "zona": 19, "este": 471780, "norte": 8602790, "unidadhidr": null, "areatotal": 0.0 }, "geometry": { "type": "Point", "coordinates": [ -69.259861361101031, -12.638831410190702 ] } },
{ "type": "Feature", "properties": { "aaa": "Madre de Dios", "ala": "Tahuamanu - Madre de Dios", "resolucion": "RD 0306-2020", "fecha": "06\/11\/2020", "archivo": "59-RD-0306-2020-05.pdf", "codlugarus": null, "lugaruso": "Vivienda Familiar Rural (km 7 de la carretera Puerto Maldonado - Mazuko)", "uso": "Doméstico - Poblacional", "clase": "Licencia", "volumen": 599.19, "area": 0.0, "modulo": 0.0, "usuario": "AMABLE ROQUE, MOISES", "documento": "DNI: 04827534", "fuentetipo": null, "fuente": "Acuífero INTERCUENCA MEDIO ALTO MADRE DE DIOS 46647", "volumenfue": null, "cur": 2.0200306045902152e+19, "organizaci": null, "bloquecodi": null, "bloquenomb": null, "coordenada": null, "departamen": null, "provincia": "Tambopata", "distrito": "Tambopata", "juntausuar": null, "comisionco": null, "fecharegis": null, "validado": "JUAN92_JS", "pozo": null, "codpozo": null, "numfila": 1, "datum": "WGS 84 (UTM)", "zona": 19, "este": 474958, "norte": 8607617, "unidadhidr": null, "areatotal": 0.0 }, "geometry": { "type": "Point", "coordinates": [ -69.230558138141475, -12.595208218049434 ] } },
{ "type": "Feature", "properties": { "aaa": "Madre de Dios", "ala": "Tahuamanu - Madre de Dios", "resolucion": "RD 0326-2020", "fecha": "17\/11\/2020", "archivo": "59-RD-0326-2020-05.pdf", "codlugarus": null, "lugaruso": "VIVIENDA FAMILIAR - RURAL (Asociación Frente Industrial Mz. A Lte. 4)", "uso": "Doméstico - Poblacional", "clase": "Licencia", "volumen": 693.74, "area": 0.0, "modulo": 0.0, "usuario": "INCAROCA CALDERON, WILBER", "documento": "DNI: 80014366,", "fuentetipo": null, "fuente": "Acuífero INTERCUENCA ALTO MADRE DE DIOS 46649", "volumenfue": null, "cur": 2.0200326045902111e+19, "organizaci": null, "bloquecodi": null, "bloquenomb": null, "coordenada": null, "departamen": null, "provincia": "Manu", "distrito": "Huepetuhe", "juntausuar": null, "comisionco": null, "fecharegis": null, "validado": "JUAN92_JS", "pozo": null, "codpozo": null, "numfila": 1, "datum": "WGS 84 (UTM)", "zona": 19, "este": 334458, "norte": 8561735, "unidadhidr": null, "areatotal": 0.0 }, "geometry": { "type": "Point", "coordinates": [ -70.526429329805936, -13.005723430353823 ] } },
{ "type": "Feature", "properties": { "aaa": "Madre de Dios", "ala": "Tahuamanu - Madre de Dios", "resolucion": "RD 0355-2020", "fecha": "30\/11\/2020", "archivo": "59-RD-0355-2020-05.pdf", "codlugarus": null, "lugaruso": "VIVIENDA FAMILIAR RURAL CARRETERA CARROZABLE KM 5 DE TAMBOPATA CHORRILLOS", "uso": "Doméstico - Poblacional", "clase": "Licencia", "volumen": 693.74, "area": 0.0, "modulo": 0.0, "usuario": "ROBLES BALENGLECIAS, ROFINA", "documento": "DNI: 43725080", "fuentetipo": null, "fuente": "Acuífero INTERCUENCA MEDIO ALTO MADRE DE DIOS 46647", "volumenfue": null, "cur": 2.0200355045902082e+19, "organizaci": null, "bloquecodi": null, "bloquenomb": null, "coordenada": null, "departamen": null, "provincia": "Tambopata", "distrito": "Tambopata", "juntausuar": null, "comisionco": null, "fecharegis": null, "validado": "JUAN92_JS", "pozo": null, "codpozo": null, "numfila": 1, "datum": "WGS 84 (UTM)", "zona": 19, "este": 469222, "norte": 8606253, "unidadhidr": null, "areatotal": 0.0 }, "geometry": { "type": "Point", "coordinates": [ -69.283381814919906, -12.607491976687166 ] } },
{ "type": "Feature", "properties": { "aaa": "Madre de Dios", "ala": "Tahuamanu - Madre de Dios", "resolucion": "RD 0370-2020", "fecha": "07\/12\/2020", "archivo": "59-RD-0370-2020-05.pdf", "codlugarus": null, "lugaruso": "Proyecto Minero Los Invitados 6 dentro de la Concesión minera Los invitados 6 (Código 070038104)", "uso": "Minero", "clase": "Licencia", "volumen": 41580.0, "area": 0.0, "modulo": 0.0, "usuario": "CCANTO MOSCOSO, SERGIO CIRIACO", "documento": "RUC: 10049632971", "fuentetipo": null, "fuente": "Acuífero INTERCUENCA ALTO MADRE DE DIOS 46649 \/ Acuífero INTERCUENCA ALTO MADRE DE DIOS 46649 \/ Acuífero INTERCUENCA ALTO MADRE DE DIOS 46649", "volumenfue": null, "cur": 2.0200370045908111e+19, "organizaci": null, "bloquecodi": null, "bloquenomb": null, "coordenada": null, "departamen": null, "provincia": "Manu", "distrito": "Madre De Dios", "juntausuar": null, "comisionco": null, "fecharegis": null, "validado": "JUAN92_JS", "pozo": null, "codpozo": null, "numfila": 1, "datum": "WGS 84 (UTM)", "zona": 19, "este": 342313, "norte": 8602035, "unidadhidr": null, "areatotal": 0.0 }, "geometry": { "type": "Point", "coordinates": [ -70.451926712957032, -12.641830666577349 ] } },
{ "type": "Feature", "properties": { "aaa": "Madre de Dios", "ala": "Tahuamanu - Madre de Dios", "resolucion": "RD 0372-2020", "fecha": "07\/12\/2020", "archivo": "59-RD-0372-2020-05.pdf", "codlugarus": null, "lugaruso": "Proyecto Minero Acumulación Aaron 111B(Códioo070004504)", "uso": "Minero", "clase": "Licencia", "volumen": 90720.0, "area": 0.0, "modulo": 0.0, "usuario": "MENDOZA BORJA, SANTOS MARCELO", "documento": "RUC: 10295148131", "fuentetipo": null, "fuente": "Acuífero INTERCUENCA ALTO MADRE DE DIOS 46649 \/ Acuífero INTERCUENCA ALTO MADRE DE DIOS 46649 \/ Acuífero INTERCUENCA ALTO MADRE DE DIOS 46649 \/ Acuífero INTERCUENCA ALTO MADRE DE DIOS 46649", "volumenfue": null, "cur": 2.0200372045908115e+19, "organizaci": null, "bloquecodi": null, "bloquenomb": null, "coordenada": null, "departamen": null, "provincia": "Manu", "distrito": "Madre De Dios", "juntausuar": null, "comisionco": null, "fecharegis": null, "validado": "JUAN92_JS", "pozo": null, "codpozo": null, "numfila": 1, "datum": "WGS 84 (UTM)", "zona": 19, "este": 348810, "norte": 8604629, "unidadhidr": null, "areatotal": 0.0 }, "geometry": { "type": "Point", "coordinates": [ -70.391990401305677, -12.618699266967949 ] } },
{ "type": "Feature", "properties": { "aaa": "Madre de Dios", "ala": "Tahuamanu - Madre de Dios", "resolucion": "RD 0373-2020", "fecha": "07\/12\/2020", "archivo": "59-RD-0373-2020-05.pdf", "codlugarus": null, "lugaruso": "Proyecto Minero Jhade Luhana 1 dentro del derecho minero Jhade Luhana 1 (código 070022707)", "uso": "Minero", "clase": "Licencia", "volumen": 27720.0, "area": 0.0, "modulo": 0.0, "usuario": "MENDOZA RUIZ, JAVIER MARCELO", "documento": "RUC: 10450437951", "fuentetipo": null, "fuente": "Acuífero INTERCUENCA ALTO MADRE DE DIOS 46649", "volumenfue": null, "cur": 2.020037304590812e+19, "organizaci": null, "bloquecodi": null, "bloquenomb": null, "coordenada": null, "departamen": null, "provincia": "Manu", "distrito": "Madre De Dios", "juntausuar": null, "comisionco": null, "fecharegis": null, "validado": "JUAN92_JS", "pozo": null, "codpozo": null, "numfila": 1, "datum": "WGS 84 (UTM)", "zona": 19, "este": 351810, "norte": 8603629, "unidadhidr": null, "areatotal": 0.0 }, "geometry": { "type": "Point", "coordinates": [ -70.364423189964711, -12.627882208014412 ] } },
{ "type": "Feature", "properties": { "aaa": "Madre de Dios", "ala": "Tahuamanu - Madre de Dios", "resolucion": "RD 0378-2020", "fecha": "11\/12\/2020", "archivo": "59-RD-0378-2020-05.pdf", "codlugarus": null, "lugaruso": "VIVIENDA FAMILIAR-RURAL (Sector Chontachaca)", "uso": "Doméstico - Poblacional", "clase": "Licencia", "volumen": 208.65, "area": 0.0, "modulo": 0.0, "usuario": "AMANQUI QUISPE, FLORENCIO", "documento": "DNI: 23960505", "fuentetipo": null, "fuente": "Quebrada CCOCHAYOCC", "volumenfue": null, "cur": 2.0200378045902189e+19, "organizaci": null, "bloquecodi": null, "bloquenomb": null, "coordenada": null, "departamen": null, "provincia": "Paucartambo", "distrito": "Kosñipata", "juntausuar": null, "comisionco": null, "fecharegis": null, "validado": "JUAN92_JS", "pozo": null, "codpozo": null, "numfila": 1, "datum": "WGS 84 (UTM)", "zona": 19, "este": 228147, "norte": 8557044, "unidadhidr": null, "areatotal": 0.0 }, "geometry": { "type": "Point", "coordinates": [ -71.50659626864865, -13.040492032840508 ] } },
{ "type": "Feature", "properties": { "aaa": "Madre de Dios", "ala": "Tahuamanu - Madre de Dios", "resolucion": "RD 0394-2020", "fecha": "18\/12\/2020", "archivo": "59-RD-0394-2020-04.pdf", "codlugarus": null, "lugaruso": "Proyecto \"Mejoramiento del Camino Vecinal Ponalillo-Arrozal· Republica, distrito de Iberia-provincia Tahuamanu-región Madre de Dios\".", "uso": "Otros Usos", "clase": "Autorización", "volumen": 8944.0, "area": 0.0, "modulo": 0.0, "usuario": "PROYECTO ESPECIAL MADRE DE DIOS", "documento": "RUC: 20170258305", "fuentetipo": null, "fuente": "Quebrada TABOCAL \/ Manantial NAREUDA \/ Manantial ARROZAL", "volumenfue": null, "cur": 2.0200394045912113e+19, "organizaci": null, "bloquecodi": null, "bloquenomb": null, "coordenada": null, "departamen": null, "provincia": "Tahuamanu", "distrito": "Iberia", "juntausuar": null, "comisionco": null, "fecharegis": null, "validado": "JUAN92_JS", "pozo": null, "codpozo": null, "numfila": 1, "datum": "WGS 84 (UTM)", "zona": 19, "este": 445920, "norte": 8742912, "unidadhidr": null, "areatotal": 0.0 }, "geometry": { "type": "Point", "coordinates": [ -69.495664407855472, -11.371364422752178 ] } },
{ "type": "Feature", "properties": { "aaa": "Madre de Dios", "ala": "Tahuamanu - Madre de Dios", "resolucion": "RD 0401-2020", "fecha": "23\/12\/2020", "archivo": "59-RD-0401-2020-05.pdf", "codlugarus": null, "lugaruso": "VIVIENDA FAMILIAR (PARCELA 16 PREDIOO NILO II)-SECTOR CHONTACHACA", "uso": "Doméstico - Poblacional", "clase": "Licencia", "volumen": 473.07, "area": 0.0, "modulo": 0.0, "usuario": "JILAHUANCO HUAMANSULCA, GLORIA SONIA", "documento": "DNI: 43709876", "fuentetipo": null, "fuente": "Manantial CHONTACHACA", "volumenfue": null, "cur": 2.0200401045902115e+19, "organizaci": null, "bloquecodi": null, "bloquenomb": null, "coordenada": null, "departamen": null, "provincia": "Paucartambo", "distrito": "Kosñipata", "juntausuar": null, "comisionco": null, "fecharegis": null, "validado": "JUAN92_JS", "pozo": null, "codpozo": null, "numfila": 1, "datum": "WGS 84 (UTM)", "zona": 19, "este": 230629, "norte": 8558732, "unidadhidr": null, "areatotal": 0.0 }, "geometry": { "type": "Point", "coordinates": [ -71.483574291817831, -13.02546286649271 ] } },
{ "type": "Feature", "properties": { "aaa": "Madre de Dios", "ala": "Tahuamanu - Madre de Dios", "resolucion": "RD 0413-2020", "fecha": "30\/12\/2020", "archivo": "59-RD-0413-2020-05.pdf", "codlugarus": null, "lugaruso": "VIVIENDA FAMILIAR RURAL Parcela agricola N° 34", "uso": "Doméstico - Poblacional", "clase": "Licencia", "volumen": 1383.0, "area": 0.0, "modulo": 0.0, "usuario": "QUISPE CALLE, DEMETRIO", "documento": "DNI: 25132249", "fuentetipo": null, "fuente": "Quebrada QUINSAMAYO", "volumenfue": null, "cur": 2.0200413045902103e+19, "organizaci": null, "bloquecodi": null, "bloquenomb": null, "coordenada": null, "departamen": null, "provincia": "Paucartambo", "distrito": "Kosñipata", "juntausuar": null, "comisionco": null, "fecharegis": null, "validado": "JUAN92_JS", "pozo": null, "codpozo": null, "numfila": 1, "datum": "WGS 84 (UTM)", "zona": 19, "este": 224116, "norte": 8555310, "unidadhidr": null, "areatotal": 0.0 }, "geometry": { "type": "Point", "coordinates": [ -71.543898378623311, -13.055794133041109 ] } },
{ "type": "Feature", "properties": { "aaa": "Madre de Dios", "ala": "Tahuamanu - Madre de Dios", "resolucion": "RD 0003-2021", "fecha": "07\/01\/2021", "archivo": "59-RD-0003-2021-05.pdf", "codlugarus": null, "lugaruso": "Vivienda Familiar-Rural (Parcela N\" 6, UC N\" 20024-Sector Pelayoc)", "uso": "Doméstico - Poblacional", "clase": "Licencia", "volumen": 283.86, "area": 0.0, "modulo": 0.0, "usuario": "BARRETO FLORES, EDUARDO", "documento": "DNI: 25132469", "fuentetipo": null, "fuente": "Manantial PELAYOC", "volumenfue": null, "cur": 2.0210003045902123e+19, "organizaci": null, "bloquecodi": null, "bloquenomb": null, "coordenada": null, "departamen": null, "provincia": "Paucartambo", "distrito": "Kosñipata", "juntausuar": null, "comisionco": null, "fecharegis": null, "validado": "PSANTIN", "pozo": null, "codpozo": null, "numfila": 1, "datum": "WGS 84 (UTM)", "zona": 19, "este": 240700, "norte": 8572750, "unidadhidr": null, "areatotal": 0.0 }, "geometry": { "type": "Point", "coordinates": [ -71.389569562513998, -12.899685514231319 ] } },
{ "type": "Feature", "properties": { "aaa": "Madre de Dios", "ala": "Tahuamanu - Madre de Dios", "resolucion": "RD 0004-2021", "fecha": "08\/01\/2021", "archivo": "59-RD-0004-2021-05.pdf", "codlugarus": null, "lugaruso": "VIVIENDA FAMILIAR RURAL (SECTOR CASTAÑAL, ALTURA DEL KM 9 DE LA CARRETERA PUERTO MALDONADO-CUSCO)", "uso": "Doméstico - Poblacional", "clase": "Licencia", "volumen": 1135.27, "area": 0.0, "modulo": 0.0, "usuario": "QUISPE BONIFACIO, EMILIA", "documento": "DNI: 29307541", "fuentetipo": null, "fuente": "Acuífero TAMBOPATA (46644)", "volumenfue": null, "cur": 2.0210004045902172e+19, "organizaci": null, "bloquecodi": null, "bloquenomb": null, "coordenada": null, "departamen": null, "provincia": "Tambopata", "distrito": "Tambopata", "juntausuar": null, "comisionco": null, "fecharegis": null, "validado": "PSANTIN", "pozo": null, "codpozo": null, "numfila": 1, "datum": "WGS 84 (UTM)", "zona": 19, "este": 474732, "norte": 8605784, "unidadhidr": null, "areatotal": 0.0 }, "geometry": { "type": "Point", "coordinates": [ -69.232653828824681, -12.611782077058123 ] } },
{ "type": "Feature", "properties": { "aaa": "Madre de Dios", "ala": "Tahuamanu - Madre de Dios", "resolucion": "RD 0016-2021", "fecha": "19\/01\/2021", "archivo": "59-RD-0016-2021-05.pdf", "codlugarus": null, "lugaruso": "Vivienda Familiar Rural (Asociación Pro- Vivienda Santa Rosa Mz. A, Lte. 1, Av. La Joya)", "uso": "Doméstico - Poblacional", "clase": "Licencia", "volumen": 630.73, "area": 0.0, "modulo": 0.0, "usuario": "DURAN HUAMANI, JUSTINA", "documento": "DNI: 23824318", "fuentetipo": null, "fuente": "Acuífero INTERCUENCA ALTO MADRE DE DIOS 46649", "volumenfue": null, "cur": 2.0210016045902119e+19, "organizaci": null, "bloquecodi": null, "bloquenomb": null, "coordenada": null, "departamen": null, "provincia": "Manu", "distrito": "Huepetuhe", "juntausuar": null, "comisionco": null, "fecharegis": null, "validado": "PSANTIN", "pozo": null, "codpozo": null, "numfila": 1, "datum": "WGS 84 (UTM)", "zona": 19, "este": 334350, "norte": 8561980, "unidadhidr": null, "areatotal": 0.0 }, "geometry": { "type": "Point", "coordinates": [ -70.527411374772598, -13.003502900912418 ] } },
{ "type": "Feature", "properties": { "aaa": "Madre de Dios", "ala": "Tahuamanu - Madre de Dios", "resolucion": "RD 0018-2021", "fecha": "19\/01\/2021", "archivo": "59-RD-0018-2021-05.pdf", "codlugarus": null, "lugaruso": "Vivienda Familiar Rural (Asociación Tres de Mayo Mz. A, Lte. 1 A)", "uso": "Doméstico - Poblacional", "clase": "Licencia", "volumen": 378.41, "area": 0.0, "modulo": 0.0, "usuario": "QUISPE APAZA, DAVID", "documento": "DNI: 45260317", "fuentetipo": null, "fuente": "Acuífero INTERCUENCA ALTO MADRE DE DIOS 46649", "volumenfue": null, "cur": 2.0210018045902143e+19, "organizaci": null, "bloquecodi": null, "bloquenomb": null, "coordenada": null, "departamen": null, "provincia": "Manu", "distrito": "Huepetuhe", "juntausuar": null, "comisionco": null, "fecharegis": null, "validado": "PSANTIN", "pozo": null, "codpozo": null, "numfila": 1, "datum": "WGS 84 (UTM)", "zona": 19, "este": 334483, "norte": 8561721, "unidadhidr": null, "areatotal": 0.0 }, "geometry": { "type": "Point", "coordinates": [ -70.526199641330734, -13.005851338294208 ] } },
{ "type": "Feature", "properties": { "aaa": "Madre de Dios", "ala": "Tahuamanu - Madre de Dios", "resolucion": "RD 0019-2021", "fecha": "20\/01\/2021", "archivo": "59-RD-0019-2021-05.pdf", "codlugarus": null, "lugaruso": "HOSPEDAJE \"TRES ESTRELLAS\" (Calle 03, Mza 120)", "uso": "Otros Usos", "clase": "Licencia", "volumen": 3832.5, "area": 0.0, "modulo": 0.0, "usuario": "TUMPE FLORES, LUZ MARINA", "documento": "DNI: 40846446", "fuentetipo": null, "fuente": "Acuífero INTERCUENCA ALTO MADRE DE DIOS 46649", "volumenfue": null, "cur": 2.0210019045912146e+19, "organizaci": null, "bloquecodi": null, "bloquenomb": null, "coordenada": null, "departamen": null, "provincia": "Manu", "distrito": "Huepetuhe", "juntausuar": null, "comisionco": null, "fecharegis": null, "validado": "PSANTIN", "pozo": null, "codpozo": null, "numfila": 1, "datum": "WGS 84 (UTM)", "zona": 19, "este": 334186, "norte": 8562874, "unidadhidr": null, "areatotal": 0.0 }, "geometry": { "type": "Point", "coordinates": [ -70.528873714300971, -12.995412708170914 ] } },
{ "type": "Feature", "properties": { "aaa": "Madre de Dios", "ala": "Tahuamanu - Madre de Dios", "resolucion": "RD 0045-2021", "fecha": "12\/02\/2021", "archivo": "59-RD-0045-2021-03.pdf", "codlugarus": null, "lugaruso": "COMUNIDAD DE NUEVO PACARAN", "uso": "Poblacional", "clase": "Licencia", "volumen": 5264.73, "area": 0.0, "modulo": 0.0, "usuario": "JUNTA ADMINISTRADORA DE SERVICIOS DE SANEAMIENTO (JASS) DE LA COMUNIDAD DE NUEVO PACARAN", "documento": null, "fuentetipo": null, "fuente": "Acuífero ORTHON 4662", "volumenfue": null, "cur": 2.0210045045901124e+19, "organizaci": null, "bloquecodi": null, "bloquenomb": null, "coordenada": null, "departamen": null, "provincia": "Tahuamanu", "distrito": "Tahuamanu", "juntausuar": null, "comisionco": null, "fecharegis": null, "validado": "PSANTIN", "pozo": null, "codpozo": null, "numfila": 1, "datum": "WGS 84 (UTM)", "zona": 19, "este": 487332, "norte": 8691163, "unidadhidr": null, "areatotal": 0.0 }, "geometry": { "type": "Point", "coordinates": [ -69.116302305082499, -11.839756841725849 ] } },
{ "type": "Feature", "properties": { "aaa": "Madre de Dios", "ala": "Tahuamanu - Madre de Dios", "resolucion": "RD 0053-2021", "fecha": "22\/02\/2021", "archivo": "59-RD-0053-2021-05.pdf", "codlugarus": null, "lugaruso": "Proyecto Minero SANTA MARTA I", "uso": "Minero", "clase": "Licencia", "volumen": 28360.8, "area": 0.0, "modulo": 0.0, "usuario": "MAMANI TAPARA, FRANCISCA", "documento": "RUC: 10246928288", "fuentetipo": null, "fuente": "Acuífero INTERCUENCA ALTO MADRE DE DIOS 46649", "volumenfue": null, "cur": 2.0210053045908185e+19, "organizaci": null, "bloquecodi": null, "bloquenomb": null, "coordenada": null, "departamen": null, "provincia": "Manu", "distrito": "Madre De Dios", "juntausuar": null, "comisionco": null, "fecharegis": null, "validado": "PSANTIN", "pozo": null, "codpozo": null, "numfila": 1, "datum": "WGS 84 (UTM)", "zona": 19, "este": 328810, "norte": 8580384, "unidadhidr": null, "areatotal": 0.0 }, "geometry": { "type": "Point", "coordinates": [ -70.577436094185117, -12.836837731753892 ] } },
{ "type": "Feature", "properties": { "aaa": "Madre de Dios", "ala": "Tahuamanu - Madre de Dios", "resolucion": "RD 0066-2021", "fecha": "05\/03\/2021", "archivo": "59-RD-0066-2021-05.pdf", "codlugarus": null, "lugaruso": "Hospedaje San Isidro (Av. Alameda Mza. 17, Lote Nº 06, AA. HH. San Isidro)", "uso": "Otros Usos", "clase": "Licencia", "volumen": 5050.0, "area": 0.0, "modulo": 0.0, "usuario": "CG REPRESENTACIONES SAN ISIDRO S.R.L.", "documento": "RUC: 20600456858", "fuentetipo": null, "fuente": "Acuífero INTERCUENCA MEDIO ALTO MADRE DE DIOS 46647", "volumenfue": null, "cur": 2.0210066045912093e+19, "organizaci": null, "bloquecodi": null, "bloquenomb": null, "coordenada": null, "departamen": null, "provincia": "Tambopata", "distrito": "Tambopata", "juntausuar": null, "comisionco": null, "fecharegis": null, "validado": "PSANTIN", "pozo": null, "codpozo": null, "numfila": 1, "datum": "WGS 84 (UTM)", "zona": 19, "este": 478007, "norte": 8608165, "unidadhidr": null, "areatotal": 0.0 }, "geometry": { "type": "Point", "coordinates": [ -69.202482672413964, -12.590275408570248 ] } },
{ "type": "Feature", "properties": { "aaa": "Madre de Dios", "ala": "Tahuamanu - Madre de Dios", "resolucion": "RD 0067-2021", "fecha": "12\/03\/2021", "archivo": "59-RD-0067-2021-04.pdf", "codlugarus": null, "lugaruso": "Centro de Innovación Productiva y Transferencia Tecnológica-CITE Productivo Madre de Dios (Carretera Interoceánica, Puerto Maldonado-Cusco km 16.5)", "uso": "Industrial", "clase": "Licencia", "volumen": 5398.2, "area": 0.0, "modulo": 0.0, "usuario": "INSTITUTO TECNOLÓGICO DE LA PRODUCCIÓN", "documento": "RUC: 20131369477", "fuentetipo": null, "fuente": "Acuífero TAMBOPATA (46644)", "volumenfue": null, "cur": 2.0210067045906121e+19, "organizaci": null, "bloquecodi": null, "bloquenomb": null, "coordenada": null, "departamen": null, "provincia": "Tambopata", "distrito": "Tambopata", "juntausuar": null, "comisionco": null, "fecharegis": null, "validado": "PSANTIN", "pozo": null, "codpozo": null, "numfila": 1, "datum": "WGS 84 (UTM)", "zona": 19, "este": 468648, "norte": 8601267, "unidadhidr": null, "areatotal": 0.0 }, "geometry": { "type": "Point", "coordinates": [ -69.288717331385669, -12.652573996149115 ] } },
{ "type": "Feature", "properties": { "aaa": "Madre de Dios", "ala": "Tahuamanu - Madre de Dios", "resolucion": "RD 0091-2021", "fecha": "16\/04\/2021", "archivo": "59-RD-0091-2021-03.pdf", "codlugarus": null, "lugaruso": "Puente Rocolales-Proyecto \"Mejoramiento del Servicio de Transitabilidad Vehicular en el Sector de Rocotales, Tramo km 58+680 al km 59+000 del CU-113, del Distrito de Kosñipata, Provincia de Paucartamb", "uso": "Otros Usos", "clase": "Autorización", "volumen": 112.3, "area": 0.0, "modulo": 0.0, "usuario": "GERENCIA REGIONAL DE TRANSPORTES Y COMUNICACIONES CUSCO", "documento": "RUC: 20189975920", "fuentetipo": null, "fuente": "Quebrada UNION", "volumenfue": null, "cur": 2.0210091045912154e+19, "organizaci": null, "bloquecodi": null, "bloquenomb": null, "coordenada": null, "departamen": null, "provincia": "Paucartambo", "distrito": "Kosñipata", "juntausuar": null, "comisionco": null, "fecharegis": null, "validado": "PSANTIN", "pozo": null, "codpozo": null, "numfila": 1, "datum": "WGS 84 (UTM)", "zona": 19, "este": 221225, "norte": 8548444, "unidadhidr": null, "areatotal": 0.0 }, "geometry": { "type": "Point", "coordinates": [ -71.571180455311847, -13.1175546561137 ] } },
{ "type": "Feature", "properties": { "aaa": "Madre de Dios", "ala": "Tahuamanu - Madre de Dios", "resolucion": "RD 0108-2021", "fecha": "19\/05\/2021", "archivo": "59-RD-0108-2021-04.pdf", "codlugarus": null, "lugaruso": "Nueva Planta de Abastecimiento Puerto Maldonado", "uso": "Otros Usos", "clase": "Autorización", "volumen": 7000.0, "area": 0.0, "modulo": 0.0, "usuario": "PETROLEOS DEL PERU-PETROPERU S.A.", "documento": "RUC: 20100128218", "fuentetipo": null, "fuente": "Quebrada CASTAÑAL", "volumenfue": null, "cur": 2.0210108045912125e+19, "organizaci": null, "bloquecodi": null, "bloquenomb": null, "coordenada": null, "departamen": null, "provincia": "Tambopata", "distrito": "Tambopata", "juntausuar": null, "comisionco": null, "fecharegis": null, "validado": "PSANTIN", "pozo": null, "codpozo": null, "numfila": 1, "datum": "WGS 84 (UTM)", "zona": 19, "este": 469541, "norte": 8602410, "unidadhidr": null, "areatotal": 0.0 }, "geometry": { "type": "Point", "coordinates": [ -69.280482574904255, -12.64224680508401 ] } },
{ "type": "Feature", "properties": { "aaa": "Madre de Dios", "ala": "Tahuamanu - Madre de Dios", "resolucion": "RD 0115-2021", "fecha": "11\/06\/2021", "archivo": "59-RD-0115-2021-05.pdf", "codlugarus": null, "lugaruso": "Corredor Pillcopata-Dv. Puerto Atalaya-Emp. MD-103 (Puente Rio Carbón); Puente Rio Carbón-Gamitana-Villa Salvación-Shintuya-Itahuania-Nuevo Edén", "uso": "Otros Usos", "clase": "Autorización", "volumen": 95400.0, "area": 0.0, "modulo": 0.0, "usuario": "CONSORCIO CCECC PERÚ", "documento": "RUC: 20605654046", "fuentetipo": null, "fuente": "Río PILLCOPATA \/ Río CARBON \/ Río SALVACION \/ Río YUNGUYO \/ Quebrada ADANRAYA \/ Quebrada CABO DE HORNOS \/ Río SAN ISIDRO \/ Quebrada SHINTUYA \/ Río MUSHIMO \/ Río SERJALI \/ Quebrada MAMAJAPAC \/ R", "volumenfue": null, "cur": 2.021011504591215e+19, "organizaci": null, "bloquecodi": null, "bloquenomb": null, "coordenada": null, "departamen": null, "provincia": "Paucartambo", "distrito": "Kosñipata", "juntausuar": null, "comisionco": null, "fecharegis": null, "validado": "PSANTIN", "pozo": null, "codpozo": null, "numfila": 1, "datum": "WGS 84 (UTM)", "zona": 19, "este": 239144, "norte": 8571612, "unidadhidr": null, "areatotal": 0.0 }, "geometry": { "type": "Point", "coordinates": [ -71.403998231767076, -12.909835729334361 ] } },
{ "type": "Feature", "properties": { "aaa": "Madre de Dios", "ala": "Tahuamanu - Madre de Dios", "resolucion": "RD 0116-2021", "fecha": "11\/06\/2021", "archivo": "59-RD-0116-2021-03.pdf", "codlugarus": null, "lugaruso": "ANEXO LA NOVIA", "uso": "Poblacional", "clase": "Licencia", "volumen": 8616.93, "area": 0.0, "modulo": 0.0, "usuario": "JUNTA ADMINISTRADORA DE SERVICIOS DE SANEAMIENTO (JASS) DE LA COMUNIDAD DE LA NOVIA", "documento": null, "fuentetipo": null, "fuente": "Acuífero ORTHON 4662", "volumenfue": null, "cur": 2.021011604590116e+19, "organizaci": null, "bloquecodi": null, "bloquenomb": null, "coordenada": null, "departamen": null, "provincia": "Tahuamanu", "distrito": "Tahuamanu", "juntausuar": null, "comisionco": null, "fecharegis": null, "validado": "PSANTIN", "pozo": null, "codpozo": null, "numfila": 1, "datum": "WGS 84 (UTM)", "zona": 19, "este": 485048, "norte": 8687914, "unidadhidr": null, "areatotal": 0.0 }, "geometry": { "type": "Point", "coordinates": [ -69.137285883050595, -11.869129645899772 ] } },
{ "type": "Feature", "properties": { "aaa": "Madre de Dios", "ala": "Tahuamanu - Madre de Dios", "resolucion": "RD 0117-2021", "fecha": "11\/06\/2021", "archivo": "59-RD-0117-2021-03.pdf", "codlugarus": null, "lugaruso": "PUEBLO ALERTA", "uso": "Poblacional", "clase": "Licencia", "volumen": 50221.07, "area": 0.0, "modulo": 0.0, "usuario": "JUNTA ADMINISTRADORA DE SERVICIOS DE SANEAMIENTO (JASS) DE LA COMUNIDAD DE ALERTA", "documento": null, "fuentetipo": null, "fuente": "Acuífero ORTHON 4662", "volumenfue": null, "cur": 2.021011704590116e+19, "organizaci": null, "bloquecodi": null, "bloquenomb": null, "coordenada": null, "departamen": null, "provincia": "Tahuamanu", "distrito": "Tahuamanu", "juntausuar": null, "comisionco": null, "fecharegis": null, "validado": "PSANTIN", "pozo": null, "codpozo": null, "numfila": 1, "datum": "WGS 84 (UTM)", "zona": 19, "este": 474417, "norte": 8711061, "unidadhidr": null, "areatotal": 0.0 }, "geometry": { "type": "Point", "coordinates": [ -69.234719350826978, -11.659736434215821 ] } },
{ "type": "Feature", "properties": { "aaa": "Madre de Dios", "ala": "Tahuamanu - Madre de Dios", "resolucion": "RD 0118-2021", "fecha": "11\/06\/2021", "archivo": "59-RD-0118-2021-03.pdf", "codlugarus": null, "lugaruso": "ANEXO PUERTO ARTURO", "uso": "Poblacional", "clase": "Licencia", "volumen": 5466.27, "area": 0.0, "modulo": 0.0, "usuario": "JUNTA ADMINISTRADORA DE SERVICIOS DE SANEAMIENTO (JASS) DEL CENTRO POBLADO PUERTO ARTURO", "documento": null, "fuentetipo": null, "fuente": "Manantial Puerto Arturo \/ Manantial Puerto Arturo II", "volumenfue": null, "cur": 2.021011804590116e+19, "organizaci": null, "bloquecodi": null, "bloquenomb": null, "coordenada": null, "departamen": null, "provincia": "Tambopata", "distrito": "Las Piedras", "juntausuar": null, "comisionco": null, "fecharegis": null, "validado": "PSANTIN", "pozo": null, "codpozo": null, "numfila": 1, "datum": "WGS 84 (UTM)", "zona": 19, "este": 476776, "norte": 8619506, "unidadhidr": null, "areatotal": 0.0 }, "geometry": { "type": "Point", "coordinates": [ -69.213731489844847, -12.487710286602802 ] } },
{ "type": "Feature", "properties": { "aaa": "Madre de Dios", "ala": "Tahuamanu - Madre de Dios", "resolucion": "RD 0120-2021", "fecha": "22\/06\/2021", "archivo": "59-RD-0120-2021-03.pdf", "codlugarus": null, "lugaruso": "ANEXO PUERTO PASTORA", "uso": "Poblacional", "clase": "Licencia", "volumen": 5694.0, "area": 0.0, "modulo": 0.0, "usuario": "JUNTA ADMINISTRADORA DE SERVICIO DE SANEAMIENTO (JASS) DEL CENTRO POBLADO RURAL PUERTO PASTORA", "documento": null, "fuentetipo": null, "fuente": "Acuífero INTERCUENCA MEDIO ALTO MADRE DE DIOS 46647", "volumenfue": null, "cur": 2.0210120045901074e+19, "organizaci": null, "bloquecodi": null, "bloquenomb": null, "coordenada": null, "departamen": null, "provincia": "Tambopata", "distrito": "Tambopata", "juntausuar": null, "comisionco": null, "fecharegis": null, "validado": "PSANTIN", "pozo": null, "codpozo": null, "numfila": 1, "datum": "WGS 84 (UTM)", "zona": 19, "este": 476315, "norte": 8608722, "unidadhidr": null, "areatotal": 0.0 }, "geometry": { "type": "Point", "coordinates": [ -69.21805605746664, -12.58522625477028 ] } },
{ "type": "Feature", "properties": { "aaa": "Madre de Dios", "ala": "Tahuamanu - Madre de Dios", "resolucion": "RD 0137-2021", "fecha": "24\/08\/2021", "archivo": "59-RD-0137-2021-03.pdf", "codlugarus": null, "lugaruso": "VIVIENDA RURAL (CUC Nº: 9_4708605_132321)", "uso": "Poblacional", "clase": "Licencia", "volumen": 907.2, "area": 0.0, "modulo": 0.0, "usuario": "RENE IKEDA GAHONA", "documento": "DNI: 04827168", "fuentetipo": null, "fuente": "Acuífero INTERCUENCA ALTO MADRE DE DIOS 46649", "volumenfue": null, "cur": 2.0210137045901083e+19, "organizaci": null, "bloquecodi": null, "bloquenomb": null, "coordenada": null, "departamen": null, "provincia": "Tambopata", "distrito": "Tambopata", "juntausuar": null, "comisionco": null, "fecharegis": null, "validado": null, "pozo": null, "codpozo": null, "numfila": 1, "datum": "WGS 84 (UTM)", "zona": 19, "este": 472418, "norte": 8606203, "unidadhidr": null, "areatotal": 0.0 }, "geometry": { "type": "Point", "coordinates": [ -69.25395599256909, -12.607973702149373 ] } },
{ "type": "Feature", "properties": { "aaa": "Madre de Dios", "ala": "Tahuamanu - Madre de Dios", "resolucion": "RD 0148-2021", "fecha": "20\/09\/2021", "archivo": "59-RD-0148-2021-04.pdf", "codlugarus": null, "lugaruso": "NUEVA PLANTA DE ABASTECIMIENTO PUERTO MALDONADO", "uso": "Otros Usos", "clase": "Autorización", "volumen": 7092.0, "area": 0.0, "modulo": 0.0, "usuario": "PETROLEOS DEL PERU-PETROPERU S.A.", "documento": "RUC: 20100128218", "fuentetipo": null, "fuente": "Quebrada CASTAÑAL", "volumenfue": null, "cur": 2.021014804591208e+19, "organizaci": null, "bloquecodi": null, "bloquenomb": null, "coordenada": null, "departamen": null, "provincia": "Tambopata", "distrito": "Tambopata", "juntausuar": null, "comisionco": null, "fecharegis": null, "validado": "PSANTIN", "pozo": null, "codpozo": null, "numfila": 1, "datum": "WGS 84 (UTM)", "zona": 19, "este": 469541, "norte": 8602410, "unidadhidr": null, "areatotal": 0.0 }, "geometry": { "type": "Point", "coordinates": [ -69.280482574904255, -12.64224680508401 ] } },
{ "type": "Feature", "properties": { "aaa": "Madre de Dios", "ala": "Tahuamanu - Madre de Dios", "resolucion": "RD 0155-2021", "fecha": "28\/09\/2021", "archivo": "59-RD-0155-2021-05.pdf", "codlugarus": null, "lugaruso": "Proyecto \"Shirley Thalía IV\", dentro de DM SHIRLEY THALIA IV, de Código Nº 070016905", "uso": "Minero", "clase": "Licencia", "volumen": 45640.2, "area": 0.0, "modulo": 0.0, "usuario": "NAYZA S.R.L.", "documento": "RUC: 20490915754", "fuentetipo": null, "fuente": "Acuífero INTERCUENCA ALTO MADRE DE DIOS 46649", "volumenfue": null, "cur": 2.0210155045908152e+19, "organizaci": null, "bloquecodi": null, "bloquenomb": null, "coordenada": null, "departamen": null, "provincia": "Manu", "distrito": "Madre De Dios", "juntausuar": null, "comisionco": null, "fecharegis": null, "validado": null, "pozo": null, "codpozo": null, "numfila": 1, "datum": "WGS 84 (UTM)", "zona": 19, "este": 334068, "norte": 8584861, "unidadhidr": null, "areatotal": 0.0 }, "geometry": { "type": "Point", "coordinates": [ -70.52875422682979, -12.796653763350514 ] } },
{ "type": "Feature", "properties": { "aaa": "Madre de Dios", "ala": "Tahuamanu - Madre de Dios", "resolucion": "RD 0167-2021", "fecha": "18\/10\/2021", "archivo": "59-RD-0167-2021-05.pdf", "codlugarus": null, "lugaruso": "Proyecto “Erick Deyvis”, dentro de DM UBICACIÓN POLÍTICA ERICK DEYVIS, de código N° 070017805", "uso": "Minero", "clase": "Licencia", "volumen": 58500.0, "area": 0.0, "modulo": 0.0, "usuario": "LEONARDO CCAMERCCOA VALDEZ", "documento": "RUC: 10246686641", "fuentetipo": null, "fuente": "Acuífero INTERCUENCA ALTO MADRE DE DIOS 46649", "volumenfue": null, "cur": 2.0210167045908156e+19, "organizaci": null, "bloquecodi": null, "bloquenomb": null, "coordenada": null, "departamen": null, "provincia": "Manu", "distrito": "Huepetuhe", "juntausuar": null, "comisionco": null, "fecharegis": null, "validado": null, "pozo": null, "codpozo": null, "numfila": 1, "datum": "WGS 84 (UTM)", "zona": 19, "este": 332929, "norte": 8563416, "unidadhidr": null, "areatotal": 0.0 }, "geometry": { "type": "Point", "coordinates": [ -70.540430627020697, -12.990444879060215 ] } },
{ "type": "Feature", "properties": { "aaa": "Madre de Dios", "ala": "Tahuamanu - Madre de Dios", "resolucion": "RD 0176-2021", "fecha": "25\/10\/2021", "archivo": "59-RD-0176-2021-03.pdf", "codlugarus": null, "lugaruso": "Mejoramiento del Camino Vecinal Puerto Portillo Comunidad de Portillo Distrito de Iberia Tahumanu Madre de Dios", "uso": "Otros Usos", "clase": "Autorización", "volumen": 20016.5, "area": 0.0, "modulo": 0.0, "usuario": "PROYECTO ESPECIAL MADRE DE DIOS", "documento": "RUC: 20170258305", "fuentetipo": null, "fuente": "Quebrada TITIMANU", "volumenfue": null, "cur": 2.0210176045912121e+19, "organizaci": null, "bloquecodi": null, "bloquenomb": null, "coordenada": null, "departamen": null, "provincia": "Tahuamanu", "distrito": "Iberia", "juntausuar": null, "comisionco": null, "fecharegis": null, "validado": null, "pozo": null, "codpozo": null, "numfila": 1, "datum": "WGS 84 (UTM)", "zona": 19, "este": 445403, "norte": 8737985, "unidadhidr": null, "areatotal": 0.0 }, "geometry": { "type": "Point", "coordinates": [ -69.500480714333435, -11.415913346698643 ] } },
{ "type": "Feature", "properties": { "aaa": "Madre de Dios", "ala": "Tahuamanu - Madre de Dios", "resolucion": "RD 0186-2021", "fecha": "12\/11\/2021", "archivo": "59-RD-0186-2021-05.pdf", "codlugarus": null, "lugaruso": "Proyecto Minero \"Playa Pibe\", dentro de DM PLAYA PIBE (Código Nº 010219498)", "uso": "Minero", "clase": "Licencia", "volumen": 110880.0, "area": 0.0, "modulo": 0.0, "usuario": "INVERSIONES ALVAMARPE S.R.L.", "documento": "RUC: 20490952790", "fuentetipo": null, "fuente": "Acuífero INTERCUENCA MEDIO ALTO MADRE DE DIOS 46647 \/ Acuífero INTERCUENCA MEDIO ALTO MADRE DE DIOS 46647", "volumenfue": null, "cur": 2.0210186045908095e+19, "organizaci": null, "bloquecodi": null, "bloquenomb": null, "coordenada": null, "departamen": null, "provincia": "Tambopata", "distrito": "Laberinto", "juntausuar": null, "comisionco": null, "fecharegis": null, "validado": null, "pozo": null, "codpozo": null, "numfila": 1, "datum": "WGS 84 (UTM)", "zona": 19, "este": 422283, "norte": 8600293, "unidadhidr": null, "areatotal": 0.0 }, "geometry": { "type": "Point", "coordinates": [ -69.715695952639976, -12.660576220970581 ] } },
{ "type": "Feature", "properties": { "aaa": "Madre de Dios", "ala": "Tahuamanu - Madre de Dios", "resolucion": "RD 0192-2021", "fecha": "22\/11\/2021", "archivo": "59-RD-0192-2021-06.pdf", "codlugarus": null, "lugaruso": "Proyecto Minero \"Selva Virgen Uno\", dentro de DM SELVA VIRGEN UNO (Código Nº 070006703)", "uso": "Minero", "clase": "Licencia", "volumen": 55440.0, "area": 0.0, "modulo": 0.0, "usuario": "LILIANA CHOQUE RODRIGUEZ DE UGARTE", "documento": "RUC: 10445225130", "fuentetipo": null, "fuente": "Acuífero INTERCUENCA MEDIO ALTO MADRE DE DIOS 46647 \/ Acuífero INTERCUENCA MEDIO ALTO MADRE DE DIOS 46647", "volumenfue": null, "cur": 2.0210192045908095e+19, "organizaci": null, "bloquecodi": null, "bloquenomb": null, "coordenada": null, "departamen": null, "provincia": "Tambopata", "distrito": "Laberinto", "juntausuar": null, "comisionco": null, "fecharegis": null, "validado": null, "pozo": null, "codpozo": null, "numfila": 1, "datum": "WGS 84 (UTM)", "zona": 19, "este": 422982, "norte": 8599939, "unidadhidr": null, "areatotal": 0.0 }, "geometry": { "type": "Point", "coordinates": [ -69.709268054951096, -12.663794405316452 ] } },
{ "type": "Feature", "properties": { "aaa": "Madre de Dios", "ala": "Tahuamanu - Madre de Dios", "resolucion": "RD 0200-2021", "fecha": "07\/12\/2021", "archivo": "59-RD-0200-2021-05.pdf", "codlugarus": null, "lugaruso": "Vivienda dentro del predio rural con Código de Referencia Catastral Nº : 9_4508595_132908", "uso": "Doméstico - Poblacional", "clase": "Licencia", "volumen": 651.24, "area": 0.0, "modulo": 0.0, "usuario": "PEDRO VILLA FUENTES", "documento": "DNI: 04810814", "fuentetipo": null, "fuente": "Acuífero INTERCUENCA MEDIO ALTO MADRE DE DIOS 46647", "volumenfue": null, "cur": 2.021020004590218e+19, "organizaci": null, "bloquecodi": null, "bloquenomb": null, "coordenada": null, "departamen": null, "provincia": "Tambopata", "distrito": "Tambopata", "juntausuar": null, "comisionco": null, "fecharegis": null, "validado": null, "pozo": null, "codpozo": null, "numfila": 1, "datum": "WGS 84 (UTM)", "zona": 19, "este": 452912, "norte": 8596032, "unidadhidr": null, "areatotal": 0.0 }, "geometry": { "type": "Point", "coordinates": [ -69.43370617867329, -12.6997159429612 ] } },
{ "type": "Feature", "properties": { "aaa": "Madre de Dios", "ala": "Tahuamanu - Madre de Dios", "resolucion": "RD 0208-2021", "fecha": "14\/12\/2021", "archivo": "59-RD-0208-2021-05.pdf", "codlugarus": null, "lugaruso": "Vivienda dentro del predio rural con Código de Referencia Catastral Nº : 9_4808625_070130", "uso": "Doméstico - Poblacional", "clase": "Licencia", "volumen": 591.3, "area": 0.0, "modulo": 0.0, "usuario": "PEDRO PIPA MAUCAYLLA \/ FIFELIA CRUZ DE PIPA", "documento": "DNI: 44211698\/DNI: 04963527", "fuentetipo": null, "fuente": "Quebrada ALTO LOBOYOC", "volumenfue": null, "cur": 2.0210208045902184e+19, "organizaci": null, "bloquecodi": null, "bloquenomb": null, "coordenada": null, "departamen": null, "provincia": "Tambopata", "distrito": "Las Piedras", "juntausuar": null, "comisionco": null, "fecharegis": null, "validado": null, "pozo": null, "codpozo": null, "numfila": 1, "datum": "WGS 84 (UTM)", "zona": 19, "este": 481420, "norte": 8625640, "unidadhidr": null, "areatotal": 0.0 }, "geometry": { "type": "Point", "coordinates": [ -69.170956362898409, -12.432270740071949 ] } },
{ "type": "Feature", "properties": { "aaa": "Madre de Dios", "ala": "Tahuamanu - Madre de Dios", "resolucion": "RD 0223-2021", "fecha": "29\/12\/2021", "archivo": "59-RD-0223-2021-05.pdf", "codlugarus": null, "lugaruso": "“Mejoramiento del Camino Vecinal Emp. PE-30C-(Dv. Flor de Acre)-Flor de Acre-Pacahuara-Dv. Nueva Alianza-Pta. Carretera, distrito de Iberia, provincia de Tahuamanu, departamento de Madre de Dios”.", "uso": "Otros Usos", "clase": "Autorización", "volumen": 171975.75, "area": 0.0, "modulo": 0.0, "usuario": "CONSORCIO RIBEYRO", "documento": "RUC:  20608252739", "fuentetipo": null, "fuente": "Río TAHUAMANU \/ Quebrada FLOR DE ACRE I \/ Quebrada FLOR DE ACRE II \/ Quebrada PACAHUARA \/ Quebrada NUEVA ALIANZA", "volumenfue": null, "cur": 2.0210223045912175e+19, "organizaci": null, "bloquecodi": null, "bloquenomb": null, "coordenada": null, "departamen": null, "provincia": "Tahuamanu", "distrito": "Iberia", "juntausuar": null, "comisionco": null, "fecharegis": null, "validado": null, "pozo": null, "codpozo": null, "numfila": 1, "datum": "WGS 84 (UTM)", "zona": 19, "este": 446357, "norte": 8740297, "unidadhidr": null, "areatotal": 0.0 }, "geometry": { "type": "Point", "coordinates": [ -69.491699830409416, -11.395019731736387 ] } },
{ "type": "Feature", "properties": { "aaa": "Madre de Dios", "ala": "Tahuamanu - Madre de Dios", "resolucion": "RD 0009-2022", "fecha": "18\/01\/2022", "archivo": "59-RD-0009-2022-06.pdf", "codlugarus": null, "lugaruso": "Centro de procesamiento industrial de madera “Maderacre”", "uso": "Industrial", "clase": "Licencia", "volumen": 27216.0, "area": 0.0, "modulo": 0.0, "usuario": "MADERERA RIO ACRE S.A.C.", "documento": "RUC: 20527030421", "fuentetipo": null, "fuente": "Acuífero ALTO ACRE \/ Acuífero ALTO ACRE", "volumenfue": null, "cur": 2.0220009045906153e+19, "organizaci": null, "bloquecodi": null, "bloquenomb": null, "coordenada": null, "departamen": null, "provincia": "Tahuamanu", "distrito": "Iñapari", "juntausuar": null, "comisionco": null, "fecharegis": null, "validado": "PSANTIN", "pozo": null, "codpozo": null, "numfila": 1, "datum": "WGS 84 (UTM)", "zona": 19, "este": 437097, "norte": 8787580, "unidadhidr": null, "areatotal": 0.0 }, "geometry": { "type": "Point", "coordinates": [ -69.575731139042958, -10.967264638028372 ] } },
{ "type": "Feature", "properties": { "aaa": "Madre de Dios", "ala": "Tahuamanu - Madre de Dios", "resolucion": "RD 0021-2022", "fecha": "08\/02\/2022", "archivo": "59-RD-0021-2022-05.pdf", "codlugarus": null, "lugaruso": "Proyecto \"DAGO II\", dentro de DM DAGO II, de Código Nº 670024708", "uso": "Minero", "clase": "Licencia", "volumen": 31512.0, "area": 0.0, "modulo": 0.0, "usuario": "EMPRESA MINERA MAYTE S.A.C.", "documento": "RUC: 20491035570", "fuentetipo": null, "fuente": "Acuífero INTERCUENCA ALTO MADRE DE DIOS 46649 \/ Acuífero INTERCUENCA ALTO MADRE DE DIOS 46649", "volumenfue": null, "cur": 2.0220021045908132e+19, "organizaci": null, "bloquecodi": null, "bloquenomb": null, "coordenada": null, "departamen": null, "provincia": "Manu", "distrito": "Madre De Dios", "juntausuar": null, "comisionco": null, "fecharegis": null, "validado": null, "pozo": null, "codpozo": null, "numfila": 1, "datum": "WGS 84 (UTM)", "zona": 19, "este": 330566, "norte": 8583835, "unidadhidr": null, "areatotal": 0.0 }, "geometry": { "type": "Point", "coordinates": [ -70.561067358593547, -12.805739164983844 ] } },
{ "type": "Feature", "properties": { "aaa": "Madre de Dios", "ala": "Tahuamanu - Madre de Dios", "resolucion": "RD 0057-2022", "fecha": "04\/03\/2022", "archivo": "59-RD-0057-2022-04.pdf", "codlugarus": null, "lugaruso": "“Nueva Planta de Abastecimiento Puerto Maldonado”", "uso": "Otros Usos", "clase": "Autorización", "volumen": 10080.0, "area": 0.0, "modulo": 0.0, "usuario": "PETROLEOS DEL PERU-PETROPERU S.A.", "documento": "RUC: 20100128218", "fuentetipo": null, "fuente": "Quebrada CASTAÑAL", "volumenfue": null, "cur": 2.0220057045912162e+19, "organizaci": null, "bloquecodi": null, "bloquenomb": null, "coordenada": null, "departamen": null, "provincia": "Tambopata", "distrito": "Tambopata", "juntausuar": null, "comisionco": null, "fecharegis": null, "validado": null, "pozo": null, "codpozo": null, "numfila": 1, "datum": "WGS 84 (UTM)", "zona": 19, "este": 469541, "norte": 8602410, "unidadhidr": null, "areatotal": 0.0 }, "geometry": { "type": "Point", "coordinates": [ -69.280482574904255, -12.64224680508401 ] } },
{ "type": "Feature", "properties": { "aaa": "Madre de Dios", "ala": "Tambopata - Inambari", "resolucion": "RA 0027-2001", "fecha": "04\/06\/2001", "archivo": "64-RA-0027-2001-02", "codlugarus": null, "lugaruso": "CENTRAL HIDROELECTRICA SAN GABAN  II", "uso": "Energético", "clase": "Licencia", "volumen": 0.0, "area": 0.0, "modulo": 0.0, "usuario": "EMPRESA DE GENERACION ELECTRICA SAN GABAN S.A.", "documento": "RUC: 20262221335", "fuentetipo": null, "fuente": "Río SAN GABAN", "volumenfue": null, "cur": 20010027026405000.0, "organizaci": null, "bloquecodi": null, "bloquenomb": null, "coordenada": null, "departamen": null, "provincia": "Carabaya", "distrito": "San Gaban", "juntausuar": null, "comisionco": null, "fecharegis": null, "validado": "PSANTIN", "pozo": null, "codpozo": null, "numfila": 1, "datum": "WGS 84 (UTM)", "zona": 19, "este": 341920, "norte": 8490850, "unidadhidr": null, "areatotal": 0.0 }, "geometry": { "type": "Point", "coordinates": [ -70.461482729814023, -13.646886272800952 ] } },
{ "type": "Feature", "properties": { "aaa": "Madre de Dios", "ala": "Tambopata - Inambari", "resolucion": "RA 0570-2009", "fecha": "28\/12\/2009", "archivo": "64-RA-0570-2009-03", "codlugarus": null, "lugaruso": "CORI PUNO S.A.C.", "uso": "Minero", "clase": "Licencia", "volumen": 151751.232, "area": 0.0, "modulo": 0.0, "usuario": "CORI PUNO S.A.C.", "documento": "RUC: 20406339361", "fuentetipo": null, "fuente": "Río LLACTAPATA \/ Manantial ANANEA", "volumenfue": null, "cur": 20090570026408000.0, "organizaci": null, "bloquecodi": null, "bloquenomb": null, "coordenada": null, "departamen": null, "provincia": "Sandia", "distrito": "Quiaca", "juntausuar": null, "comisionco": null, "fecharegis": null, "validado": "JUAN92_JS", "pozo": null, "codpozo": null, "numfila": 1, "datum": "WGS 84 (UTM)", "zona": 19, "este": 456854, "norte": 8386240, "unidadhidr": null, "areatotal": 0.0 }, "geometry": { "type": "Point", "coordinates": [ -69.40058648356829, -14.5967179224626 ] } },
{ "type": "Feature", "properties": { "aaa": "Madre de Dios", "ala": "Tambopata - Inambari", "resolucion": "RA 0001-2011", "fecha": "17\/01\/2011", "archivo": "64-RA-0001-2011-02", "codlugarus": null, "lugaruso": "LAGUNA UMANCCAYA", "uso": "Acuícola", "clase": "Licencia", "volumen": 18165.0, "area": 0.0, "modulo": 0.0, "usuario": "ASOCIACION DE PESQUEROS LOS LEONES DE HUMANCCAYA", "documento": null, "fuentetipo": null, "fuente": "Laguna UMANCCAYA", "volumenfue": null, "cur": 20110001026404000.0, "organizaci": null, "bloquecodi": null, "bloquenomb": null, "coordenada": null, "departamen": null, "provincia": "Carabaya", "distrito": "Ayapata", "juntausuar": null, "comisionco": null, "fecharegis": null, "validado": "JUAN92_JS", "pozo": null, "codpozo": null, "numfila": 1, "datum": "WGS 84 (UTM)", "zona": 19, "este": 356423, "norte": 8468683, "unidadhidr": null, "areatotal": 0.0 }, "geometry": { "type": "Point", "coordinates": [ -70.328555544354799, -13.848023167615271 ] } },
{ "type": "Feature", "properties": { "aaa": "Madre de Dios", "ala": "Tambopata - Inambari", "resolucion": "RA 0264-2011", "fecha": "04\/05\/2011", "archivo": "59-RA-0264-2011-02", "codlugarus": null, "lugaruso": "SECTOR DOS DE MAYO", "uso": "Pecuario", "clase": "Licencia", "volumen": 8935.2, "area": 0.0, "modulo": 0.0, "usuario": "TAIPE HUAMAN, DANIEL JENARO", "documento": "DNI: 04808304", "fuentetipo": null, "fuente": "Quebrada AMANAPU \/ Quebrada AMANAPU \/ Quebrada AMANAPU \/ Quebrada AMANAPU", "volumenfue": null, "cur": 20110264025900000.0, "organizaci": null, "bloquecodi": null, "bloquenomb": null, "coordenada": null, "departamen": null, "provincia": "Tambopata", "distrito": "Inambari", "juntausuar": null, "comisionco": null, "fecharegis": null, "validado": "JUAN92_JS", "pozo": null, "codpozo": null, "numfila": 1, "datum": "WGS 84 (UTM)", "zona": 19, "este": 378345, "norte": 8559545, "unidadhidr": null, "areatotal": 0.0 }, "geometry": { "type": "Point", "coordinates": [ -70.121909742683883, -13.027587153664999 ] } },
{ "type": "Feature", "properties": { "aaa": "Madre de Dios", "ala": "Tambopata - Inambari", "resolucion": "RA 0066-2012", "fecha": "14\/06\/2012", "archivo": "64-RA-0066-2012-03", "codlugarus": null, "lugaruso": null, "uso": "Agrario", "clase": "Licencia", "volumen": 77695.0, "area": 3.24, "modulo": 23979.94, "usuario": "CABRERA QUISPE, JUAN CLIMACO", "documento": "DNI: 01681779", "fuentetipo": null, "fuente": "Río CHUNGARA \/ Río CHUNGARA", "volumenfue": null, "cur": 20120066026403000.0, "organizaci": null, "bloquecodi": null, "bloquenomb": null, "coordenada": null, "departamen": null, "provincia": "Carabaya", "distrito": "Macusani", "juntausuar": null, "comisionco": null, "fecharegis": null, "validado": "NSUANA", "pozo": null, "codpozo": null, "numfila": 1, "datum": "WGS 84 (UTM)", "zona": 19, "este": 356246, "norte": 8451131, "unidadhidr": null, "areatotal": 0.0 }, "geometry": { "type": "Point", "coordinates": [ -70.331101227615534, -14.006677306511799 ] } },
{ "type": "Feature", "properties": { "aaa": "Madre de Dios", "ala": "Tambopata - Inambari", "resolucion": "RD 0104-2016", "fecha": "12\/04\/2016", "archivo": "64-RD-0104-2016-03.pdf", "codlugarus": null, "lugaruso": "SECTOR LA JOYA", "uso": "Doméstico - Poblacional", "clase": "Licencia", "volumen": 561.0, "area": 0.0, "modulo": 0.0, "usuario": "BOCANGEL ESTRADA, ALCIDES", "documento": "DNI: 04809847", "fuentetipo": null, "fuente": "Acuífero TAMBOPATA", "volumenfue": null, "cur": 2.0160104046402114e+19, "organizaci": null, "bloquecodi": null, "bloquenomb": null, "coordenada": null, "departamen": null, "provincia": "Tambopata", "distrito": "Tambopata", "juntausuar": null, "comisionco": null, "fecharegis": null, "validado": "JUAN92_JS", "pozo": null, "codpozo": null, "numfila": 1, "datum": "WGS 84 (UTM)", "zona": 19, "este": 471835, "norte": 8507068, "unidadhidr": null, "areatotal": 0.0 }, "geometry": { "type": "Point", "coordinates": [ -69.260260448424432, -13.504404967211769 ] } },
{ "type": "Feature", "properties": { "aaa": "Madre de Dios", "ala": "Tambopata - Inambari", "resolucion": "RD 0116-2016", "fecha": "25\/04\/2016", "archivo": "64-RD-0116-2016-04.pdf", "codlugarus": null, "lugaruso": "SECTOR MONTE SINAI", "uso": "Doméstico - Poblacional", "clase": "Licencia", "volumen": 1416.23, "area": 0.0, "modulo": 0.0, "usuario": "LLAMO CRUZ, AURELIA", "documento": "DNI: 04806746", "fuentetipo": null, "fuente": "Quebrada SAN CARLOS", "volumenfue": null, "cur": 2.016011604640222e+19, "organizaci": null, "bloquecodi": null, "bloquenomb": null, "coordenada": null, "departamen": null, "provincia": "Tambopata", "distrito": "Tambopata", "juntausuar": null, "comisionco": null, "fecharegis": null, "validado": "JUAN92_JS", "pozo": null, "codpozo": null, "numfila": 1, "datum": "WGS 84 (UTM)", "zona": 19, "este": 464774, "norte": 8554955, "unidadhidr": null, "areatotal": 0.0 }, "geometry": { "type": "Point", "coordinates": [ -69.324930607975745, -13.071316883908734 ] } },
{ "type": "Feature", "properties": { "aaa": "Madre de Dios", "ala": "Tambopata - Inambari", "resolucion": "RD 0266-2016", "fecha": "07\/10\/2016", "archivo": "64-RD-0266-2016-02.pdf", "codlugarus": null, "lugaruso": "VIRGEN DE LA CANDELARIA", "uso": "Doméstico - Poblacional", "clase": "Licencia", "volumen": 708.0, "area": 0.0, "modulo": 0.0, "usuario": "QUISPE NAVARRO, RUFINO", "documento": "DNI: 31520117", "fuentetipo": null, "fuente": "Filtración MANANTIAL", "volumenfue": null, "cur": 2.0160266046402224e+19, "organizaci": null, "bloquecodi": null, "bloquenomb": null, "coordenada": null, "departamen": null, "provincia": "Tambopata", "distrito": "Inambari", "juntausuar": null, "comisionco": null, "fecharegis": null, "validado": "JUAN92_JS", "pozo": null, "codpozo": null, "numfila": 1, "datum": "WGS 84 (UTM)", "zona": 19, "este": 387872, "norte": 8576151, "unidadhidr": null, "areatotal": 0.0 }, "geometry": { "type": "Point", "coordinates": [ -70.033442532443331, -12.877813202465811 ] } },
{ "type": "Feature", "properties": { "aaa": "Madre de Dios", "ala": "Tambopata - Inambari", "resolucion": "RD 0011-2017", "fecha": "02\/02\/2017", "archivo": "64-RD-0011-2017-02.pdf", "codlugarus": null, "lugaruso": "LOCALIDAD DOS DE MAYO", "uso": "Doméstico - Poblacional", "clase": "Licencia", "volumen": 4099.68, "area": 0.0, "modulo": 0.0, "usuario": "QQECCAÑO DURAN, PASTOR", "documento": "DNI: 23976745", "fuentetipo": null, "fuente": "Manantial  PASTOR", "volumenfue": null, "cur": 2.0170011046402122e+19, "organizaci": null, "bloquecodi": null, "bloquenomb": null, "coordenada": null, "departamen": null, "provincia": "Tambopata", "distrito": "Inambari", "juntausuar": null, "comisionco": null, "fecharegis": null, "validado": "JUAN92_JS", "pozo": null, "codpozo": null, "numfila": 1, "datum": "WGS 84 (UTM)", "zona": 19, "este": 352192, "norte": 8552826, "unidadhidr": null, "areatotal": 0.0 }, "geometry": { "type": "Point", "coordinates": [ -70.363383539245191, -13.087171683279895 ] } },
{ "type": "Feature", "properties": { "aaa": "Madre de Dios", "ala": "Tambopata - Inambari", "resolucion": "RA 0034-2017", "fecha": "31\/10\/2017", "archivo": "64-RA-0034-2017-02.pdf", "codlugarus": null, "lugaruso": null, "uso": "Agrario", "clase": "Licencia", "volumen": 92288.68, "area": 4.59, "modulo": 20106.47, "usuario": "MAMANI APAZA, FLORENCIA", "documento": "DNI: 01687632", "fuentetipo": null, "fuente": null, "volumenfue": null, "cur": 2.0170034026403111e+19, "organizaci": null, "bloquecodi": null, "bloquenomb": null, "coordenada": null, "departamen": null, "provincia": "Carabaya", "distrito": "Coasa", "juntausuar": null, "comisionco": null, "fecharegis": null, "validado": "JUAN92_JS", "pozo": null, "codpozo": null, "numfila": 1, "datum": "WGS 84 (UTM)", "zona": 19, "este": 391762, "norte": 8448329, "unidadhidr": null, "areatotal": 0.0 }, "geometry": { "type": "Point", "coordinates": [ -70.002389637249365, -14.033591724127833 ] } },
{ "type": "Feature", "properties": { "aaa": "Madre de Dios", "ala": "Tambopata - Inambari", "resolucion": "RA 0035-2017", "fecha": "16\/11\/2017", "archivo": "64-RA-0035-2017-01.pdf", "codlugarus": null, "lugaruso": null, "uso": "Agrario", "clase": "Licencia", "volumen": 98707.68, "area": 0.0, "modulo": 0.0, "usuario": "XIMENA QUISPE CAÑAPATAÑA", "documento": "DNI: 44631166", "fuentetipo": null, "fuente": null, "volumenfue": null, "cur": 2.0170035026403115e+19, "organizaci": null, "bloquecodi": null, "bloquenomb": null, "coordenada": null, "departamen": null, "provincia": "Sandia", "distrito": "San Pedro De Putina Punco", "juntausuar": null, "comisionco": null, "fecharegis": null, "validado": "JUAN92_JS", "pozo": null, "codpozo": null, "numfila": 1, "datum": "WGS 84 (UTM)", "zona": 19, "este": 504416, "norte": 8449381, "unidadhidr": null, "areatotal": 0.0 }, "geometry": { "type": "Point", "coordinates": [ -68.959102993429312, -14.026152242605741 ] } },
{ "type": "Feature", "properties": { "aaa": "Madre de Dios", "ala": "Tambopata - Inambari", "resolucion": "RD 0116-2017", "fecha": "23\/05\/2017", "archivo": "64-RD-0116-2017-03.pdf", "codlugarus": null, "lugaruso": "MINI CENTRAL HIDROELÉCTRICA DE AYAPATA", "uso": "Energético", "clase": "Licencia", "volumen": 2680128.0, "area": 0.0, "modulo": 0.0, "usuario": "COOPERATIVA DE BIENES Y SERVICIOS SAN SALVADOR DE AYAPATA", "documento": "RUC: 20286358773", "fuentetipo": null, "fuente": "Laguna ETHERCOCHA", "volumenfue": null, "cur": 2.0170116046405112e+19, "organizaci": null, "bloquecodi": null, "bloquenomb": null, "coordenada": null, "departamen": null, "provincia": "Carabaya", "distrito": "Ayapata", "juntausuar": null, "comisionco": null, "fecharegis": null, "validado": "JUAN92_JS", "pozo": null, "codpozo": null, "numfila": 1, "datum": "WGS 84 (UTM)", "zona": 19, "este": 355113, "norte": 8474320, "unidadhidr": null, "areatotal": 0.0 }, "geometry": { "type": "Point", "coordinates": [ -70.340383442637943, -13.797000689527545 ] } },
{ "type": "Feature", "properties": { "aaa": "Madre de Dios", "ala": "Tambopata - Inambari", "resolucion": "RD 0209-2017", "fecha": "11\/08\/2017", "archivo": "64-RD-0209-2017-04.pdf", "codlugarus": null, "lugaruso": "PREDIO TURUBAMBA", "uso": "Doméstico - Poblacional", "clase": "Licencia", "volumen": 850.0, "area": 0.0, "modulo": 0.0, "usuario": "EGUILETA VENGOA, DANIEL", "documento": null, "fuentetipo": null, "fuente": "Manantial NIHUAYOC", "volumenfue": null, "cur": 2.0170209046402236e+19, "organizaci": null, "bloquecodi": null, "bloquenomb": null, "coordenada": null, "departamen": null, "provincia": "Quispicanchi", "distrito": "Marcapata", "juntausuar": null, "comisionco": null, "fecharegis": null, "validado": "JUAN92_JS", "pozo": null, "codpozo": null, "numfila": 1, "datum": "WGS 84 (UTM)", "zona": 19, "este": 295781, "norte": 8500188, "unidadhidr": null, "areatotal": 0.0 }, "geometry": { "type": "Point", "coordinates": [ -70.887233383555653, -13.559619061045181 ] } },
{ "type": "Feature", "properties": { "aaa": "Madre de Dios", "ala": "Tambopata - Inambari", "resolucion": "RD 0242-2017", "fecha": "29\/08\/2017", "archivo": "64-RD-0242-2017-04.pdf", "codlugarus": null, "lugaruso": "SECTOR PUNKIRI", "uso": "Acuícola", "clase": "Licencia", "volumen": 72000.0, "area": 0.0, "modulo": 0.0, "usuario": "ALARCON QUISPE, ENRRIQUE", "documento": "DNI: 46888977", "fuentetipo": null, "fuente": "Quebrada MACHO", "volumenfue": null, "cur": 2.0170242046404215e+19, "organizaci": null, "bloquecodi": null, "bloquenomb": null, "coordenada": null, "departamen": null, "provincia": "Manu", "distrito": "Huepetuhe", "juntausuar": null, "comisionco": null, "fecharegis": null, "validado": "JUAN92_JS", "pozo": null, "codpozo": null, "numfila": 1, "datum": "WGS 84 (UTM)", "zona": 19, "este": 473761, "norte": 8555411, "unidadhidr": null, "areatotal": 0.0 }, "geometry": { "type": "Point", "coordinates": [ -69.242029586013246, -13.067284400308623 ] } },
{ "type": "Feature", "properties": { "aaa": "Madre de Dios", "ala": "Tambopata - Inambari", "resolucion": "RD 0251-2017", "fecha": "26\/09\/2017", "archivo": "64-RD-0251-2017-04.pdf", "codlugarus": null, "lugaruso": null, "uso": "Acuícola", "clase": "Licencia", "volumen": 769689.22, "area": 0.0, "modulo": 0.0, "usuario": "HUAMANTUCO LOPE, DAVID", "documento": "DNI: 01699611", "fuentetipo": null, "fuente": "Quebrada JAPUHUMA \/ Quebrada JAPUHUMA \/ Quebrada JAPUHUMA", "volumenfue": null, "cur": 2.0170251046404219e+19, "organizaci": null, "bloquecodi": null, "bloquenomb": null, "coordenada": null, "departamen": null, "provincia": "Carabaya", "distrito": "Macusani", "juntausuar": null, "comisionco": null, "fecharegis": null, "validado": "JUAN92_JS", "pozo": null, "codpozo": null, "numfila": 1, "datum": "WGS 84 (UTM)", "zona": 19, "este": 338854, "norte": 8459236, "unidadhidr": null, "areatotal": 0.0 }, "geometry": { "type": "Point", "coordinates": [ -70.491635492066564, -13.932479107988371 ] } },
{ "type": "Feature", "properties": { "aaa": "Madre de Dios", "ala": "Tambopata - Inambari", "resolucion": "RD 0332-2017", "fecha": "07\/11\/2017", "archivo": "64-RD-0332-2017-04.pdf", "codlugarus": null, "lugaruso": null, "uso": "Poblacional", "clase": "Licencia", "volumen": 13245.12, "area": 0.0, "modulo": 0.0, "usuario": "JUNTA ADMINISTRADORA DE SERVICIOS DE SANEAMIENTO (JASS) DEL SECTOR DE PAJCHA", "documento": null, "fuentetipo": null, "fuente": "Manantial SIVINICAYO", "volumenfue": null, "cur": 2.0170332046401192e+19, "organizaci": null, "bloquecodi": null, "bloquenomb": null, "coordenada": null, "departamen": null, "provincia": "Sandia", "distrito": "Sandia", "juntausuar": null, "comisionco": null, "fecharegis": null, "validado": "PSANTIN", "pozo": null, "codpozo": null, "numfila": 1, "datum": "WGS 84 (UTM)", "zona": 19, "este": 449178, "norte": 8418415, "unidadhidr": null, "areatotal": 0.0 }, "geometry": { "type": "Point", "coordinates": [ -69.471239124344777, -14.305679381138502 ] } },
{ "type": "Feature", "properties": { "aaa": "Madre de Dios", "ala": "Tambopata - Inambari", "resolucion": "RD 0348-2017", "fecha": "29\/11\/2017", "archivo": "64-RD-0348-2017-03.pdf", "codlugarus": null, "lugaruso": "LOCALIDAD COMUNIDAD CULLUCACHI", "uso": "Poblacional", "clase": "Licencia", "volumen": 42258.24, "area": 0.0, "modulo": 0.0, "usuario": "JASS DE LA COMUNIDAD DE CULLUCACHI", "documento": null, "fuentetipo": null, "fuente": "Manantial MAJIRA HUAYCCO", "volumenfue": null, "cur": 2.0170348046401155e+19, "organizaci": null, "bloquecodi": null, "bloquenomb": null, "coordenada": null, "departamen": null, "provincia": "Sandia", "distrito": "Phara", "juntausuar": null, "comisionco": null, "fecharegis": null, "validado": "PSANTIN", "pozo": null, "codpozo": null, "numfila": 1, "datum": "WGS 84 (UTM)", "zona": 19, "este": 430800, "norte": 8431750, "unidadhidr": null, "areatotal": 0.0 }, "geometry": { "type": "Point", "coordinates": [ -69.641299148862586, -14.184715653993738 ] } },
{ "type": "Feature", "properties": { "aaa": "Madre de Dios", "ala": "Tambopata - Inambari", "resolucion": "RD 0350-2017", "fecha": "29\/11\/2017", "archivo": "64-RD-0350-2017-04.pdf", "codlugarus": null, "lugaruso": null, "uso": "Poblacional", "clase": "Licencia", "volumen": 9460.8, "area": 0.0, "modulo": 0.0, "usuario": "JUNTA ADMINISTRADORA DE SERVICIOS DE SANEAMIENTO (JASS) HUAYRAMACHE UNUTUYLLO", "documento": null, "fuentetipo": null, "fuente": "Manantial HUAYRAMACHE \/ Manantial UNUTUYLLU", "volumenfue": null, "cur": 2.0170350046401204e+19, "organizaci": null, "bloquecodi": null, "bloquenomb": null, "coordenada": null, "departamen": null, "provincia": "Sandia", "distrito": "Phara", "juntausuar": null, "comisionco": null, "fecharegis": null, "validado": "PSANTIN", "pozo": null, "codpozo": null, "numfila": 1, "datum": "WGS 84 (UTM)", "zona": 19, "este": 428535, "norte": 8431790, "unidadhidr": null, "areatotal": 0.0 }, "geometry": { "type": "Point", "coordinates": [ -69.662287617694105, -14.184296914461637 ] } },
{ "type": "Feature", "properties": { "aaa": "Madre de Dios", "ala": "Tambopata - Inambari", "resolucion": "RD 0357-2017", "fecha": "11\/12\/2017", "archivo": "64-RD-0357-2017-03.pdf", "codlugarus": null, "lugaruso": "QUENULLOCSENCCA", "uso": "Poblacional", "clase": "Licencia", "volumen": 11274.12, "area": 0.0, "modulo": 0.0, "usuario": "JUNTA ADMINISTRADORA DE SERVICIOS DE SANEAMIENTO (JASS) QUENULLOCSENCCA", "documento": null, "fuentetipo": null, "fuente": "Manantial PUCARA PATA", "volumenfue": null, "cur": 2.0170357046401114e+19, "organizaci": null, "bloquecodi": null, "bloquenomb": null, "coordenada": null, "departamen": null, "provincia": "Sandia", "distrito": "Phara", "juntausuar": null, "comisionco": null, "fecharegis": null, "validado": "PSANTIN", "pozo": null, "codpozo": null, "numfila": 1, "datum": "WGS 84 (UTM)", "zona": 19, "este": 427290, "norte": 8433201, "unidadhidr": null, "areatotal": 0.0 }, "geometry": { "type": "Point", "coordinates": [ -69.673787180397952, -14.171507569524783 ] } },
{ "type": "Feature", "properties": { "aaa": "Madre de Dios", "ala": "Tambopata - Inambari", "resolucion": "RD 0364-2017", "fecha": "18\/12\/2017", "archivo": "64-RD-0364-2017-03.pdf", "codlugarus": null, "lugaruso": "TOLDOQUERI", "uso": "Poblacional", "clase": "Licencia", "volumen": 19678.464, "area": 0.0, "modulo": 0.0, "usuario": "JUNTA ADMINISTRADORA DE SERVICIOS DE SANEAMIENTO (JASS)-TOLDOQUERI", "documento": null, "fuentetipo": null, "fuente": "Manantial UNOTOCWAYNIYOJ", "volumenfue": null, "cur": 2.0170364046401114e+19, "organizaci": null, "bloquecodi": null, "bloquenomb": null, "coordenada": null, "departamen": null, "provincia": "Sandia", "distrito": "Phara", "juntausuar": null, "comisionco": null, "fecharegis": null, "validado": "PSANTIN", "pozo": null, "codpozo": null, "numfila": 1, "datum": "WGS 84 (UTM)", "zona": 19, "este": 429029, "norte": 8435621, "unidadhidr": null, "areatotal": 0.0 }, "geometry": { "type": "Point", "coordinates": [ -69.657610055236333, -14.149672405277997 ] } },
{ "type": "Feature", "properties": { "aaa": "Madre de Dios", "ala": "Tambopata - Inambari", "resolucion": "RD 0370-2017", "fecha": "21\/12\/2017", "archivo": "64-RD-0370-2017-03.pdf", "codlugarus": null, "lugaruso": "CASA DE MAQUINAS", "uso": "Energético", "clase": "Licencia", "volumen": 2838.24, "area": 0.0, "modulo": 0.0, "usuario": "COMITÉ ADMINISTRADORA DE ENERGÍA DE PHARA", "documento": "RUC: 20364250917", "fuentetipo": null, "fuente": "Laguna KAHUANACHACA \/ Río CULLUCACHI", "volumenfue": null, "cur": 2.0170370046405153e+19, "organizaci": null, "bloquecodi": null, "bloquenomb": null, "coordenada": null, "departamen": null, "provincia": "Sandia", "distrito": "Phara", "juntausuar": null, "comisionco": null, "fecharegis": null, "validado": "JRAMIREZQ", "pozo": null, "codpozo": null, "numfila": 1, "datum": "WGS 84 (UTM)", "zona": 19, "este": 428321, "norte": 8435320, "unidadhidr": null, "areatotal": 0.0 }, "geometry": { "type": "Point", "coordinates": [ -69.664177903649616, -14.152375777974308 ] } },
{ "type": "Feature", "properties": { "aaa": "Madre de Dios", "ala": "Tambopata - Inambari", "resolucion": "RD 0371-2017", "fecha": "21\/12\/2017", "archivo": "64-RD-0371-2017-02.pdf", "codlugarus": null, "lugaruso": "KOTSIMBA", "uso": "Acuícola", "clase": "Licencia", "volumen": 82624.32, "area": 0.0, "modulo": 0.0, "usuario": "LOAIZA VARGAS, CARLOS", "documento": "DNI: 23804409", "fuentetipo": null, "fuente": "Quebrada CHARLES", "volumenfue": null, "cur": 2.0170371046404116e+19, "organizaci": null, "bloquecodi": null, "bloquenomb": null, "coordenada": null, "departamen": null, "provincia": "Tambopata", "distrito": "Inambari", "juntausuar": null, "comisionco": null, "fecharegis": null, "validado": "PSANTIN", "pozo": null, "codpozo": null, "numfila": 1, "datum": "WGS 84 (UTM)", "zona": 19, "este": 362593, "norte": 8548957, "unidadhidr": null, "areatotal": 0.0 }, "geometry": { "type": "Point", "coordinates": [ -70.267640737179264, -13.122637962914972 ] } },
{ "type": "Feature", "properties": { "aaa": "Madre de Dios", "ala": "Tambopata - Inambari", "resolucion": "RD 0011-2018", "fecha": "17\/01\/2018", "archivo": "64-RD-0011-2018-03.pdf", "codlugarus": null, "lugaruso": "COMUNIDAD VILLA SANTIAGO", "uso": "Doméstico - Poblacional", "clase": "Licencia", "volumen": 1576.8, "area": 0.0, "modulo": 0.0, "usuario": "SOLORZANO RODRIGUEZ, BASILIO", "documento": "DNI: 04808102", "fuentetipo": null, "fuente": "Quebrada GRINGASHO", "volumenfue": null, "cur": 2.0180011046402179e+19, "organizaci": null, "bloquecodi": null, "bloquenomb": null, "coordenada": null, "departamen": null, "provincia": "Tambopata", "distrito": "Inambari", "juntausuar": null, "comisionco": null, "fecharegis": null, "validado": "JUAN92_JS", "pozo": null, "codpozo": null, "numfila": 1, "datum": "WGS 84 (UTM)", "zona": 19, "este": 353865, "norte": 8559482, "unidadhidr": null, "areatotal": 0.0 }, "geometry": { "type": "Point", "coordinates": [ -70.347628544253837, -13.027081422567013 ] } },
{ "type": "Feature", "properties": { "aaa": "Madre de Dios", "ala": "Tambopata - Inambari", "resolucion": "RD 0012-2018", "fecha": "17\/01\/2018", "archivo": "64-RD-0012-2018-03.pdf", "codlugarus": null, "lugaruso": "FUNDO VILLA SAN BLAS", "uso": "Doméstico - Poblacional", "clase": "Licencia", "volumen": 1182.6, "area": 0.0, "modulo": 0.0, "usuario": "TUPA LIMA, YRENE", "documento": "DNI: 04811701", "fuentetipo": null, "fuente": "Quebrada URUSAIWA", "volumenfue": null, "cur": 2.0180012046402183e+19, "organizaci": null, "bloquecodi": null, "bloquenomb": null, "coordenada": null, "departamen": null, "provincia": "Tambopata", "distrito": "Inambari", "juntausuar": null, "comisionco": null, "fecharegis": null, "validado": "JUAN92_JS", "pozo": null, "codpozo": null, "numfila": 1, "datum": "WGS 84 (UTM)", "zona": 19, "este": 379769, "norte": 8572717, "unidadhidr": null, "areatotal": 0.0 }, "geometry": { "type": "Point", "coordinates": [ -70.108252001212051, -12.908555125104238 ] } },
{ "type": "Feature", "properties": { "aaa": "Madre de Dios", "ala": "Tambopata - Inambari", "resolucion": "RD 0013-2018", "fecha": "17\/01\/2018", "archivo": "64-RD-0013-2018-03.pdf", "codlugarus": null, "lugaruso": "SECTOR SORAYACU", "uso": "Doméstico - Poblacional", "clase": "Licencia", "volumen": 473.04, "area": 0.0, "modulo": 0.0, "usuario": "ESCOBAR HILASACA, PERCY IVAN", "documento": "DNI: 41979661", "fuentetipo": null, "fuente": "Río INAMBARI", "volumenfue": null, "cur": 2.0180013046402183e+19, "organizaci": null, "bloquecodi": null, "bloquenomb": null, "coordenada": null, "departamen": null, "provincia": "Tambopata", "distrito": "Inambari", "juntausuar": null, "comisionco": null, "fecharegis": null, "validado": "JUAN92_JS", "pozo": null, "codpozo": null, "numfila": 1, "datum": "WGS 84 (UTM)", "zona": 19, "este": 387042, "norte": 8579756, "unidadhidr": null, "areatotal": 0.0 }, "geometry": { "type": "Point", "coordinates": [ -70.040957082083281, -12.845188994639935 ] } },
{ "type": "Feature", "properties": { "aaa": "Madre de Dios", "ala": "Tambopata - Inambari", "resolucion": "RD 0020-2018", "fecha": "24\/01\/2018", "archivo": "64-RD-0020-2018-03.pdf", "codlugarus": null, "lugaruso": "FUNDO EL RECUERDO", "uso": "Doméstico - Poblacional", "clase": "Licencia", "volumen": 1261.44, "area": 0.0, "modulo": 0.0, "usuario": "HILARIO PERALES GUTIERREZ", "documento": "DNI: 04821181", "fuentetipo": null, "fuente": "Quebrada CHORO", "volumenfue": null, "cur": 2.0180020046402183e+19, "organizaci": null, "bloquecodi": null, "bloquenomb": null, "coordenada": null, "departamen": null, "provincia": "Tambopata", "distrito": "Inambari", "juntausuar": null, "comisionco": null, "fecharegis": null, "validado": "JUAN92_JS", "pozo": null, "codpozo": null, "numfila": 1, "datum": "WGS 84 (UTM)", "zona": 19, "este": 353707, "norte": 8560158, "unidadhidr": null, "areatotal": 0.0 }, "geometry": { "type": "Point", "coordinates": [ -70.349052226919255, -13.02096268363097 ] } },
{ "type": "Feature", "properties": { "aaa": "Madre de Dios", "ala": "Tambopata - Inambari", "resolucion": "RD 0021-2018", "fecha": "25\/01\/2018", "archivo": "64-RD-0021-2018-03.pdf", "codlugarus": null, "lugaruso": "FUNDO PACO", "uso": "Doméstico - Poblacional", "clase": "Licencia", "volumen": 1261.44, "area": 0.0, "modulo": 0.0, "usuario": "JULIO CESAR TICONA TICONA", "documento": "DNI: 01891884", "fuentetipo": null, "fuente": "Manantial BENKEME", "volumenfue": null, "cur": 2.0180021046402085e+19, "organizaci": null, "bloquecodi": null, "bloquenomb": null, "coordenada": null, "departamen": null, "provincia": "Tambopata", "distrito": "Inambari", "juntausuar": null, "comisionco": null, "fecharegis": null, "validado": "JUAN92_JS", "pozo": null, "codpozo": null, "numfila": 1, "datum": "WGS 84 (UTM)", "zona": 19, "este": 354047, "norte": 8558806, "unidadhidr": null, "areatotal": 0.0 }, "geometry": { "type": "Point", "coordinates": [ -70.345983520351453, -13.033201307449909 ] } },
{ "type": "Feature", "properties": { "aaa": "Madre de Dios", "ala": "Tambopata - Inambari", "resolucion": "RD 0022-2018", "fecha": "25\/01\/2018", "archivo": "64-RD-0022-2018-03.pdf", "codlugarus": null, "lugaruso": "FUNDO SAN JUAN BAUTISTA", "uso": "Doméstico - Poblacional", "clase": "Licencia", "volumen": 1261.44, "area": 0.0, "modulo": 0.0, "usuario": "NEMESIO DARIO BARRIENTOS ORTIZ", "documento": "DNI: 04803709", "fuentetipo": null, "fuente": "Quebrada SAN JUAN", "volumenfue": null, "cur": 2.0180022046402183e+19, "organizaci": null, "bloquecodi": null, "bloquenomb": null, "coordenada": null, "departamen": null, "provincia": "Tambopata", "distrito": "Inambari", "juntausuar": null, "comisionco": null, "fecharegis": null, "validado": "JUAN92_JS", "pozo": null, "codpozo": null, "numfila": 1, "datum": "WGS 84 (UTM)", "zona": 19, "este": 380979, "norte": 8573531, "unidadhidr": null, "areatotal": 0.0 }, "geometry": { "type": "Point", "coordinates": [ -70.097067958302731, -12.901242696935816 ] } },
{ "type": "Feature", "properties": { "aaa": "Madre de Dios", "ala": "Tambopata - Inambari", "resolucion": "RD 0025-2018", "fecha": "29\/01\/2018", "archivo": "64-RD-0025-2018-03.pdf", "codlugarus": null, "lugaruso": "SECTOR SORAYACU", "uso": "Doméstico - Poblacional", "clase": "Licencia", "volumen": 354.78, "area": 0.0, "modulo": 0.0, "usuario": "ESCOBAR HILASACA, ROCIO MILAGROS", "documento": "DNI: 74253700", "fuentetipo": null, "fuente": "Río INAMBARI", "volumenfue": null, "cur": 2.0180025046402191e+19, "organizaci": null, "bloquecodi": null, "bloquenomb": null, "coordenada": null, "departamen": null, "provincia": "Tambopata", "distrito": "Inambari", "juntausuar": null, "comisionco": null, "fecharegis": null, "validado": "JUAN92_JS", "pozo": null, "codpozo": null, "numfila": 1, "datum": "WGS 84 (UTM)", "zona": 19, "este": 379827, "norte": 8584848, "unidadhidr": null, "areatotal": 0.0 }, "geometry": { "type": "Point", "coordinates": [ -70.107236726238511, -12.798879582827192 ] } },
{ "type": "Feature", "properties": { "aaa": "Madre de Dios", "ala": "Tambopata - Inambari", "resolucion": "RA 0054-2018", "fecha": "28\/12\/2018", "archivo": "64-RA-0054-2018-01.pdf", "codlugarus": null, "lugaruso": "TAYAQUE MACHAYPATA - MISQUIUNO", "uso": "Agrario", "clase": "Licencia", "volumen": 27963.0, "area": 1.6, "modulo": 17476.88, "usuario": "COMUNIDAD CAMPESINA DE CORANI", "documento": null, "fuentetipo": null, "fuente": "Quebrada TORNEARO PUNCO", "volumenfue": null, "cur": 2.0180054026403123e+19, "organizaci": null, "bloquecodi": null, "bloquenomb": null, "coordenada": null, "departamen": null, "provincia": "Carabaya", "distrito": "Corani", "juntausuar": null, "comisionco": null, "fecharegis": null, "validado": "JUAN92_JS", "pozo": null, "codpozo": null, "numfila": 1, "datum": "WGS 84 (UTM)", "zona": 19, "este": 324805, "norte": 8461112, "unidadhidr": null, "areatotal": 0.0 }, "geometry": { "type": "Point", "coordinates": [ -70.62152526192861, -13.91469218432759 ] } },
{ "type": "Feature", "properties": { "aaa": "Madre de Dios", "ala": "Tambopata - Inambari", "resolucion": "RD 0083-2018", "fecha": "15\/03\/2018", "archivo": "64-RD-0083-2018-03.pdf", "codlugarus": null, "lugaruso": "VIVIENDA RURAL- MAZUKO", "uso": "Doméstico - Poblacional", "clase": "Licencia", "volumen": 2135.25, "area": 0.0, "modulo": 0.0, "usuario": "QUISPE HUAYLLANI, BRAULIO", "documento": "DNI: 04808271", "fuentetipo": null, "fuente": "Acuífero INAMBARI", "volumenfue": null, "cur": 2.0180083046402195e+19, "organizaci": null, "bloquecodi": null, "bloquenomb": null, "coordenada": null, "departamen": null, "provincia": "Tambopata", "distrito": "Inambari", "juntausuar": null, "comisionco": null, "fecharegis": null, "validado": "JUAN92_JS", "pozo": null, "codpozo": null, "numfila": 1, "datum": "WGS 84 (UTM)", "zona": 19, "este": 352420, "norte": 8552499, "unidadhidr": null, "areatotal": 0.0 }, "geometry": { "type": "Point", "coordinates": [ -70.361297110750385, -13.090138891063056 ] } },
{ "type": "Feature", "properties": { "aaa": "Madre de Dios", "ala": "Tambopata - Inambari", "resolucion": "RD 0108-2018", "fecha": "19\/04\/2018", "archivo": "64-RD-0108-2018-03.pdf", "codlugarus": null, "lugaruso": "PRIMAVERA BAJA KM 113.5", "uso": "Doméstico - Poblacional", "clase": "Licencia", "volumen": 1416.23, "area": 0.0, "modulo": 0.0, "usuario": "QUISPE PUMA, RICARDO", "documento": "DNI: 04963639", "fuentetipo": null, "fuente": "Acuífero INAMBARI", "volumenfue": null, "cur": 2.01801080464022e+19, "organizaci": null, "bloquecodi": null, "bloquenomb": null, "coordenada": null, "departamen": null, "provincia": "Tambopata", "distrito": "Inambari", "juntausuar": null, "comisionco": null, "fecharegis": null, "validado": "JUAN92_JS", "pozo": null, "codpozo": null, "numfila": 1, "datum": "WGS 84 (UTM)", "zona": 19, "este": 384352, "norte": 8574677, "unidadhidr": null, "areatotal": 0.0 }, "geometry": { "type": "Point", "coordinates": [ -70.065937543704877, -12.891010006484663 ] } },
{ "type": "Feature", "properties": { "aaa": "Madre de Dios", "ala": "Tambopata - Inambari", "resolucion": "RD 0110-2018", "fecha": "24\/04\/2018", "archivo": "64-RD-0110-2018-03.pdf", "codlugarus": null, "lugaruso": "SECTOR SANTA RITA ALTA KM 134 CARRETERA INTEROCEANICA PTO. MALDONADO - CUSCO", "uso": "Doméstico - Poblacional", "clase": "Licencia", "volumen": 946.11, "area": 0.0, "modulo": 0.0, "usuario": "VELASQUEZ CABRERA, JUAN", "documento": "DNI: 04812300", "fuentetipo": null, "fuente": "Acuífero INAMBARI", "volumenfue": null, "cur": 2.0180110046402204e+19, "organizaci": null, "bloquecodi": null, "bloquenomb": null, "coordenada": null, "departamen": null, "provincia": "Tambopata", "distrito": "Inambari", "juntausuar": null, "comisionco": null, "fecharegis": null, "validado": "JUAN92_JS", "pozo": null, "codpozo": null, "numfila": 1, "datum": "WGS 84 (UTM)", "zona": 19, "este": 364909, "norte": 8572070, "unidadhidr": null, "areatotal": 0.0 }, "geometry": { "type": "Point", "coordinates": [ -70.245234303400792, -12.913787946697752 ] } },
{ "type": "Feature", "properties": { "aaa": "Madre de Dios", "ala": "Tambopata - Inambari", "resolucion": "RD 0121-2018", "fecha": "07\/05\/2018", "archivo": "64-RD-0121-2018-03.pdf", "codlugarus": null, "lugaruso": "CENTRO POBLADO DE CHEJANI", "uso": "Poblacional", "clase": "Licencia", "volumen": 29495.92, "area": 0.0, "modulo": 0.0, "usuario": "JUNTA ADMINISTRADORA DE SERVICIOS DE SANEAMIENTO JASS DEL CENTRO POBLADO DE CHEJANI", "documento": null, "fuentetipo": null, "fuente": "Manantial HERBAHYÑANI", "volumenfue": null, "cur": 2.0180121046401184e+19, "organizaci": null, "bloquecodi": null, "bloquenomb": null, "coordenada": null, "departamen": null, "provincia": "Sandia", "distrito": "Phara", "juntausuar": null, "comisionco": null, "fecharegis": null, "validado": "JUAN92_JS", "pozo": null, "codpozo": null, "numfila": 1, "datum": "WGS 84 (UTM)", "zona": 19, "este": 433822, "norte": 8425080, "unidadhidr": null, "areatotal": 0.0 }, "geometry": { "type": "Point", "coordinates": [ -69.613456965028021, -14.245094531406492 ] } },
{ "type": "Feature", "properties": { "aaa": "Madre de Dios", "ala": "Tambopata - Inambari", "resolucion": "RD 0125-2018", "fecha": "16\/05\/2018", "archivo": "64-RD-0125-2018-03.pdf", "codlugarus": null, "lugaruso": "CAMPAMENTO BASE SECTOR SUROESTE DEL LOTE 76", "uso": "Otros Usos", "clase": "Autorización", "volumen": 2126.8, "area": 0.0, "modulo": 0.0, "usuario": "HUNT OIL EXPLORATION AND PRODUCTION COMPANY OF PERU L.L.C. SUCURSAL DEL PERU", "documento": "RUC: 20513037504", "fuentetipo": null, "fuente": "Quebrada YANAMAYO", "volumenfue": null, "cur": 2.0180125046412227e+19, "organizaci": null, "bloquecodi": null, "bloquenomb": null, "coordenada": null, "departamen": null, "provincia": "Quispicanchi", "distrito": "Camanti", "juntausuar": null, "comisionco": null, "fecharegis": null, "validado": "PSANTIN", "pozo": null, "codpozo": null, "numfila": 1, "datum": "WGS 84 (UTM)", "zona": 19, "este": 307593, "norte": 8535505, "unidadhidr": null, "areatotal": 0.0 }, "geometry": { "type": "Point", "coordinates": [ -70.775770026390944, -13.241222795172062 ] } },
{ "type": "Feature", "properties": { "aaa": "Madre de Dios", "ala": "Tambopata - Inambari", "resolucion": "RD 0131-2018", "fecha": "28\/05\/2018", "archivo": "64-RD-0131-2018-03.pdf", "codlugarus": null, "lugaruso": "CASA", "uso": "Doméstico - Poblacional", "clase": "Licencia", "volumen": 800.74, "area": 0.0, "modulo": 0.0, "usuario": "FERNANDEZ SUAQUITA, JOSE LUIS", "documento": "DNI: 40799800", "fuentetipo": null, "fuente": "Acuífero INAMBARI", "volumenfue": null, "cur": 2.0180131046402204e+19, "organizaci": null, "bloquecodi": null, "bloquenomb": null, "coordenada": null, "departamen": null, "provincia": "Tambopata", "distrito": "Inambari", "juntausuar": null, "comisionco": null, "fecharegis": null, "validado": "JUAN92_JS", "pozo": null, "codpozo": null, "numfila": 1, "datum": "WGS 84 (UTM)", "zona": 19, "este": 390522, "norte": 8574676, "unidadhidr": null, "areatotal": 0.0 }, "geometry": { "type": "Point", "coordinates": [ -70.009074543387371, -12.891244435572496 ] } },
{ "type": "Feature", "properties": { "aaa": "Madre de Dios", "ala": "Tambopata - Inambari", "resolucion": "RD 0140-2018", "fecha": "31\/05\/2018", "archivo": "64-RD-0140-2018-03.pdf", "codlugarus": null, "lugaruso": "VIVIENDA FAMILIAR", "uso": "Doméstico - Poblacional", "clase": "Licencia", "volumen": 1261.44, "area": 0.0, "modulo": 0.0, "usuario": "FERNANDEZ SUAQUITA, PABLO", "documento": "DNI: 43623573", "fuentetipo": null, "fuente": "Acuífero INAMBARI", "volumenfue": null, "cur": 2.0180140046402204e+19, "organizaci": null, "bloquecodi": null, "bloquenomb": null, "coordenada": null, "departamen": null, "provincia": "Tambopata", "distrito": "Inambari", "juntausuar": null, "comisionco": null, "fecharegis": null, "validado": "JUAN92_JS", "pozo": null, "codpozo": null, "numfila": 1, "datum": "WGS 84 (UTM)", "zona": 19, "este": 392717, "norte": 8574764, "unidadhidr": null, "areatotal": 0.0 }, "geometry": { "type": "Point", "coordinates": [ -69.988841930875523, -12.890525993814725 ] } },
{ "type": "Feature", "properties": { "aaa": "Madre de Dios", "ala": "Tambopata - Inambari", "resolucion": "RD 0143-2018", "fecha": "11\/06\/2018", "archivo": "64-RD-0143-2018-03.pdf", "codlugarus": null, "lugaruso": "VIVIENDA FAMILIAR", "uso": "Doméstico - Poblacional", "clase": "Licencia", "volumen": 949.0, "area": 0.0, "modulo": 0.0, "usuario": "FERNANDEZ SUAQUITA, PABLO", "documento": "DNI: 43623573", "fuentetipo": null, "fuente": "Acuífero INAMBARI", "volumenfue": null, "cur": 2.0180143046402204e+19, "organizaci": null, "bloquecodi": null, "bloquenomb": null, "coordenada": null, "departamen": null, "provincia": "Tambopata", "distrito": "Inambari", "juntausuar": null, "comisionco": null, "fecharegis": null, "validado": "JUAN92_JS", "pozo": null, "codpozo": null, "numfila": 1, "datum": "WGS 84 (UTM)", "zona": 19, "este": 390732, "norte": 8574625, "unidadhidr": null, "areatotal": 0.0 }, "geometry": { "type": "Point", "coordinates": [ -70.007140997237371, -12.891713000219472 ] } },
{ "type": "Feature", "properties": { "aaa": "Madre de Dios", "ala": "Tambopata - Inambari", "resolucion": "RD 0147-2018", "fecha": "15\/06\/2018", "archivo": "64-RD-0147-2018-03.pdf", "codlugarus": null, "lugaruso": "COMUNIDAD DE HUANCASAYANI", "uso": "Poblacional", "clase": "Licencia", "volumen": 25228.8, "area": 0.0, "modulo": 0.0, "usuario": "JUNTA ADMINISTRADORA DE SERVICIO (JASS) DE LA COMUNIDAD DE HUANCASAYANI", "documento": null, "fuentetipo": null, "fuente": "Manantial ISLA KCUCHO", "volumenfue": null, "cur": 2.0180147046401094e+19, "organizaci": null, "bloquecodi": null, "bloquenomb": null, "coordenada": null, "departamen": null, "provincia": "Sandia", "distrito": "Cuyocuyo", "juntausuar": null, "comisionco": null, "fecharegis": null, "validado": "JUAN92_JS", "pozo": null, "codpozo": null, "numfila": 1, "datum": "WGS 84 (UTM)", "zona": 19, "este": 447617, "norte": 8400940, "unidadhidr": null, "areatotal": 0.0 }, "geometry": { "type": "Point", "coordinates": [ -69.486054376508235, -14.463648375683803 ] } },
{ "type": "Feature", "properties": { "aaa": "Madre de Dios", "ala": "Tambopata - Inambari", "resolucion": "RD 0161-2018", "fecha": "27\/06\/2018", "archivo": "64-RD-0161-2018-03.pdf", "codlugarus": null, "lugaruso": "CONCESION MINERA METALICA ORO DEL PERU I", "uso": "Minero", "clase": "Licencia", "volumen": 54892.84, "area": 0.0, "modulo": 0.0, "usuario": "SOCIEDAD MINERA DE RESPONSABILIDAD LIMITADA ORO DEL PERU I", "documento": "RUC: 20600565347", "fuentetipo": null, "fuente": "Quebrada CHALHUAYANI \/ Quebrada SN DME \/ Quebrada SN DME \/ Quebrada COLLPAMAYO", "volumenfue": null, "cur": 2.0180161046408184e+19, "organizaci": null, "bloquecodi": null, "bloquenomb": null, "coordenada": null, "departamen": null, "provincia": "Quispicanchi", "distrito": "Camanti", "juntausuar": null, "comisionco": null, "fecharegis": null, "validado": "JUAN92_JS", "pozo": null, "codpozo": null, "numfila": 1, "datum": "WGS 84 (UTM)", "zona": 19, "este": 300150, "norte": 8537500, "unidadhidr": null, "areatotal": 0.0 }, "geometry": { "type": "Point", "coordinates": [ -70.844302941904417, -13.222705363266249 ] } },
{ "type": "Feature", "properties": { "aaa": "Madre de Dios", "ala": "Tambopata - Inambari", "resolucion": "RD 0162-2018", "fecha": "27\/06\/2018", "archivo": "64-RD-0162-2018-03.pdf", "codlugarus": null, "lugaruso": "CONCESION MINERA METALICA ORO DEL PERU II", "uso": "Minero", "clase": "Licencia", "volumen": 75365.53, "area": 0.0, "modulo": 0.0, "usuario": "SOCIEDAD MINERA DE RESPONSABILIDAD LIMITADA ORO DEL PERU II", "documento": "RUC: 20600590511", "fuentetipo": null, "fuente": "Quebrada COLLAMAYO \/ Quebrada TEJADA", "volumenfue": null, "cur": 2.0180162046408184e+19, "organizaci": null, "bloquecodi": null, "bloquenomb": null, "coordenada": null, "departamen": null, "provincia": "Quispicanchi", "distrito": "Camanti", "juntausuar": null, "comisionco": null, "fecharegis": null, "validado": "JUAN92_JS", "pozo": null, "codpozo": null, "numfila": 1, "datum": "WGS 84 (UTM)", "zona": 19, "este": 293530, "norte": 8534630, "unidadhidr": null, "areatotal": 0.0 }, "geometry": { "type": "Point", "coordinates": [ -70.905573404813751, -13.248195086483799 ] } },
{ "type": "Feature", "properties": { "aaa": "Madre de Dios", "ala": "Tambopata - Inambari", "resolucion": "RD 0163-2018", "fecha": "27\/06\/2018", "archivo": "64-RD-0163-2018-03.pdf", "codlugarus": null, "lugaruso": "CONCESIONES MINERAS METALICAS CHOQUE KAMANTI III Y IV", "uso": "Minero", "clase": "Licencia", "volumen": 42100.43, "area": 0.0, "modulo": 0.0, "usuario": "SOCIEDAD MINERA DE RESPONSABILIDAD LIMITADA CHOQUE KAMANTI III", "documento": "RUC: 20600426681", "fuentetipo": null, "fuente": "Río NUSINISCATO \/ Río NUSINISCATO \/ Río NUSINISCATO", "volumenfue": null, "cur": 2.0180163046408192e+19, "organizaci": null, "bloquecodi": null, "bloquenomb": null, "coordenada": null, "departamen": null, "provincia": "Quispicanchi", "distrito": "Camanti", "juntausuar": null, "comisionco": null, "fecharegis": null, "validado": "JUAN92_JS", "pozo": null, "codpozo": null, "numfila": 1, "datum": "WGS 84 (UTM)", "zona": 19, "este": 289150, "norte": 8533750, "unidadhidr": null, "areatotal": 0.0 }, "geometry": { "type": "Point", "coordinates": [ -70.946044685306987, -13.255842890486747 ] } },
{ "type": "Feature", "properties": { "aaa": "Madre de Dios", "ala": "Tambopata - Inambari", "resolucion": "RD 0166-2018", "fecha": "27\/06\/2018", "archivo": "64-RD-0166-2018-03.pdf", "codlugarus": null, "lugaruso": "COMUNIDAD CAMPESINA HUACYUMBRE", "uso": "Poblacional", "clase": "Licencia", "volumen": 4415.04, "area": 0.0, "modulo": 0.0, "usuario": "JUNTA ADMINISTRADORA DE SERVICIO (JASS) DEL CENTRO POBLADO RURAL COMUNIDAD CAMPESINA HUACYUMBRE", "documento": null, "fuentetipo": null, "fuente": "Manantial HUACYUMBRE", "volumenfue": null, "cur": 2.0180166046401094e+19, "organizaci": null, "bloquecodi": null, "bloquenomb": null, "coordenada": null, "departamen": null, "provincia": "Quispicanchi", "distrito": "Camanti", "juntausuar": null, "comisionco": null, "fecharegis": null, "validado": "JUAN92_JS", "pozo": null, "codpozo": null, "numfila": 1, "datum": "WGS 84 (UTM)", "zona": 19, "este": 320706, "norte": 8540881, "unidadhidr": null, "areatotal": 0.0 }, "geometry": { "type": "Point", "coordinates": [ -70.654456352245063, -13.193443354255972 ] } },
{ "type": "Feature", "properties": { "aaa": "Madre de Dios", "ala": "Tambopata - Inambari", "resolucion": "RD 0176-2018", "fecha": "04\/07\/2018", "archivo": "64-RD-0176-2018-03.pdf", "codlugarus": null, "lugaruso": "SECTOR TILLPA DE LA COMUNIDAD CAMPESINA DE COLLASUYO", "uso": "Poblacional", "clase": "Licencia", "volumen": 7087.56, "area": 0.0, "modulo": 0.0, "usuario": "JUNTA ADMINISTRADORA DE SERVICIO (JASS) DEL SECTOR TILLPA DE LA COMUNIDAD CAMPESINA DE COLLASUYO", "documento": null, "fuentetipo": null, "fuente": "Manantial Tillpapujio", "volumenfue": null, "cur": 2.0180176046401085e+19, "organizaci": null, "bloquecodi": null, "bloquenomb": null, "coordenada": null, "departamen": null, "provincia": "Quispicanchi", "distrito": "Marcapata", "juntausuar": null, "comisionco": null, "fecharegis": null, "validado": "JUAN92_JS", "pozo": null, "codpozo": null, "numfila": 1, "datum": "WGS 84 (UTM)", "zona": 19, "este": 293485, "norte": 8489123, "unidadhidr": null, "areatotal": 0.0 }, "geometry": { "type": "Point", "coordinates": [ -70.909244700458899, -13.659454877366091 ] } },
{ "type": "Feature", "properties": { "aaa": "Madre de Dios", "ala": "Tambopata - Inambari", "resolucion": "RD 0177-2018", "fecha": "04\/07\/2018", "archivo": "64-RD-0177-2018-03.pdf", "codlugarus": null, "lugaruso": "SECTOR HUARACCONI", "uso": "Poblacional", "clase": "Licencia", "volumen": 16398.73, "area": 0.0, "modulo": 0.0, "usuario": "JUNTA ADMINISTRADORA DE SERVICIO (JASS) DEL SECTOR HUARACCONI", "documento": null, "fuentetipo": null, "fuente": "Manantial ANTAPUNKU \/ Manantial CHIQUISCCATA \/ Manantial FORENTUYOC", "volumenfue": null, "cur": 2.0180177046401085e+19, "organizaci": null, "bloquecodi": null, "bloquenomb": null, "coordenada": null, "departamen": null, "provincia": "Quispicanchi", "distrito": "Marcapata", "juntausuar": null, "comisionco": null, "fecharegis": null, "validado": "JUAN92_JS", "pozo": null, "codpozo": null, "numfila": 1, "datum": "WGS 84 (UTM)", "zona": 19, "este": 306909, "norte": 8471687, "unidadhidr": null, "areatotal": 0.0 }, "geometry": { "type": "Point", "coordinates": [ -70.786376720963929, -13.817961486348999 ] } },
{ "type": "Feature", "properties": { "aaa": "Madre de Dios", "ala": "Tambopata - Inambari", "resolucion": "RD 0178-2018", "fecha": "04\/07\/2018", "archivo": "64-RD-0178-2018-03.pdf", "codlugarus": null, "lugaruso": "COMUNIDAD DE YANACCOCHA", "uso": "Poblacional", "clase": "Licencia", "volumen": 8322.51, "area": 0.0, "modulo": 0.0, "usuario": "JUNTA ADMINISTRADORA DE SERVICIO (JASS) DE LA COMUNIDAD DE YANACCOCHA", "documento": null, "fuentetipo": null, "fuente": "Manantial PUPUSAYOC", "volumenfue": null, "cur": 2.0180178046401122e+19, "organizaci": null, "bloquecodi": null, "bloquenomb": null, "coordenada": null, "departamen": null, "provincia": "Quispicanchi", "distrito": "Marcapata", "juntausuar": null, "comisionco": null, "fecharegis": null, "validado": "JUAN92_JS", "pozo": null, "codpozo": null, "numfila": 1, "datum": "WGS 84 (UTM)", "zona": 19, "este": 308996, "norte": 8485792, "unidadhidr": null, "areatotal": 0.0 }, "geometry": { "type": "Point", "coordinates": [ -70.766119087465427, -13.690622284552608 ] } },
{ "type": "Feature", "properties": { "aaa": "Madre de Dios", "ala": "Tambopata - Inambari", "resolucion": "RD 0179-2018", "fecha": "04\/07\/2018", "archivo": "64-RD-0179-2018-03.pdf", "codlugarus": null, "lugaruso": "SECTOR KIRA KIRA", "uso": "Poblacional", "clase": "Licencia", "volumen": 12157.13, "area": 0.0, "modulo": 0.0, "usuario": "JUNTA ADMINISTRADORA DE SERVICIO (JASS) DEL SECTOR KIRA KIRA", "documento": null, "fuentetipo": null, "fuente": "Manantial MACHAYPATA I \/ Manantial MACHAYPATA II", "volumenfue": null, "cur": 2.0180179046401114e+19, "organizaci": null, "bloquecodi": null, "bloquenomb": null, "coordenada": null, "departamen": null, "provincia": "Quispicanchi", "distrito": "Marcapata", "juntausuar": null, "comisionco": null, "fecharegis": null, "validado": "JUAN92_JS", "pozo": null, "codpozo": null, "numfila": 1, "datum": "WGS 84 (UTM)", "zona": 19, "este": 308035, "norte": 8488554, "unidadhidr": null, "areatotal": 0.0 }, "geometry": { "type": "Point", "coordinates": [ -70.774814899765005, -13.665596143481938 ] } },
{ "type": "Feature", "properties": { "aaa": "Madre de Dios", "ala": "Tambopata - Inambari", "resolucion": "RD 0183-2018", "fecha": "05\/07\/2018", "archivo": "64-RD-0183-2018-03.pdf", "codlugarus": null, "lugaruso": "SAN MIGUEL", "uso": "Poblacional", "clase": "Licencia", "volumen": 5401.47, "area": 0.0, "modulo": 0.0, "usuario": "JUNTA ADMINISTRADORA DE SERVICIO (JASS) DEL CENTRO POBLADO RURAL SECTOR SAN MIGUEL", "documento": null, "fuentetipo": null, "fuente": "Manantial SAN MIGUEL", "volumenfue": null, "cur": 2.0180183046401114e+19, "organizaci": null, "bloquecodi": null, "bloquenomb": null, "coordenada": null, "departamen": null, "provincia": "Quispicanchi", "distrito": "Camanti", "juntausuar": null, "comisionco": null, "fecharegis": null, "validado": "JUAN92_JS", "pozo": null, "codpozo": null, "numfila": 1, "datum": "WGS 84 (UTM)", "zona": 19, "este": 294329, "norte": 8517402, "unidadhidr": null, "areatotal": 0.0 }, "geometry": { "type": "Point", "coordinates": [ -70.899416991330838, -13.403947955927718 ] } },
{ "type": "Feature", "properties": { "aaa": "Madre de Dios", "ala": "Tambopata - Inambari", "resolucion": "RD 0187-2018", "fecha": "11\/07\/2018", "archivo": "64-RD-0187-2018-04.pdf", "codlugarus": null, "lugaruso": "LOCALIDAD ALTO SAN BENIGNO", "uso": "Poblacional", "clase": "Licencia", "volumen": 4099.74, "area": 0.0, "modulo": 0.0, "usuario": "JUNTA ADMINISTRADORA DE SERVICIOS DE SANEAMIENTO (JASS) DE ALTO SAN BENIGNO, DEL SECTOR SAN BENIGNO", "documento": null, "fuentetipo": null, "fuente": "Manantial VILLA CARMEN \/ Manantial SAN MARTIN", "volumenfue": null, "cur": 2.0180187046401094e+19, "organizaci": null, "bloquecodi": null, "bloquenomb": null, "coordenada": null, "departamen": null, "provincia": "Sandia", "distrito": "San Pedro De Putina Punco", "juntausuar": null, "comisionco": null, "fecharegis": null, "validado": "JUAN92_JS", "pozo": null, "codpozo": null, "numfila": 1, "datum": "WGS 84 (UTM)", "zona": 19, "este": 498856, "norte": 8438152, "unidadhidr": null, "areatotal": 0.0 }, "geometry": { "type": "Point", "coordinates": [ -69.010599375599483, -14.12768740425523 ] } },
{ "type": "Feature", "properties": { "aaa": "Madre de Dios", "ala": "Tambopata - Inambari", "resolucion": "RD 0196-2018", "fecha": "16\/07\/2018", "archivo": "64-RD-0196-2018-02.pdf", "codlugarus": null, "lugaruso": "PREDIO HUATTA", "uso": "Agrario", "clase": "Licencia", "volumen": 4078.08, "area": 0.61, "modulo": 6685.38, "usuario": "PILCO MULLISACA, DANIEL", "documento": "DNI: 02545953", "fuentetipo": null, "fuente": "Manantial PAJCHA PUTUCUYOQ", "volumenfue": null, "cur": 2.0180196046403191e+19, "organizaci": null, "bloquecodi": null, "bloquenomb": null, "coordenada": null, "departamen": null, "provincia": "Sandia", "distrito": "Sandia", "juntausuar": null, "comisionco": null, "fecharegis": null, "validado": "JUAN92_JS", "pozo": null, "codpozo": null, "numfila": 1, "datum": "WGS 84 (UTM)", "zona": 19, "este": 450472, "norte": 8417124, "unidadhidr": null, "areatotal": 0.0 }, "geometry": { "type": "Point", "coordinates": [ -69.459264706369069, -14.317375394664381 ] } },
{ "type": "Feature", "properties": { "aaa": "Madre de Dios", "ala": "Tambopata - Inambari", "resolucion": "RD 0197-2018", "fecha": "17\/07\/2018", "archivo": "64-RD-0197-2018-03.pdf", "codlugarus": null, "lugaruso": "SECTOR SAYAPATA", "uso": "Poblacional", "clase": "Licencia", "volumen": 11352.95, "area": 0.0, "modulo": 0.0, "usuario": "JUNTA ADMINISTRADORA DE SERVICIO (JASS) DEL SECTOR SAYAPATA DE LA COMUNIDAD CAMPESINA DE CCOLLASUYO", "documento": null, "fuentetipo": null, "fuente": "Manantial COLLPAPAMPA \/ Manantial TONTOCCORI \/ Manantial QUELLOUNO \/ Manantial YURAJTIANA \/ Manantial YANACCACCA \/ Manantial CHULLUPAMPA \/ Manantial UNOÑAHUI URAQUICHA", "volumenfue": null, "cur": 2.0180197046401114e+19, "organizaci": null, "bloquecodi": null, "bloquenomb": null, "coordenada": null, "departamen": null, "provincia": "Quispicanchi", "distrito": "Marcapata", "juntausuar": null, "comisionco": null, "fecharegis": null, "validado": "JUAN92_JS", "pozo": null, "codpozo": null, "numfila": 1, "datum": "WGS 84 (UTM)", "zona": 19, "este": 299077, "norte": 8481008, "unidadhidr": null, "areatotal": 0.0 }, "geometry": { "type": "Point", "coordinates": [ -70.858141891760539, -13.733186143914768 ] } },
{ "type": "Feature", "properties": { "aaa": "Madre de Dios", "ala": "Tambopata - Inambari", "resolucion": "RD 0218-2018", "fecha": "13\/08\/2018", "archivo": "64-RD-0218-2018-03.pdf", "codlugarus": null, "lugaruso": "CENTRO POBLADO HUANCASAYANI", "uso": "Poblacional", "clase": "Licencia", "volumen": 27499.41, "area": 0.0, "modulo": 0.0, "usuario": "JUNTA ADMINISTRADORA DE SERVICIOS DE SANEAMIENTO (JASS) DEL CENTRO POBLADO RURAL DE HUANCASAYANI", "documento": null, "fuentetipo": null, "fuente": "Manantial CALZADA 1 \/ Manantial CALZADA 2", "volumenfue": null, "cur": 2.0180218046401085e+19, "organizaci": null, "bloquecodi": null, "bloquenomb": null, "coordenada": null, "departamen": null, "provincia": "Sandia", "distrito": "Limbani", "juntausuar": null, "comisionco": null, "fecharegis": null, "validado": "JUAN92_JS", "pozo": null, "codpozo": null, "numfila": 1, "datum": "WGS 84 (UTM)", "zona": 19, "este": 423977, "norte": 8430957, "unidadhidr": null, "areatotal": 0.0 }, "geometry": { "type": "Point", "coordinates": [ -69.704549037835363, -14.191707755302527 ] } },
{ "type": "Feature", "properties": { "aaa": "Madre de Dios", "ala": "Tambopata - Inambari", "resolucion": "RD 0226-2018", "fecha": "29\/08\/2018", "archivo": "64-RD-0226-2018-04.pdf", "codlugarus": null, "lugaruso": null, "uso": "Acuícola", "clase": "Licencia", "volumen": 18172.08, "area": 0.0, "modulo": 0.0, "usuario": "FLORES RODRIGUEZ, JOSE", "documento": "DNI: 05070440", "fuentetipo": null, "fuente": "Manantial JERGON \/ Quebrada JERGON", "volumenfue": null, "cur": 2.0180226046404108e+19, "organizaci": null, "bloquecodi": null, "bloquenomb": null, "coordenada": null, "departamen": null, "provincia": "Tambopata", "distrito": "Inambari", "juntausuar": null, "comisionco": null, "fecharegis": null, "validado": "JUAN92_JS", "pozo": null, "codpozo": null, "numfila": 1, "datum": "WGS 84 (UTM)", "zona": 19, "este": 353770, "norte": 8565277, "unidadhidr": null, "areatotal": 0.0 }, "geometry": { "type": "Point", "coordinates": [ -70.348221552058305, -12.974688924690174 ] } },
{ "type": "Feature", "properties": { "aaa": "Madre de Dios", "ala": "Tambopata - Inambari", "resolucion": "RD 0229-2018", "fecha": "29\/08\/2018", "archivo": "64-RD-0229-2018-04.pdf", "codlugarus": null, "lugaruso": "GRIFO MAFER E.I.R.L.", "uso": "Otros Usos", "clase": "Licencia", "volumen": 3358.0, "area": 0.0, "modulo": 0.0, "usuario": "GRIFO MAFER E.I.R.L.", "documento": "RUC: 20490221078", "fuentetipo": null, "fuente": "Acuífero INAMBARI", "volumenfue": null, "cur": 2.0180229046412173e+19, "organizaci": null, "bloquecodi": null, "bloquenomb": null, "coordenada": null, "departamen": null, "provincia": "Tambopata", "distrito": "Inambari", "juntausuar": null, "comisionco": null, "fecharegis": null, "validado": "JUAN92_JS", "pozo": null, "codpozo": null, "numfila": 1, "datum": "WGS 84 (UTM)", "zona": 19, "este": 352247, "norte": 8552622, "unidadhidr": null, "areatotal": 0.0 }, "geometry": { "type": "Point", "coordinates": [ -70.362886455201561, -13.089018538973654 ] } },
{ "type": "Feature", "properties": { "aaa": "Madre de Dios", "ala": "Tambopata - Inambari", "resolucion": "RD 0230-2018", "fecha": "29\/08\/2018", "archivo": "64-RD-0230-2018-04.pdf", "codlugarus": null, "lugaruso": "PARCELA VILLA SANTIAGO", "uso": "Acuícola", "clase": "Licencia", "volumen": 25102.64, "area": 0.0, "modulo": 0.0, "usuario": "LUPACA CCORIMANYA, NICOLAS", "documento": "DNI: 04961687", "fuentetipo": null, "fuente": "Quebrada SANTA ISIDORA", "volumenfue": null, "cur": 2.0180230046404125e+19, "organizaci": null, "bloquecodi": null, "bloquenomb": null, "coordenada": null, "departamen": null, "provincia": "Tambopata", "distrito": "Inambari", "juntausuar": null, "comisionco": null, "fecharegis": null, "validado": "JUAN92_JS", "pozo": null, "codpozo": null, "numfila": 1, "datum": "WGS 84 (UTM)", "zona": 19, "este": 354192, "norte": 8563352, "unidadhidr": null, "areatotal": 0.0 }, "geometry": { "type": "Point", "coordinates": [ -70.344425086625563, -12.992111485982468 ] } },
{ "type": "Feature", "properties": { "aaa": "Madre de Dios", "ala": "Tambopata - Inambari", "resolucion": "RD 0234-2018", "fecha": "07\/09\/2018", "archivo": "64-RD-0234-2018-03.pdf", "codlugarus": null, "lugaruso": "CENTRO POBLADO RURAL TUNQUIPATA DESAGUADERO", "uso": "Poblacional", "clase": "Licencia", "volumen": 20498.4, "area": 0.0, "modulo": 0.0, "usuario": "JUNTA ADMINISTRADORA DE SERVICIO (JASS) DEL CENTRO POBLADO RURAL TUNQUIPATA DESAGUADERO", "documento": null, "fuentetipo": null, "fuente": "Manantial TUNQUIPATA 1", "volumenfue": null, "cur": 2.018023404640111e+19, "organizaci": null, "bloquecodi": null, "bloquenomb": null, "coordenada": null, "departamen": null, "provincia": "Sandia", "distrito": "San Pedro De Putina Punco", "juntausuar": null, "comisionco": null, "fecharegis": null, "validado": "JUAN92_JS", "pozo": null, "codpozo": null, "numfila": 1, "datum": "WGS 84 (UTM)", "zona": 19, "este": 497200, "norte": 8440983, "unidadhidr": null, "areatotal": 0.0 }, "geometry": { "type": "Point", "coordinates": [ -69.025939630972445, -14.102088590467805 ] } },
{ "type": "Feature", "properties": { "aaa": "Madre de Dios", "ala": "Tambopata - Inambari", "resolucion": "RD 0235-2018", "fecha": "10\/09\/2018", "archivo": "64-RD-0235-2018-03.pdf", "codlugarus": null, "lugaruso": "ESTANQUE PARCELA 5 UC 30273, SECTOR ROSITA", "uso": "Acuícola", "clase": "Licencia", "volumen": 31538.59, "area": 0.0, "modulo": 0.0, "usuario": "SUCASACA YUCRA, FELIMON DAIGORO", "documento": "DNI: 42892582", "fuentetipo": null, "fuente": "Filtración AMIGO \/ Río DOS DE MAYO", "volumenfue": null, "cur": 2.0180235046404121e+19, "organizaci": null, "bloquecodi": null, "bloquenomb": null, "coordenada": null, "departamen": null, "provincia": "Tambopata", "distrito": "Inambari", "juntausuar": null, "comisionco": null, "fecharegis": null, "validado": "NSUANA", "pozo": null, "codpozo": null, "numfila": 1, "datum": "WGS 84 (UTM)", "zona": 19, "este": 355480, "norte": 8553966, "unidadhidr": null, "areatotal": 0.0 }, "geometry": { "type": "Point", "coordinates": [ -70.333005448133051, -13.077024263629509 ] } },
{ "type": "Feature", "properties": { "aaa": "Madre de Dios", "ala": "Tambopata - Inambari", "resolucion": "RD 0236-2018", "fecha": "11\/09\/2018", "archivo": "64-RD-0236-2018-03.pdf", "codlugarus": null, "lugaruso": "CENTRO POBLADO QUINCEMIL, SECTOR BAJO", "uso": "Poblacional", "clase": "Licencia", "volumen": 27313.11, "area": 0.0, "modulo": 0.0, "usuario": "MUNICIPALIDAD DISTRITAL DE CAMANTI", "documento": null, "fuentetipo": null, "fuente": "Quebrada CHILLIMAYO", "volumenfue": null, "cur": 2.0180236046401094e+19, "organizaci": null, "bloquecodi": null, "bloquenomb": null, "coordenada": null, "departamen": null, "provincia": "Quispicanchi", "distrito": "Camanti", "juntausuar": null, "comisionco": null, "fecharegis": null, "validado": "JUAN92_JS", "pozo": null, "codpozo": null, "numfila": 1, "datum": "WGS 84 (UTM)", "zona": 19, "este": 309912, "norte": 8536695, "unidadhidr": null, "areatotal": 0.0 }, "geometry": { "type": "Point", "coordinates": [ -70.754297553008556, -13.230615177818509 ] } },
{ "type": "Feature", "properties": { "aaa": "Madre de Dios", "ala": "Tambopata - Inambari", "resolucion": "RD 0237-2018", "fecha": "11\/09\/2018", "archivo": "64-RD-0237-2018-03.pdf", "codlugarus": null, "lugaruso": "CENTRO POBLADO QUICEMIL, SECTOR ALTO", "uso": "Poblacional", "clase": "Licencia", "volumen": 88616.13, "area": 0.0, "modulo": 0.0, "usuario": "MUNICIPALIDAD DISTRITAL DE CAMANTI", "documento": null, "fuentetipo": null, "fuente": "Quebrada SACMACHU \/ Quebrada S\/N 01", "volumenfue": null, "cur": 2.018023704640111e+19, "organizaci": null, "bloquecodi": null, "bloquenomb": null, "coordenada": null, "departamen": null, "provincia": "Quispicanchi", "distrito": "Camanti", "juntausuar": null, "comisionco": null, "fecharegis": null, "validado": "JUAN92_JS", "pozo": null, "codpozo": null, "numfila": 1, "datum": "WGS 84 (UTM)", "zona": 19, "este": 309645, "norte": 8536967, "unidadhidr": null, "areatotal": 0.0 }, "geometry": { "type": "Point", "coordinates": [ -70.756743231119174, -13.228139837347568 ] } },
{ "type": "Feature", "properties": { "aaa": "Madre de Dios", "ala": "Tambopata - Inambari", "resolucion": "RD 0239-2018", "fecha": "12\/09\/2018", "archivo": "64-RD-0239-2018-03.pdf", "codlugarus": null, "lugaruso": "JUNTA ADMINISTRADORA DE SERVICIO (JASS) DEL CENTRO POBLADO RURAL PACAJE - HUANUTUYO", "uso": "Poblacional", "clase": "Licencia", "volumen": 73790.9, "area": 0.0, "modulo": 0.0, "usuario": "JUNTA ADMINISTRADORA DE SERVICIO (JASS) DEL CENTRO POBLADO RURAL PACAJE - HUANUTUYO", "documento": null, "fuentetipo": null, "fuente": "Manantial KALLENE II \/ Manantial KALLENE", "volumenfue": null, "cur": 2.0180239046401106e+19, "organizaci": null, "bloquecodi": null, "bloquenomb": null, "coordenada": null, "departamen": null, "provincia": "Carabaya", "distrito": "Macusani", "juntausuar": null, "comisionco": null, "fecharegis": null, "validado": "JUAN92_JS", "pozo": null, "codpozo": null, "numfila": 1, "datum": "WGS 84 (UTM)", "zona": 19, "este": 342648, "norte": 8452431, "unidadhidr": null, "areatotal": 0.0 }, "geometry": { "type": "Point", "coordinates": [ -70.456911263837284, -13.994202567478295 ] } },
{ "type": "Feature", "properties": { "aaa": "Madre de Dios", "ala": "Tambopata - Inambari", "resolucion": "RD 0242-2018", "fecha": "17\/09\/2017", "archivo": "64-RD-0242-2018-04.pdf", "codlugarus": null, "lugaruso": "INVERSIONES JESUS ES MI CAMINO E.I.R.L.", "uso": "Otros Usos", "clase": "Licencia", "volumen": 3358.0, "area": 0.0, "modulo": 0.0, "usuario": "INVERSIONES JESUS ES MI CAMINO E.I.R.L.", "documento": "RUC: 20490119541", "fuentetipo": null, "fuente": "Manantial NIBLE", "volumenfue": null, "cur": 2.0180242046412182e+19, "organizaci": null, "bloquecodi": null, "bloquenomb": null, "coordenada": null, "departamen": null, "provincia": "Tambopata", "distrito": "Inambari", "juntausuar": null, "comisionco": null, "fecharegis": null, "validado": "JUAN92_JS", "pozo": null, "codpozo": null, "numfila": 1, "datum": "WGS 84 (UTM)", "zona": 19, "este": 351805, "norte": 8550412, "unidadhidr": null, "areatotal": 0.0 }, "geometry": { "type": "Point", "coordinates": [ -70.367072916410166, -13.108975507624891 ] } },
{ "type": "Feature", "properties": { "aaa": "Madre de Dios", "ala": "Tambopata - Inambari", "resolucion": "RD 0252-2018", "fecha": "21\/09\/2018", "archivo": "64-RD-0252-2018-04.pdf", "codlugarus": null, "lugaruso": "ALBERGUE TURISTICO HACIENDA TAMBOPATA", "uso": "Otros Usos", "clase": "Licencia", "volumen": 8212.5, "area": 0.0, "modulo": 0.0, "usuario": "HACIENDA TAMBOPATA E.I.R.L.", "documento": "RUC: 20602531245", "fuentetipo": null, "fuente": "Río TAMBOPATA", "volumenfue": null, "cur": 2.0180252046412182e+19, "organizaci": null, "bloquecodi": null, "bloquenomb": null, "coordenada": null, "departamen": null, "provincia": "Tambopata", "distrito": "Tambopata", "juntausuar": null, "comisionco": null, "fecharegis": null, "validado": "JUAN92_JS", "pozo": null, "codpozo": null, "numfila": 1, "datum": "WGS 84 (UTM)", "zona": 19, "este": 445186, "norte": 8575744, "unidadhidr": null, "areatotal": 0.0 }, "geometry": { "type": "Point", "coordinates": [ -69.505229861033058, -12.883044530355299 ] } },
{ "type": "Feature", "properties": { "aaa": "Madre de Dios", "ala": "Tambopata - Inambari", "resolucion": "RD 0256-2018", "fecha": "24\/09\/2018", "archivo": "64-RD-0256-2018-04.pdf", "codlugarus": null, "lugaruso": "ESTAMNQUE", "uso": "Acuícola", "clase": "Licencia", "volumen": 18375.57, "area": 0.0, "modulo": 0.0, "usuario": "TAYPE HUAMAN, DANIEL JENARO", "documento": "DNI: 04808304", "fuentetipo": null, "fuente": "Manantial EL MANANTIAL", "volumenfue": null, "cur": 2.0180256046404125e+19, "organizaci": null, "bloquecodi": null, "bloquenomb": null, "coordenada": null, "departamen": null, "provincia": "Tambopata", "distrito": "Inambari", "juntausuar": null, "comisionco": null, "fecharegis": null, "validado": "JUAN92_JS", "pozo": null, "codpozo": null, "numfila": 1, "datum": "WGS 84 (UTM)", "zona": 19, "este": 353755, "norte": 8556589, "unidadhidr": null, "areatotal": 0.0 }, "geometry": { "type": "Point", "coordinates": [ -70.348784449993857, -13.053229354817351 ] } },
{ "type": "Feature", "properties": { "aaa": "Madre de Dios", "ala": "Tambopata - Inambari", "resolucion": "RD 0263-2018", "fecha": "01\/10\/2018", "archivo": "64-RD-0263-2018-03.pdf", "codlugarus": null, "lugaruso": "COMUNIDAD KIMIRI", "uso": "Poblacional", "clase": "Licencia", "volumen": 6622.53, "area": 0.0, "modulo": 0.0, "usuario": "JUNTA ADMINISTRADORA DE SERVICIO (JASS) DE KIMIRI", "documento": null, "fuentetipo": null, "fuente": "Quebrada CRISTALINA", "volumenfue": null, "cur": 2.0180263046401102e+19, "organizaci": null, "bloquecodi": null, "bloquenomb": null, "coordenada": null, "departamen": null, "provincia": "Manu", "distrito": "Huepetuhe", "juntausuar": null, "comisionco": null, "fecharegis": null, "validado": "JUAN92_JS", "pozo": null, "codpozo": null, "numfila": 1, "datum": "WGS 84 (UTM)", "zona": 19, "este": 345260, "norte": 8552736, "unidadhidr": null, "areatotal": 0.0 }, "geometry": { "type": "Point", "coordinates": [ -70.427315437481781, -13.087639642106035 ] } },
{ "type": "Feature", "properties": { "aaa": "Madre de Dios", "ala": "Tambopata - Inambari", "resolucion": "RD 0280-2018", "fecha": "17\/10\/2018", "archivo": "64-RD-0280-2018-03.pdf", "codlugarus": null, "lugaruso": "VIVIENDA RUSTICA", "uso": "Doméstico - Poblacional", "clase": "Licencia", "volumen": 949.0, "area": 0.0, "modulo": 0.0, "usuario": "ENRIQUEZ TITO, JASINTO", "documento": "DNI: 01685479", "fuentetipo": null, "fuente": "Manantial OJO DE GATO", "volumenfue": null, "cur": 2.0180280046402212e+19, "organizaci": null, "bloquecodi": null, "bloquenomb": null, "coordenada": null, "departamen": null, "provincia": "Carabaya", "distrito": "San Gaban", "juntausuar": null, "comisionco": null, "fecharegis": null, "validado": "JUAN92_JS", "pozo": null, "codpozo": null, "numfila": 1, "datum": "WGS 84 (UTM)", "zona": 19, "este": 346025, "norte": 8506236, "unidadhidr": null, "areatotal": 0.0 }, "geometry": { "type": "Point", "coordinates": [ -70.422710340875071, -13.508024972758447 ] } },
{ "type": "Feature", "properties": { "aaa": "Madre de Dios", "ala": "Tambopata - Inambari", "resolucion": "RD 0285-2018", "fecha": "22\/10\/2018", "archivo": "64-RD-0285-2018-03.pdf", "codlugarus": null, "lugaruso": "AREA DE VENTA DE MAQUINARIA Y EQUIPOS DIVERSOS", "uso": "Otros Usos", "clase": "Licencia", "volumen": 946.08, "area": 0.0, "modulo": 0.0, "usuario": "HUAMAN QUISPE, DOMINGO", "documento": "DNI: 23937572", "fuentetipo": null, "fuente": "Quebrada CACHIMAYO", "volumenfue": null, "cur": 2.0180285046412165e+19, "organizaci": null, "bloquecodi": null, "bloquenomb": null, "coordenada": null, "departamen": null, "provincia": "Tambopata", "distrito": "Inambari", "juntausuar": null, "comisionco": null, "fecharegis": null, "validado": "JUAN92_JS", "pozo": null, "codpozo": null, "numfila": 1, "datum": "WGS 84 (UTM)", "zona": 19, "este": 351945, "norte": 8550698, "unidadhidr": null, "areatotal": 0.0 }, "geometry": { "type": "Point", "coordinates": [ -70.365767437628506, -13.106396898227159 ] } },
{ "type": "Feature", "properties": { "aaa": "Madre de Dios", "ala": "Tambopata - Inambari", "resolucion": "RD 0309-2018", "fecha": "07\/11\/2018", "archivo": "64-RD-0309-2018-03.pdf", "codlugarus": null, "lugaruso": "SALA DE INCUBACION-PREDIO LAHUACHOCCO-SECTOR PAUCHINTA", "uso": "Acuícola", "clase": "Licencia", "volumen": 1497960.0, "area": 0.0, "modulo": 0.0, "usuario": "PISCICULTURAS ANDINA EIRL", "documento": "RUC: 20601867240", "fuentetipo": null, "fuente": "Laguna CHAUMICOCHA", "volumenfue": null, "cur": 2.0180309046404133e+19, "organizaci": null, "bloquecodi": null, "bloquenomb": null, "coordenada": null, "departamen": null, "provincia": "Carabaya", "distrito": "Macusani", "juntausuar": null, "comisionco": null, "fecharegis": null, "validado": "JUAN92_JS", "pozo": null, "codpozo": null, "numfila": 1, "datum": "WGS 84 (UTM)", "zona": 19, "este": 348639, "norte": 8455112, "unidadhidr": null, "areatotal": 0.0 }, "geometry": { "type": "Point", "coordinates": [ -70.401306326022151, -13.970294961613307 ] } },
{ "type": "Feature", "properties": { "aaa": "Madre de Dios", "ala": "Tambopata - Inambari", "resolucion": "RD 0311-2018", "fecha": "08\/11\/2018", "archivo": "64-RD-0311-2018-03.pdf", "codlugarus": null, "lugaruso": "VIVIENDA RÚSTICA", "uso": "Doméstico - Poblacional", "clase": "Licencia", "volumen": 709.05, "area": 0.0, "modulo": 0.0, "usuario": "HUAMAN VDA.DE AUQUIPATA, BALBINA", "documento": "DNI: 04819111", "fuentetipo": null, "fuente": "Acuífero TAMBOPATA", "volumenfue": null, "cur": 2.0180311046402171e+19, "organizaci": null, "bloquecodi": null, "bloquenomb": null, "coordenada": null, "departamen": null, "provincia": "Tambopata", "distrito": "Inambari", "juntausuar": null, "comisionco": null, "fecharegis": null, "validado": "JUAN92_JS", "pozo": null, "codpozo": null, "numfila": 1, "datum": "WGS 84 (UTM)", "zona": 19, "este": 391102, "norte": 8561927, "unidadhidr": null, "areatotal": 0.0 }, "geometry": { "type": "Point", "coordinates": [ -70.004190678260244, -13.006533230908996 ] } },
{ "type": "Feature", "properties": { "aaa": "Madre de Dios", "ala": "Tambopata - Inambari", "resolucion": "RD 0312-2018", "fecha": "09\/11\/2018", "archivo": "64-RD-0312-2018-03.pdf", "codlugarus": null, "lugaruso": "SECTOR URUHUASI", "uso": "Poblacional", "clase": "Licencia", "volumen": 44150.4, "area": 0.0, "modulo": 0.0, "usuario": "JUNTA ADMINISTRADORA DE SERVICIO (JASS) DEL SECTOR URUHUASI DEL CENTRO POBLADO DE CHACANEQUE", "documento": null, "fuentetipo": null, "fuente": "Quebrada TUPURI", "volumenfue": null, "cur": 2.0180312046401085e+19, "organizaci": null, "bloquecodi": null, "bloquenomb": null, "coordenada": null, "departamen": null, "provincia": "Carabaya", "distrito": "San Gaban", "juntausuar": null, "comisionco": null, "fecharegis": null, "validado": "JUAN92_JS", "pozo": null, "codpozo": null, "numfila": 1, "datum": "WGS 84 (UTM)", "zona": 19, "este": 342640, "norte": 8484681, "unidadhidr": null, "areatotal": 0.0 }, "geometry": { "type": "Point", "coordinates": [ -70.455170142847393, -13.702688824836711 ] } },
{ "type": "Feature", "properties": { "aaa": "Madre de Dios", "ala": "Tambopata - Inambari", "resolucion": "RD 0313-2018", "fecha": "12\/11\/2018", "archivo": "64-RD-0313-2018-03.pdf", "codlugarus": null, "lugaruso": "CENTRO POBLADO RURAL ÑACOREQUE CHICO", "uso": "Poblacional", "clase": "Licencia", "volumen": 12614.4, "area": 0.0, "modulo": 0.0, "usuario": "JUNTA ADMINISTRADORA DE SERVICIO (JASS) DEL CENTRO POBLADO RURAL ÑACOREQUE CHICO", "documento": null, "fuentetipo": null, "fuente": "Manantial CHILLCATIRA", "volumenfue": null, "cur": 2.0180313046401085e+19, "organizaci": null, "bloquecodi": null, "bloquenomb": null, "coordenada": null, "departamen": null, "provincia": "Sandia", "distrito": "Cuyocuyo", "juntausuar": null, "comisionco": null, "fecharegis": null, "validado": "JUAN92_JS", "pozo": null, "codpozo": null, "numfila": 1, "datum": "WGS 84 (UTM)", "zona": 19, "este": 445694, "norte": 8404161, "unidadhidr": null, "areatotal": 0.0 }, "geometry": { "type": "Point", "coordinates": [ -69.503831559287448, -14.434488812078667 ] } },
{ "type": "Feature", "properties": { "aaa": "Madre de Dios", "ala": "Tambopata - Inambari", "resolucion": "RD 0314-2018", "fecha": "12\/11\/2018", "archivo": "64-RD-0314-2018-03.pdf", "codlugarus": null, "lugaruso": "COMUNIDAD PUENTE INAMBARI", "uso": "Poblacional", "clase": "Licencia", "volumen": 8514.73, "area": 0.0, "modulo": 0.0, "usuario": "JUNTA ADMINISTRADORA DE SERVICIO (JASS) DEL PUENTE INAMBARI", "documento": null, "fuentetipo": null, "fuente": "Manantial MANANTIAL S\/N \/ Quebrada SACHAVACAYOC", "volumenfue": null, "cur": 2.018031404640111e+19, "organizaci": null, "bloquecodi": null, "bloquenomb": null, "coordenada": null, "departamen": null, "provincia": "Manu", "distrito": "Huepetuhe", "juntausuar": null, "comisionco": null, "fecharegis": null, "validado": "JUAN92_JS", "pozo": null, "codpozo": null, "numfila": 1, "datum": "WGS 84 (UTM)", "zona": 19, "este": 349743, "norte": 8541828, "unidadhidr": null, "areatotal": 0.0 }, "geometry": { "type": "Point", "coordinates": [ -70.386526477913151, -13.186472850942891 ] } },
{ "type": "Feature", "properties": { "aaa": "Madre de Dios", "ala": "Tambopata - Inambari", "resolucion": "RD 0315-2018", "fecha": "12\/11\/2018", "archivo": "64-RD-0315-2018-03.pdf", "codlugarus": null, "lugaruso": "JUNTA ADMINISTRADORA DE SERVICIO (JASS) DEL CENTRO POBLADO DE AYUSUMA", "uso": "Poblacional", "clase": "Licencia", "volumen": 62441.28, "area": 0.0, "modulo": 0.0, "usuario": "JUNTA ADMINISTRADORA DE SERVICIO (JASS) DEL CENTRO POBLADO DE AYUSUMA", "documento": null, "fuentetipo": null, "fuente": "Manantial ARPANI \/ Quebrada HUAYCHUNI \/ Manantial SAPAPUJIO", "volumenfue": null, "cur": 2.0180315046401106e+19, "organizaci": null, "bloquecodi": null, "bloquenomb": null, "coordenada": null, "departamen": null, "provincia": "Carabaya", "distrito": "Coasa", "juntausuar": null, "comisionco": null, "fecharegis": null, "validado": "JUAN92_JS", "pozo": null, "codpozo": null, "numfila": 1, "datum": "WGS 84 (UTM)", "zona": 19, "este": 385064, "norte": 8451859, "unidadhidr": null, "areatotal": 0.0 }, "geometry": { "type": "Point", "coordinates": [ -70.06426520395317, -14.0014141958943 ] } },
{ "type": "Feature", "properties": { "aaa": "Madre de Dios", "ala": "Tambopata - Inambari", "resolucion": "RD 0316-2018", "fecha": "12\/11\/2018", "archivo": "64-RD-0316-2018-03.pdf", "codlugarus": null, "lugaruso": "COMUNIDAD DE TAQUIPALCA", "uso": "Poblacional", "clase": "Licencia", "volumen": 35004.96, "area": 0.0, "modulo": 0.0, "usuario": "JUNTA ADMINISTRADORA DE SERVICIO (JASS) DE LA COMUNIDAD DE TAQUIPALCA", "documento": null, "fuentetipo": null, "fuente": "Manantial ICHURUTUNA", "volumenfue": null, "cur": 2.0180316046401102e+19, "organizaci": null, "bloquecodi": null, "bloquenomb": null, "coordenada": null, "departamen": null, "provincia": "Carabaya", "distrito": "Coasa", "juntausuar": null, "comisionco": null, "fecharegis": null, "validado": "JUAN92_JS", "pozo": null, "codpozo": null, "numfila": 1, "datum": "WGS 84 (UTM)", "zona": 19, "este": 383403, "norte": 8451020, "unidadhidr": null, "areatotal": 0.0 }, "geometry": { "type": "Point", "coordinates": [ -70.079678959492398, -14.008931093624298 ] } },
{ "type": "Feature", "properties": { "aaa": "Madre de Dios", "ala": "Tambopata - Inambari", "resolucion": "RD 0317-2018", "fecha": "12\/11\/2018", "archivo": "64-RD-0317-2018-03.pdf", "codlugarus": null, "lugaruso": "SECTOR PILCO", "uso": "Poblacional", "clase": "Licencia", "volumen": 11238.05, "area": 0.0, "modulo": 0.0, "usuario": "JUNTA ADMINISTRADORA DE SERVICIO (JASS) DEL SECTOR PILCO", "documento": null, "fuentetipo": null, "fuente": "Manantial SILLAKUNKA", "volumenfue": null, "cur": 2.0180317046401102e+19, "organizaci": null, "bloquecodi": null, "bloquenomb": null, "coordenada": null, "departamen": null, "provincia": "Sandia", "distrito": "Yanahuaya", "juntausuar": null, "comisionco": null, "fecharegis": null, "validado": "JUAN92_JS", "pozo": null, "codpozo": null, "numfila": 1, "datum": "WGS 84 (UTM)", "zona": 19, "este": 481430, "norte": 8419205, "unidadhidr": null, "areatotal": 0.0 }, "geometry": { "type": "Point", "coordinates": [ -69.172183805670244, -14.29894101553659 ] } },
{ "type": "Feature", "properties": { "aaa": "Madre de Dios", "ala": "Tambopata - Inambari", "resolucion": "RD 0318-2018", "fecha": "12\/11\/2018", "archivo": "64-RD-0318-2018-03.pdf", "codlugarus": null, "lugaruso": "COMUNIDAD DE PURUMPATA", "uso": "Poblacional", "clase": "Licencia", "volumen": 21102.34, "area": 0.0, "modulo": 0.0, "usuario": "JUNTA ADMINISTRADORA DE SERVICIO (JASS) DE LA COMUNIDAD DE PURUMPATA", "documento": null, "fuentetipo": null, "fuente": "Manantial CALZADA", "volumenfue": null, "cur": 2.0180318046401114e+19, "organizaci": null, "bloquecodi": null, "bloquenomb": null, "coordenada": null, "departamen": null, "provincia": "Sandia", "distrito": "Yanahuaya", "juntausuar": null, "comisionco": null, "fecharegis": null, "validado": "JUAN92_JS", "pozo": null, "codpozo": null, "numfila": 1, "datum": "WGS 84 (UTM)", "zona": 19, "este": 478932, "norte": 8420914, "unidadhidr": null, "areatotal": 0.0 }, "geometry": { "type": "Point", "coordinates": [ -69.195332208204064, -14.283470815094519 ] } },
{ "type": "Feature", "properties": { "aaa": "Madre de Dios", "ala": "Tambopata - Inambari", "resolucion": "RD 0319-2018", "fecha": "12\/11\/2018", "archivo": "64-RD-0319-2018-03.pdf", "codlugarus": null, "lugaruso": "COMUNIDAD DE HUAÑARAYA", "uso": "Poblacional", "clase": "Licencia", "volumen": 10091.53, "area": 0.0, "modulo": 0.0, "usuario": "JUNTA ADMINISTRADORA DE SERVICIO (JASS) DE LA COMUNIDAD DE HUAÑARAYA", "documento": null, "fuentetipo": null, "fuente": "Manantial BAJO EGEÑOTA", "volumenfue": null, "cur": 2.018031904640111e+19, "organizaci": null, "bloquecodi": null, "bloquenomb": null, "coordenada": null, "departamen": null, "provincia": "Sandia", "distrito": "Yanahuaya", "juntausuar": null, "comisionco": null, "fecharegis": null, "validado": "JUAN92_JS", "pozo": null, "codpozo": null, "numfila": 1, "datum": "WGS 84 (UTM)", "zona": 19, "este": 476632, "norte": 8422772, "unidadhidr": null, "areatotal": 0.0 }, "geometry": { "type": "Point", "coordinates": [ -69.216640521244344, -14.266652842342623 ] } },
{ "type": "Feature", "properties": { "aaa": "Madre de Dios", "ala": "Tambopata - Inambari", "resolucion": "RD 0320-2018", "fecha": "12\/11\/2018", "archivo": "64-RD-0320-2018-03.pdf", "codlugarus": null, "lugaruso": "SECTOR CABALLUNI", "uso": "Poblacional", "clase": "Licencia", "volumen": 11352.93, "area": 0.0, "modulo": 0.0, "usuario": "JUNTA ADMINISTRADORA DE SERVICIO (JASS) DEL SECTOR CABALLUNI", "documento": null, "fuentetipo": null, "fuente": "Quebrada NOGALANI", "volumenfue": null, "cur": 2.018032004640111e+19, "organizaci": null, "bloquecodi": null, "bloquenomb": null, "coordenada": null, "departamen": null, "provincia": "Sandia", "distrito": "Yanahuaya", "juntausuar": null, "comisionco": null, "fecharegis": null, "validado": "JUAN92_JS", "pozo": null, "codpozo": null, "numfila": 1, "datum": "WGS 84 (UTM)", "zona": 19, "este": 478657, "norte": 8424768, "unidadhidr": null, "areatotal": 0.0 }, "geometry": { "type": "Point", "coordinates": [ -69.197851456911607, -14.248621831794228 ] } },
{ "type": "Feature", "properties": { "aaa": "Madre de Dios", "ala": "Tambopata - Inambari", "resolucion": "RD 0321-2018", "fecha": "12\/11\/2018", "archivo": "64-RD-0321-2018-03.pdf", "codlugarus": null, "lugaruso": "SECTOR YAHUARMITA", "uso": "Poblacional", "clase": "Licencia", "volumen": 3153.6, "area": 0.0, "modulo": 0.0, "usuario": "JUNTA ADMINISTRADORA DE SERVICIO (JASS) DEL SECTOR YAHUARMITA", "documento": null, "fuentetipo": null, "fuente": "Quebrada YAHUARMITA", "volumenfue": null, "cur": 2.0180321046401106e+19, "organizaci": null, "bloquecodi": null, "bloquenomb": null, "coordenada": null, "departamen": null, "provincia": "Sandia", "distrito": "Yanahuaya", "juntausuar": null, "comisionco": null, "fecharegis": null, "validado": "JUAN92_JS", "pozo": null, "codpozo": null, "numfila": 1, "datum": "WGS 84 (UTM)", "zona": 19, "este": 483081, "norte": 8424342, "unidadhidr": null, "areatotal": 0.0 }, "geometry": { "type": "Point", "coordinates": [ -69.156843378708913, -14.252504102270974 ] } },
{ "type": "Feature", "properties": { "aaa": "Madre de Dios", "ala": "Tambopata - Inambari", "resolucion": "RD 0322-2018", "fecha": "12\/11\/2018", "archivo": "64-RD-0322-2018-02.pdf", "codlugarus": null, "lugaruso": "SECTOR AGUADA", "uso": "Poblacional", "clase": "Licencia", "volumen": 12299.07, "area": 0.0, "modulo": 0.0, "usuario": "JUNTA ADMINISTRADORA DE SERVICIO (JASS) DEL SECTOR AGUADA", "documento": null, "fuentetipo": null, "fuente": "Quebrada PALMITOC", "volumenfue": null, "cur": 2.0180322046401102e+19, "organizaci": null, "bloquecodi": null, "bloquenomb": null, "coordenada": null, "departamen": null, "provincia": "Sandia", "distrito": "Yanahuaya", "juntausuar": null, "comisionco": null, "fecharegis": null, "validado": "JUAN92_JS", "pozo": null, "codpozo": null, "numfila": 1, "datum": "WGS 84 (UTM)", "zona": 19, "este": 484143, "norte": 8420244, "unidadhidr": null, "areatotal": 0.0 }, "geometry": { "type": "Point", "coordinates": [ -69.147022426032947, -14.289563518289894 ] } },
{ "type": "Feature", "properties": { "aaa": "Madre de Dios", "ala": "Tambopata - Inambari", "resolucion": "RD 0350-2018", "fecha": "14\/12\/2018", "archivo": "64-RD-0350-2018-04.pdf", "codlugarus": null, "lugaruso": "SISTEMA DE RIEGO TECNIFICADO HUANCASAYANI-ÑACOREQUE", "uso": "Agrario", "clase": "Licencia", "volumen": 2053728.0, "area": 196.2, "modulo": 10467.52, "usuario": "COMITÉ DE USUARIOS DE AGUA DE RIEGO TECNIFICADO HUANCASAYANI CCUMANI-ÑACOREQUE-ÑACOREQUE CHICO", "documento": null, "fuentetipo": null, "fuente": "Quebrada SONIAPO", "volumenfue": null, "cur": 2.0180350046403191e+19, "organizaci": null, "bloquecodi": null, "bloquenomb": null, "coordenada": null, "departamen": null, "provincia": "Sandia", "distrito": "Cuyocuyo", "juntausuar": null, "comisionco": null, "fecharegis": null, "validado": "NSUANA", "pozo": null, "codpozo": null, "numfila": 1, "datum": "WGS 84 (UTM)", "zona": 19, "este": 446284, "norte": 8402877, "unidadhidr": null, "areatotal": 0.0 }, "geometry": { "type": "Point", "coordinates": [ -69.498383739312544, -14.446109497491932 ] } },
{ "type": "Feature", "properties": { "aaa": "Madre de Dios", "ala": "Tambopata - Inambari", "resolucion": "RD 0370-2018", "fecha": "20\/12\/2018", "archivo": "64-RD-0370-2018-03.pdf", "codlugarus": null, "lugaruso": "CENTRO POBLADO DE LAYANPAMPA", "uso": "Poblacional", "clase": "Licencia", "volumen": 7752.6, "area": 0.0, "modulo": 0.0, "usuario": "JUNTA ADMINISTRADORA DE SERVICIO (JASS) DEL CENTRO POBLADO DE LAYANPAMPA", "documento": null, "fuentetipo": null, "fuente": "Manantial LAYANPAMPA 1 \/ Manantial LAYANPAMPA 2", "volumenfue": null, "cur": 2.0180370046401102e+19, "organizaci": null, "bloquecodi": null, "bloquenomb": null, "coordenada": null, "departamen": null, "provincia": "Quispicanchi", "distrito": "Marcapata", "juntausuar": null, "comisionco": null, "fecharegis": null, "validado": "JUAN92_JS", "pozo": null, "codpozo": null, "numfila": 1, "datum": "WGS 84 (UTM)", "zona": 19, "este": 293184, "norte": 8489547, "unidadhidr": null, "areatotal": 0.0 }, "geometry": { "type": "Point", "coordinates": [ -70.911995483169875, -13.655601681809616 ] } },
{ "type": "Feature", "properties": { "aaa": "Madre de Dios", "ala": "Tambopata - Inambari", "resolucion": "RD 0373-2018", "fecha": "21\/12\/2018", "archivo": "64-RD-0373-2018-03.pdf", "codlugarus": null, "lugaruso": "CENTRO POBLADO DE LACCA", "uso": "Poblacional", "clase": "Licencia", "volumen": 14059.8, "area": 0.0, "modulo": 0.0, "usuario": "JUNTA ADMINISTRADORA DE SERVICIO (JASS) DEL CENTRO POBLADO DE LACCA", "documento": null, "fuentetipo": null, "fuente": "Manantial FUCHUNIPATA", "volumenfue": null, "cur": 2.0180373046401151e+19, "organizaci": null, "bloquecodi": null, "bloquenomb": null, "coordenada": null, "departamen": null, "provincia": "Quispicanchi", "distrito": "Marcapata", "juntausuar": null, "comisionco": null, "fecharegis": null, "validado": "JUAN92_JS", "pozo": null, "codpozo": null, "numfila": 1, "datum": "WGS 84 (UTM)", "zona": 19, "este": 289179, "norte": 8488948, "unidadhidr": null, "areatotal": 0.0 }, "geometry": { "type": "Point", "coordinates": [ -70.949050811809386, -13.660726824899479 ] } },
{ "type": "Feature", "properties": { "aaa": "Madre de Dios", "ala": "Tambopata - Inambari", "resolucion": "RD 0378-2018", "fecha": "27\/12\/2018", "archivo": "64-RD-0378-2018-03.pdf", "codlugarus": null, "lugaruso": "CENTRO POBLADO DE HUAYLLAPATA", "uso": "Poblacional", "clase": "Licencia", "volumen": 2496.6, "area": 0.0, "modulo": 0.0, "usuario": "JUNTA ADMINISTRADORA DE SERVICIO (JASS) DEL CENTRO POBLADO DE HUAYLLAPATA", "documento": null, "fuentetipo": null, "fuente": "Manantial CCOCHAPATA", "volumenfue": null, "cur": 2.0180378046401122e+19, "organizaci": null, "bloquecodi": null, "bloquenomb": null, "coordenada": null, "departamen": null, "provincia": "Quispicanchi", "distrito": "Marcapata", "juntausuar": null, "comisionco": null, "fecharegis": null, "validado": "JUAN92_JS", "pozo": null, "codpozo": null, "numfila": 1, "datum": "WGS 84 (UTM)", "zona": 19, "este": 280935, "norte": 8488206, "unidadhidr": null, "areatotal": 0.0 }, "geometry": { "type": "Point", "coordinates": [ -71.025291216098054, -13.666821498280511 ] } },
{ "type": "Feature", "properties": { "aaa": "Madre de Dios", "ala": "Tambopata - Inambari", "resolucion": "RD 0380-2018", "fecha": "27\/12\/2018", "archivo": "64-RD-0380-2018-03.pdf", "codlugarus": null, "lugaruso": "CENTRO POBLADO DE MAYUBAMBA", "uso": "Poblacional", "clase": "Licencia", "volumen": 19403.4, "area": 0.0, "modulo": 0.0, "usuario": "JUNTA ADMINISTRADORA DE SERVICIO (JASS) DEL CENTRO POBLADO DE MAYUBAMBA", "documento": null, "fuentetipo": null, "fuente": "Manantial CHIAFORO", "volumenfue": null, "cur": 2.0180380046401126e+19, "organizaci": null, "bloquecodi": null, "bloquenomb": null, "coordenada": null, "departamen": null, "provincia": "Quispicanchi", "distrito": "Marcapata", "juntausuar": null, "comisionco": null, "fecharegis": null, "validado": "JUAN92_JS", "pozo": null, "codpozo": null, "numfila": 1, "datum": "WGS 84 (UTM)", "zona": 19, "este": 285577, "norte": 8495139, "unidadhidr": null, "areatotal": 0.0 }, "geometry": { "type": "Point", "coordinates": [ -70.981870878246042, -13.60451599515233 ] } },
{ "type": "Feature", "properties": { "aaa": "Madre de Dios", "ala": "Tambopata - Inambari", "resolucion": "RD 0381-2018", "fecha": "27\/12\/2018", "archivo": "64-RD-0381-2018-03.pdf", "codlugarus": null, "lugaruso": "CENTRO POBLADO DE CHILLIMOCCO", "uso": "Poblacional", "clase": "Licencia", "volumen": 3635.4, "area": 0.0, "modulo": 0.0, "usuario": "JUNTA ADMINISTRADORA DE SERVICIO (JASS) DEL CENTRO POBLADO DE CHILLIMOCCO", "documento": null, "fuentetipo": null, "fuente": "Manantial CALVARIO FAUSEN", "volumenfue": null, "cur": 2.0180381046401147e+19, "organizaci": null, "bloquecodi": null, "bloquenomb": null, "coordenada": null, "departamen": null, "provincia": "Quispicanchi", "distrito": "Marcapata", "juntausuar": null, "comisionco": null, "fecharegis": null, "validado": "JUAN92_JS", "pozo": null, "codpozo": null, "numfila": 1, "datum": "WGS 84 (UTM)", "zona": 19, "este": 295384, "norte": 8485856, "unidadhidr": null, "areatotal": 0.0 }, "geometry": { "type": "Point", "coordinates": [ -70.891930896618078, -13.689114145576731 ] } },
{ "type": "Feature", "properties": { "aaa": "Madre de Dios", "ala": "Tambopata - Inambari", "resolucion": "RD 0383-2018", "fecha": "27\/12\/2018", "archivo": "64-RD-0383-2018-03.pdf", "codlugarus": null, "lugaruso": "CENTRO POBLADO DE TTIO", "uso": "Poblacional", "clase": "Licencia", "volumen": 8278.2, "area": 0.0, "modulo": 0.0, "usuario": "JUNTA ADMINISTRADORA DE SERVICIO (JASS) DEL CENTRO POBLADO DE TTIO", "documento": null, "fuentetipo": null, "fuente": "Manantial TTIO", "volumenfue": null, "cur": 2.0180383046401151e+19, "organizaci": null, "bloquecodi": null, "bloquenomb": null, "coordenada": null, "departamen": null, "provincia": "Quispicanchi", "distrito": "Marcapata", "juntausuar": null, "comisionco": null, "fecharegis": null, "validado": "JUAN92_JS", "pozo": null, "codpozo": null, "numfila": 1, "datum": "WGS 84 (UTM)", "zona": 19, "este": 294762, "norte": 8503610, "unidadhidr": null, "areatotal": 0.0 }, "geometry": { "type": "Point", "coordinates": [ -70.896401426614304, -13.52862193284037 ] } },
{ "type": "Feature", "properties": { "aaa": "Madre de Dios", "ala": "Tambopata - Inambari", "resolucion": "RD 0390-2018", "fecha": "27\/12\/2018", "archivo": "64-RD-0390-2018-03.pdf", "codlugarus": null, "lugaruso": "SECTOR SANTA ROSA", "uso": "Poblacional", "clase": "Licencia", "volumen": 16293.0, "area": 0.0, "modulo": 0.0, "usuario": "JUNTA ADMINISTRADORA DE SERVICIO (JASS) DEL SECTOR SANTA ROSA", "documento": null, "fuentetipo": null, "fuente": "Manantial RINCON CHACAL", "volumenfue": null, "cur": 2.0180390046401122e+19, "organizaci": null, "bloquecodi": null, "bloquenomb": null, "coordenada": null, "departamen": null, "provincia": "Sandia", "distrito": "San Juan Del Oro", "juntausuar": null, "comisionco": null, "fecharegis": null, "validado": "JUAN92_JS", "pozo": null, "codpozo": null, "numfila": 1, "datum": "WGS 84 (UTM)", "zona": 19, "este": 485956, "norte": 8428621, "unidadhidr": null, "areatotal": 0.0 }, "geometry": { "type": "Point", "coordinates": [ -69.130169303050437, -14.213830275975193 ] } },
{ "type": "Feature", "properties": { "aaa": "Madre de Dios", "ala": "Tambopata - Inambari", "resolucion": "RD 0025-2019", "fecha": "16\/01\/2019", "archivo": "64-RD-0025-2019-03.pdf", "codlugarus": null, "lugaruso": "SECTOR CATARANI", "uso": "Poblacional", "clase": "Licencia", "volumen": 9345.04, "area": 0.0, "modulo": 0.0, "usuario": "JUNTA ADMINISTRADORA DE SERVICIOS DE SANEAMIENTO (JASS) DEL SECTOR CATARANI", "documento": null, "fuentetipo": null, "fuente": "Manantial CATARANI", "volumenfue": null, "cur": 2.0190025046401081e+19, "organizaci": null, "bloquecodi": null, "bloquenomb": null, "coordenada": null, "departamen": null, "provincia": "Sandia", "distrito": "Yanahuaya", "juntausuar": null, "comisionco": null, "fecharegis": null, "validado": "JUAN92_JS", "pozo": null, "codpozo": null, "numfila": 1, "datum": "WGS 84 (UTM)", "zona": 19, "este": 483902, "norte": 8416509, "unidadhidr": null, "areatotal": 0.0 }, "geometry": { "type": "Point", "coordinates": [ -69.149279212255351, -14.3233330113568 ] } },
{ "type": "Feature", "properties": { "aaa": "Madre de Dios", "ala": "Tambopata - Inambari", "resolucion": "RD 0026-2019", "fecha": "16\/01\/2019", "archivo": "64-RD-0026-2019-03.pdf", "codlugarus": null, "lugaruso": "BARRIO HUENCALLA", "uso": "Poblacional", "clase": "Licencia", "volumen": 40528.5, "area": 0.0, "modulo": 0.0, "usuario": "JUNTA ADMINISTRADORA DE SERVICIOS DE SANEAMIENTO (JASS) DEL BARRIO HUENCALLA DEL SECTOR CHIMUNO DE LA COMUNIDAD CAMPESINA DE APABUCO", "documento": null, "fuentetipo": null, "fuente": "Manantial CCEALLANI", "volumenfue": null, "cur": 2.0190026046401085e+19, "organizaci": null, "bloquecodi": null, "bloquenomb": null, "coordenada": null, "departamen": null, "provincia": "Sandia", "distrito": "Sandia", "juntausuar": null, "comisionco": null, "fecharegis": null, "validado": "JUAN92_JS", "pozo": null, "codpozo": null, "numfila": 1, "datum": "WGS 84 (UTM)", "zona": 19, "este": 449616, "norte": 8415397, "unidadhidr": null, "areatotal": 0.0 }, "geometry": { "type": "Point", "coordinates": [ -69.467234374049383, -14.332974504819111 ] } },
{ "type": "Feature", "properties": { "aaa": "Madre de Dios", "ala": "Tambopata - Inambari", "resolucion": "RD 0037-2019", "fecha": "21\/01\/2019", "archivo": "64-RD-0037-2019-03.pdf", "codlugarus": null, "lugaruso": "FUNDO SELVA ALEGRE", "uso": "Acuícola", "clase": "Licencia", "volumen": 43273.47, "area": 0.0, "modulo": 0.0, "usuario": "QUISPE GOMEZ, TADEO.", "documento": "DNI: 31520709", "fuentetipo": null, "fuente": "Manantial AGUAJALITO", "volumenfue": null, "cur": 2.0190037046404129e+19, "organizaci": null, "bloquecodi": null, "bloquenomb": null, "coordenada": null, "departamen": null, "provincia": "Tambopata", "distrito": "Inambari", "juntausuar": null, "comisionco": null, "fecharegis": null, "validado": "JUAN92_JS", "pozo": null, "codpozo": null, "numfila": 1, "datum": "WGS 84 (UTM)", "zona": 19, "este": 388044, "norte": 8575961, "unidadhidr": null, "areatotal": 0.0 }, "geometry": { "type": "Point", "coordinates": [ -70.031864482051134, -12.879537301649234 ] } },
{ "type": "Feature", "properties": { "aaa": "Madre de Dios", "ala": "Tambopata - Inambari", "resolucion": "RD 0038-2019", "fecha": "21\/01\/2019", "archivo": "64-RD-0038-2019-04.pdf", "codlugarus": null, "lugaruso": "PLANTA DE PRODUCCIÓN DE ALEVINOS-CABAÑA HUIRQUISO", "uso": "Acuícola", "clase": "Licencia", "volumen": 20498.4, "area": 0.0, "modulo": 0.0, "usuario": "MUNICIPALIDAD PROVINCIAL DE CARABAYA.", "documento": "RUC: 20206921898", "fuentetipo": null, "fuente": "Manantial HUIRQUISO 1 \/ Manantial HUIRQUISO 2 \/ Manantial HUIRQUISO 3", "volumenfue": null, "cur": 2.0190038046404145e+19, "organizaci": null, "bloquecodi": null, "bloquenomb": null, "coordenada": null, "departamen": null, "provincia": "Carabaya", "distrito": "Macusani", "juntausuar": null, "comisionco": null, "fecharegis": null, "validado": "JUAN92_JS", "pozo": null, "codpozo": null, "numfila": 1, "datum": "WGS 84 (UTM)", "zona": 19, "este": 339472, "norte": 8455456, "unidadhidr": null, "areatotal": 0.0 }, "geometry": { "type": "Point", "coordinates": [ -70.486135169462287, -13.966681391810472 ] } },
{ "type": "Feature", "properties": { "aaa": "Madre de Dios", "ala": "Tambopata - Inambari", "resolucion": "RD 0046-2019", "fecha": "23\/01\/2019", "archivo": "64-RD-0046-2019-03.pdf", "codlugarus": null, "lugaruso": "ANEXO CAYRAÑA", "uso": "Agrario", "clase": "Licencia", "volumen": 33873.6, "area": 2.1, "modulo": 16130.29, "usuario": "COMUNIDAD CAMPESINA DE COASA ANEXO CAYRAÑA", "documento": null, "fuentetipo": null, "fuente": "Manantial HUAYTAKUNKA", "volumenfue": null, "cur": 2.0190046046403174e+19, "organizaci": null, "bloquecodi": null, "bloquenomb": null, "coordenada": null, "departamen": null, "provincia": "Carabaya", "distrito": "Coasa", "juntausuar": null, "comisionco": null, "fecharegis": null, "validado": "JUAN92_JS", "pozo": null, "codpozo": null, "numfila": 1, "datum": "WGS 84 (UTM)", "zona": 19, "este": 387648, "norte": 8452154, "unidadhidr": null, "areatotal": 0.0 }, "geometry": { "type": "Point", "coordinates": [ -70.04032914406389, -13.998851066656256 ] } },
{ "type": "Feature", "properties": { "aaa": "Madre de Dios", "ala": "Tambopata - Inambari", "resolucion": "RD 0050-2019", "fecha": "23\/01\/2019", "archivo": "64-RD-0050-2019-04.pdf", "codlugarus": null, "lugaruso": "ANEXO CAYRAÑA.", "uso": "Agrario", "clase": "Licencia", "volumen": 6452.11, "area": 0.72, "modulo": 8961.26, "usuario": "COMUNIDAD CAMPESINA DE COASA, ANEXO CAYRAÑA.", "documento": null, "fuentetipo": null, "fuente": "Manantial QUESPECANCHA \/ Manantial PATATIANA", "volumenfue": null, "cur": 2.0190050046403178e+19, "organizaci": null, "bloquecodi": null, "bloquenomb": null, "coordenada": null, "departamen": null, "provincia": "Carabaya", "distrito": "Coasa", "juntausuar": null, "comisionco": null, "fecharegis": null, "validado": "JUAN92_JS", "pozo": null, "codpozo": null, "numfila": 1, "datum": "WGS 84 (UTM)", "zona": 19, "este": 387077, "norte": 8452226, "unidadhidr": null, "areatotal": 0.0 }, "geometry": { "type": "Point", "coordinates": [ -70.04561278176034, -13.998177418294501 ] } },
{ "type": "Feature", "properties": { "aaa": "Madre de Dios", "ala": "Tambopata - Inambari", "resolucion": "RD 0065-2019", "fecha": "25\/01\/2019", "archivo": "64-RD-0065-2019-03.pdf", "codlugarus": null, "lugaruso": "ANEXO UMACHULLO", "uso": "Agrario", "clase": "Licencia", "volumen": 196144.27, "area": 12.16, "modulo": 16130.29, "usuario": "COMUNIDAD CAMPESINA DE COAZA, ANEXO UMACHULLO", "documento": null, "fuentetipo": null, "fuente": "Quebrada PATAJAHUA", "volumenfue": null, "cur": 2.0190065046403183e+19, "organizaci": null, "bloquecodi": null, "bloquenomb": null, "coordenada": null, "departamen": null, "provincia": "Carabaya", "distrito": "Coasa", "juntausuar": null, "comisionco": null, "fecharegis": null, "validado": "JUAN92_JS", "pozo": null, "codpozo": null, "numfila": 1, "datum": "WGS 84 (UTM)", "zona": 19, "este": 386649, "norte": 8448867, "unidadhidr": null, "areatotal": 0.0 }, "geometry": { "type": "Point", "coordinates": [ -70.049713368082834, -14.028527211537304 ] } },
{ "type": "Feature", "properties": { "aaa": "Madre de Dios", "ala": "Tambopata - Inambari", "resolucion": "RA 0069-2019", "fecha": "11\/09\/2019", "archivo": "64-RA-0069-2019-03.pdf", "codlugarus": null, "lugaruso": "ESTANQUE MENDEZ", "uso": "Acuícola", "clase": "Permiso", "volumen": 24000.0, "area": 0.0, "modulo": 0.0, "usuario": "MENDEZ VILLAFANE, CIRILO", "documento": "DNI: 04806052,", "fuentetipo": null, "fuente": "Lluvia LLUVIA", "volumenfue": null, "cur": 2.0190069026404159e+19, "organizaci": null, "bloquecodi": null, "bloquenomb": null, "coordenada": null, "departamen": null, "provincia": "Tambopata", "distrito": "Inambari", "juntausuar": null, "comisionco": null, "fecharegis": null, "validado": "JUAN92_JS", "pozo": null, "codpozo": null, "numfila": 1, "datum": "WGS 84 (UTM)", "zona": 19, "este": 418090, "norte": 8576280, "unidadhidr": null, "areatotal": 0.0 }, "geometry": { "type": "Point", "coordinates": [ -69.754951005229913, -12.877597247050007 ] } },
{ "type": "Feature", "properties": { "aaa": "Madre de Dios", "ala": "Tambopata - Inambari", "resolucion": "RA 0070-2019", "fecha": "11\/09\/2019", "archivo": "64-RA-0070-2019-03.pdf", "codlugarus": null, "lugaruso": null, "uso": "Acuícola", "clase": "Permiso", "volumen": 43200.0, "area": 0.0, "modulo": 0.0, "usuario": "MACHACCA QUISPE, JULIO", "documento": "DNI: 40340276,", "fuentetipo": null, "fuente": "Lluvia LLUVIA", "volumenfue": null, "cur": 2.0190070026404159e+19, "organizaci": null, "bloquecodi": null, "bloquenomb": null, "coordenada": null, "departamen": null, "provincia": "Tambopata", "distrito": "Inambari", "juntausuar": null, "comisionco": null, "fecharegis": null, "validado": "JUAN92_JS", "pozo": null, "codpozo": null, "numfila": 1, "datum": "WGS 84 (UTM)", "zona": 19, "este": 398536, "norte": 8573137, "unidadhidr": null, "areatotal": 0.0 }, "geometry": { "type": "Point", "coordinates": [ -69.935267235662636, -12.905433732649533 ] } },
{ "type": "Feature", "properties": { "aaa": "Madre de Dios", "ala": "Tambopata - Inambari", "resolucion": "RA 0071-2019", "fecha": "11\/09\/2019", "archivo": "64-RA-0071-2019-03.pdf", "codlugarus": null, "lugaruso": null, "uso": "Acuícola", "clase": "Permiso", "volumen": 28800.0, "area": 0.0, "modulo": 0.0, "usuario": "CONDORI MAMANI, FRANCISCO", "documento": "DNI: 02049136", "fuentetipo": null, "fuente": "Lluvia LLUVIA", "volumenfue": null, "cur": 2.0190071026404164e+19, "organizaci": null, "bloquecodi": null, "bloquenomb": null, "coordenada": null, "departamen": null, "provincia": "Tambopata", "distrito": "Inambari", "juntausuar": null, "comisionco": null, "fecharegis": null, "validado": "JUAN92_JS", "pozo": null, "codpozo": null, "numfila": 1, "datum": "WGS 84 (UTM)", "zona": 19, "este": 415303, "norte": 8576080, "unidadhidr": null, "areatotal": 0.0 }, "geometry": { "type": "Point", "coordinates": [ -69.780642273395543, -12.87933037258161 ] } },
{ "type": "Feature", "properties": { "aaa": "Madre de Dios", "ala": "Tambopata - Inambari", "resolucion": "RA 0072-2019", "fecha": "11\/09\/2019", "archivo": "64-RA-0072-2019-03.pdf", "codlugarus": null, "lugaruso": "ESTANQUE MAMANI", "uso": "Acuícola", "clase": "Permiso", "volumen": 109200.0, "area": 0.0, "modulo": 0.0, "usuario": "ESQUIVEL DE HOLGADO, JACINTA MAMANI", "documento": "DNI: 0481729", "fuentetipo": null, "fuente": "Lluvia LLUVIA", "volumenfue": null, "cur": 2.0190072026404164e+19, "organizaci": null, "bloquecodi": null, "bloquenomb": null, "coordenada": null, "departamen": null, "provincia": "Tambopata", "distrito": "Inambari", "juntausuar": null, "comisionco": null, "fecharegis": null, "validado": "JUAN92_JS", "pozo": null, "codpozo": null, "numfila": 1, "datum": "WGS 84 (UTM)", "zona": 19, "este": 381983, "norte": 8573552, "unidadhidr": null, "areatotal": 0.0 }, "geometry": { "type": "Point", "coordinates": [ -70.087814015334331, -12.901091480170802 ] } },
{ "type": "Feature", "properties": { "aaa": "Madre de Dios", "ala": "Tambopata - Inambari", "resolucion": "RA 0073-2019", "fecha": "11\/09\/2019", "archivo": "64-RA-0073-2019-02.pdf", "codlugarus": null, "lugaruso": "ESTANQUE  BAEZ", "uso": "Acuícola", "clase": "Permiso", "volumen": 48000.0, "area": 0.0, "modulo": 0.0, "usuario": "BAEZ MAMANI, MARITZA", "documento": "DNI: 70857696", "fuentetipo": null, "fuente": "Lluvia LLUVIA", "volumenfue": null, "cur": 2.0190073026404172e+19, "organizaci": null, "bloquecodi": null, "bloquenomb": null, "coordenada": null, "departamen": null, "provincia": "Tambopata", "distrito": "Inambari", "juntausuar": null, "comisionco": null, "fecharegis": null, "validado": "JUAN92_JS", "pozo": null, "codpozo": null, "numfila": 1, "datum": "WGS 84 (UTM)", "zona": 19, "este": 398008, "norte": 8573763, "unidadhidr": null, "areatotal": 0.0 }, "geometry": { "type": "Point", "coordinates": [ -69.9401125930886, -12.899756264944129 ] } },
{ "type": "Feature", "properties": { "aaa": "Madre de Dios", "ala": "Tambopata - Inambari", "resolucion": "RA 0074-2019", "fecha": "11\/09\/2019", "archivo": "64-RA-0074-2019-03.pdf", "codlugarus": null, "lugaruso": "ESTAQUE  GONZALES", "uso": "Acuícola", "clase": "Permiso", "volumen": 49500.0, "area": 0.0, "modulo": 0.0, "usuario": "GONZALES CHAVEZ, MORGAN", "documento": "DNI: 04803126", "fuentetipo": null, "fuente": "Lluvia LLUVIA", "volumenfue": null, "cur": 2.0190074026404164e+19, "organizaci": null, "bloquecodi": null, "bloquenomb": null, "coordenada": null, "departamen": null, "provincia": "Tambopata", "distrito": "Laberinto", "juntausuar": null, "comisionco": null, "fecharegis": null, "validado": "JUAN92_JS", "pozo": null, "codpozo": null, "numfila": 1, "datum": "WGS 84 (UTM)", "zona": 19, "este": 423385, "norte": 8577438, "unidadhidr": null, "areatotal": 0.0 }, "geometry": { "type": "Point", "coordinates": [ -69.706121255493159, -12.867262540965314 ] } },
{ "type": "Feature", "properties": { "aaa": "Madre de Dios", "ala": "Tambopata - Inambari", "resolucion": "RA 0075-2019", "fecha": "11\/09\/2019", "archivo": "64-RA-0075-2019-03.pdf", "codlugarus": null, "lugaruso": "ESTANQUE MAMANI", "uso": "Acuícola", "clase": "Permiso", "volumen": 24200.0, "area": 0.0, "modulo": 0.0, "usuario": "MAMANI MUÑIZ, HILARIA", "documento": "DNI: 24291159,", "fuentetipo": null, "fuente": "Lluvia LLUVIA", "volumenfue": null, "cur": 2.0190075026404172e+19, "organizaci": null, "bloquecodi": null, "bloquenomb": null, "coordenada": null, "departamen": null, "provincia": "Tambopata", "distrito": "Inambari", "juntausuar": null, "comisionco": null, "fecharegis": null, "validado": "JUAN92_JS", "pozo": null, "codpozo": null, "numfila": 1, "datum": "WGS 84 (UTM)", "zona": 19, "este": 397969, "norte": 8573780, "unidadhidr": null, "areatotal": 0.0 }, "geometry": { "type": "Point", "coordinates": [ -69.940471467811363, -12.899601266384705 ] } },
{ "type": "Feature", "properties": { "aaa": "Madre de Dios", "ala": "Tambopata - Inambari", "resolucion": "RA 0076-2019", "fecha": "11\/09\/2019", "archivo": "64-RA-0076-2019-03.pdf", "codlugarus": null, "lugaruso": "ESTANQUE PALOMINO", "uso": "Acuícola", "clase": "Permiso", "volumen": 26400.0, "area": 0.0, "modulo": 0.0, "usuario": "PALOMINO ROJAS, RAUL", "documento": "DNI: 23865260", "fuentetipo": null, "fuente": "Lluvia LLUVIA", "volumenfue": null, "cur": 2.0190076026404172e+19, "organizaci": null, "bloquecodi": null, "bloquenomb": null, "coordenada": null, "departamen": null, "provincia": "Tambopata", "distrito": "Inambari", "juntausuar": null, "comisionco": null, "fecharegis": null, "validado": "JUAN92_JS", "pozo": null, "codpozo": null, "numfila": 1, "datum": "WGS 84 (UTM)", "zona": 19, "este": 397969, "norte": 8573780, "unidadhidr": null, "areatotal": 0.0 }, "geometry": { "type": "Point", "coordinates": [ -69.940471467811363, -12.899601266384705 ] } },
{ "type": "Feature", "properties": { "aaa": "Madre de Dios", "ala": "Tambopata - Inambari", "resolucion": "RD 0076-2019", "fecha": "29\/01\/2019", "archivo": "64-RD-0076-2019-02.pdf", "codlugarus": null, "lugaruso": "ALBERGUE SACHAVACAYOC CENTRE", "uso": "Otros Usos", "clase": "Licencia", "volumen": 2817.1, "area": 0.0, "modulo": 0.0, "usuario": "ASOCIACIÓN EDUCACIONAL WILLIAMSON DEL PERU", "documento": "RUC: 20136629591", "fuentetipo": null, "fuente": "Acuífero TAMBOPATA", "volumenfue": null, "cur": 2.0190076046412165e+19, "organizaci": null, "bloquecodi": null, "bloquenomb": null, "coordenada": null, "departamen": null, "provincia": "Tambopata", "distrito": "Tambopata", "juntausuar": null, "comisionco": null, "fecharegis": null, "validado": "JUAN92_JS", "pozo": null, "codpozo": null, "numfila": 1, "datum": "WGS 84 (UTM)", "zona": 19, "este": 460148, "norte": 8579058, "unidadhidr": null, "areatotal": 0.0 }, "geometry": { "type": "Point", "coordinates": [ -69.367281350433529, -12.853306985169732 ] } },
{ "type": "Feature", "properties": { "aaa": "Madre de Dios", "ala": "Tambopata - Inambari", "resolucion": "RA 0077-2019", "fecha": "11\/09\/2019", "archivo": "64-RA-0077-2019-03.pdf", "codlugarus": null, "lugaruso": "ESTANQUE GONZALEZ", "uso": "Acuícola", "clase": "Permiso", "volumen": 1649.5, "area": 0.0, "modulo": 0.0, "usuario": "GONZALEZ VASQUEZ, FRANCISCO", "documento": "DNI: 04824686", "fuentetipo": null, "fuente": "Lluvia LLUVIA", "volumenfue": null, "cur": 2.0190077026404172e+19, "organizaci": null, "bloquecodi": null, "bloquenomb": null, "coordenada": null, "departamen": null, "provincia": "Tambopata", "distrito": "Inambari", "juntausuar": null, "comisionco": null, "fecharegis": null, "validado": "JUAN92_JS", "pozo": null, "codpozo": null, "numfila": 1, "datum": "WGS 84 (UTM)", "zona": 19, "este": 375027, "norte": 8572218, "unidadhidr": null, "areatotal": 0.0 }, "geometry": { "type": "Point", "coordinates": [ -70.15197684486418, -12.912877623120478 ] } },
{ "type": "Feature", "properties": { "aaa": "Madre de Dios", "ala": "Tambopata - Inambari", "resolucion": "RD 0078-2019", "fecha": "30\/01\/2019", "archivo": "64-RD-0078-2019-03.pdf", "codlugarus": null, "lugaruso": "TAYPITIRA", "uso": "Agrario", "clase": "Licencia", "volumen": 63714.64, "area": 3.95, "modulo": 16130.29, "usuario": "COMITE DE USUARIOS DE AGUA CORANI ACONSAYA", "documento": null, "fuentetipo": null, "fuente": "Quebrada TAYPITIRA", "volumenfue": null, "cur": 2.0190078046403199e+19, "organizaci": null, "bloquecodi": null, "bloquenomb": null, "coordenada": null, "departamen": null, "provincia": "Carabaya", "distrito": "Corani", "juntausuar": null, "comisionco": null, "fecharegis": null, "validado": "JUAN92_JS", "pozo": null, "codpozo": null, "numfila": 1, "datum": "WGS 84 (UTM)", "zona": 19, "este": 325435, "norte": 8463696, "unidadhidr": null, "areatotal": 0.0 }, "geometry": { "type": "Point", "coordinates": [ -70.615533883744533, -13.89137551574918 ] } },
{ "type": "Feature", "properties": { "aaa": "Madre de Dios", "ala": "Tambopata - Inambari", "resolucion": "RD 0080-2019", "fecha": "30\/01\/2019", "archivo": "64-RD-0080-2019-03.pdf", "codlugarus": null, "lugaruso": "COMUNIDAD CAMPESINA DE UCHUUMA-CHACAMARCA-ANANA", "uso": "Agrario", "clase": "Licencia", "volumen": 225824.0, "area": 14.0, "modulo": 16130.29, "usuario": "COMUNIDAD CAMPESINA DE UCHUUMA-CHACAMARCA-ANANA", "documento": null, "fuentetipo": null, "fuente": "Quebrada CCOLTACCOTA", "volumenfue": null, "cur": 2.0190080046403203e+19, "organizaci": null, "bloquecodi": null, "bloquenomb": null, "coordenada": null, "departamen": null, "provincia": "Carabaya", "distrito": "Coasa", "juntausuar": null, "comisionco": null, "fecharegis": null, "validado": "JUAN92_JS", "pozo": null, "codpozo": null, "numfila": 1, "datum": "WGS 84 (UTM)", "zona": 19, "este": 392574, "norte": 8458455, "unidadhidr": null, "areatotal": 0.0 }, "geometry": { "type": "Point", "coordinates": [ -69.99447709858751, -13.942077278318454 ] } },
{ "type": "Feature", "properties": { "aaa": "Madre de Dios", "ala": "Tambopata - Inambari", "resolucion": "RA 0082-2019", "fecha": "23\/09\/2019", "archivo": "64-RA-0082-2019-03.pdf", "codlugarus": null, "lugaruso": "ESTANQUE CENTENO", "uso": "Acuícola", "clase": "Permiso", "volumen": 59280.0, "area": 0.0, "modulo": 0.0, "usuario": "CENTENO CHECALLA, FORTUNATO ADRIAN", "documento": "DNI: 04805493", "fuentetipo": null, "fuente": "Lluvia LLUVIA", "volumenfue": null, "cur": 2.0190082026404172e+19, "organizaci": null, "bloquecodi": null, "bloquenomb": null, "coordenada": null, "departamen": null, "provincia": "Tambopata", "distrito": "Laberinto", "juntausuar": null, "comisionco": null, "fecharegis": null, "validado": "JUAN92_JS", "pozo": null, "codpozo": null, "numfila": 1, "datum": "WGS 84 (UTM)", "zona": 19, "este": 422625, "norte": 8576596, "unidadhidr": null, "areatotal": 0.0 }, "geometry": { "type": "Point", "coordinates": [ -69.713146922872866, -12.874857035562838 ] } },
{ "type": "Feature", "properties": { "aaa": "Madre de Dios", "ala": "Tambopata - Inambari", "resolucion": "RD 0082-2019", "fecha": "01\/02\/2019", "archivo": "64-RD-0082-2019-04.pdf", "codlugarus": null, "lugaruso": "CENTRO POBLADO DE UPINA", "uso": "Poblacional", "clase": "Licencia", "volumen": 56554.97, "area": 0.0, "modulo": 0.0, "usuario": "JUNTA ADMINISTRADORA DE LOS SERVICIOS DE SANEAMIENTO (JASS) CENTRO POBLADO DE UPINA", "documento": null, "fuentetipo": null, "fuente": "Manantial CCOCHACCUCHO \/ Manantial ESPADANI I \/ Manantial ESPADANI II \/ Manantial K'ALUNI I \/ Manantial K'ALUNI II", "volumenfue": null, "cur": 2.0190082046401159e+19, "organizaci": null, "bloquecodi": null, "bloquenomb": null, "coordenada": null, "departamen": null, "provincia": "Carabaya", "distrito": "Ituata", "juntausuar": null, "comisionco": null, "fecharegis": null, "validado": "JUAN92_JS", "pozo": null, "codpozo": null, "numfila": 1, "datum": "WGS 84 (UTM)", "zona": 19, "este": 382379, "norte": 8465231, "unidadhidr": null, "areatotal": 0.0 }, "geometry": { "type": "Point", "coordinates": [ -70.088557421906913, -13.880415611121434 ] } },
{ "type": "Feature", "properties": { "aaa": "Madre de Dios", "ala": "Tambopata - Inambari", "resolucion": "RA 0088-2019", "fecha": "19\/11\/2019", "archivo": "64-RA-0088-2019-03.pdf", "codlugarus": null, "lugaruso": "ESTANQUE BERNARDINO", "uso": "Acuícola", "clase": "Permiso", "volumen": 25650.0, "area": 0.0, "modulo": 0.0, "usuario": "TUEROS ARROYO, BERNARDINO", "documento": "DNI: 04801951", "fuentetipo": null, "fuente": "Lluvia LLUVIA", "volumenfue": null, "cur": 2.0190088026404151e+19, "organizaci": null, "bloquecodi": null, "bloquenomb": null, "coordenada": null, "departamen": null, "provincia": "Manu", "distrito": "Madre De Dios", "juntausuar": null, "comisionco": null, "fecharegis": null, "validado": "JUAN92_JS", "pozo": null, "codpozo": null, "numfila": 1, "datum": "WGS 84 (UTM)", "zona": 19, "este": 352345, "norte": 8574842, "unidadhidr": null, "areatotal": 0.0 }, "geometry": { "type": "Point", "coordinates": [ -70.360888523932502, -12.888151033397332 ] } },
{ "type": "Feature", "properties": { "aaa": "Madre de Dios", "ala": "Tambopata - Inambari", "resolucion": "RA 0089-2019", "fecha": "19\/11\/2019", "archivo": "64-RA-0089-2019-03.pdf", "codlugarus": null, "lugaruso": "ESTANQUE AGUEDA", "uso": "Acuícola", "clase": "Permiso", "volumen": 23085.0, "area": 0.0, "modulo": 0.0, "usuario": "CALIZAYA CERVANTES, AGUEDA", "documento": "DNI: 04820442", "fuentetipo": null, "fuente": "Lluvia LLUVIA", "volumenfue": null, "cur": 2.0190089026404164e+19, "organizaci": null, "bloquecodi": null, "bloquenomb": null, "coordenada": null, "departamen": null, "provincia": "Tambopata", "distrito": "Laberinto", "juntausuar": null, "comisionco": null, "fecharegis": null, "validado": "JUAN92_JS", "pozo": null, "codpozo": null, "numfila": 1, "datum": "WGS 84 (UTM)", "zona": 19, "este": 421228, "norte": 8576632, "unidadhidr": null, "areatotal": 0.0 }, "geometry": { "type": "Point", "coordinates": [ -69.726021080795419, -12.874496169612412 ] } },
{ "type": "Feature", "properties": { "aaa": "Madre de Dios", "ala": "Tambopata - Inambari", "resolucion": "RA 0090-2019", "fecha": "22\/11\/2019", "archivo": "64-RA-0090-2019-03.pdf", "codlugarus": null, "lugaruso": "ESTANQUE POMA", "uso": "Acuícola", "clase": "Permiso", "volumen": 40200.0, "area": 0.0, "modulo": 0.0, "usuario": "POMA CHECALLA, ALIPIO ARNOLIO", "documento": "DNI: 04811416", "fuentetipo": null, "fuente": "Lluvia LLUVIA", "volumenfue": null, "cur": 2.0190090026404164e+19, "organizaci": null, "bloquecodi": null, "bloquenomb": null, "coordenada": null, "departamen": null, "provincia": "Tambopata", "distrito": "Laberinto", "juntausuar": null, "comisionco": null, "fecharegis": null, "validado": "JUAN92_JS", "pozo": null, "codpozo": null, "numfila": 1, "datum": "WGS 84 (UTM)", "zona": 19, "este": 407988, "norte": 8574575, "unidadhidr": null, "areatotal": 0.0 }, "geometry": { "type": "Point", "coordinates": [ -69.848104565086246, -12.892728726669363 ] } },
{ "type": "Feature", "properties": { "aaa": "Madre de Dios", "ala": "Tambopata - Inambari", "resolucion": "RD 0090-2019", "fecha": "12\/02\/2019", "archivo": "64-RD-0090-2019-03.pdf", "codlugarus": null, "lugaruso": "INSTITUCIÓN EDUCATIVA PRIMARIA N° 72443 DE YANAHUAYA", "uso": "Poblacional", "clase": "Licencia", "volumen": 2207.53, "area": 0.0, "modulo": 0.0, "usuario": "JUNTA ADMINISTRADORA DE SERVICIOS DE SANEAMIENTO (JASS) DE LA INSTITUCIÓN EDUCATIVA PRIMARIA Nº 72443 DE YANAHUAYA", "documento": null, "fuentetipo": null, "fuente": "Manantial CHIMCHIRANI", "volumenfue": null, "cur": 2.0190090046401163e+19, "organizaci": null, "bloquecodi": null, "bloquenomb": null, "coordenada": null, "departamen": null, "provincia": "Sandia", "distrito": "Yanahuaya", "juntausuar": null, "comisionco": null, "fecharegis": null, "validado": "JUAN92_JS", "pozo": null, "codpozo": null, "numfila": 1, "datum": "WGS 84 (UTM)", "zona": 19, "este": 481567, "norte": 8423604, "unidadhidr": null, "areatotal": 0.0 }, "geometry": { "type": "Point", "coordinates": [ -69.17088352098493, -14.259167286030689 ] } },
{ "type": "Feature", "properties": { "aaa": "Madre de Dios", "ala": "Tambopata - Inambari", "resolucion": "RD 0091-2019", "fecha": "12\/02\/2019", "archivo": "64-RD-0091-2019-03.pdf", "codlugarus": null, "lugaruso": "SECTOR DE BELÉN - LOCALIDAD DE SAN JUAN DEL ORO", "uso": "Poblacional", "clase": "Licencia", "volumen": 16083.33, "area": 0.0, "modulo": 0.0, "usuario": "JUNTA ADMINISTRADORA DE SERVICIOS DE SANEAMIENTO (JASS) DEL SECTOR DE BELÉN", "documento": null, "fuentetipo": null, "fuente": "Manantial CHICO HUACOYCHORO", "volumenfue": null, "cur": 2.0190091046401163e+19, "organizaci": null, "bloquecodi": null, "bloquenomb": null, "coordenada": null, "departamen": null, "provincia": "Sandia", "distrito": "San Juan Del Oro", "juntausuar": null, "comisionco": null, "fecharegis": null, "validado": "JUAN92_JS", "pozo": null, "codpozo": null, "numfila": 1, "datum": "WGS 84 (UTM)", "zona": 19, "este": 483316, "norte": 8427659, "unidadhidr": null, "areatotal": 0.0 }, "geometry": { "type": "Point", "coordinates": [ -69.154644463575821, -14.222513920586914 ] } },
{ "type": "Feature", "properties": { "aaa": "Madre de Dios", "ala": "Tambopata - Inambari", "resolucion": "RA 0095-2019", "fecha": "29\/11\/2019", "archivo": "64-RA-0095-2019-03.pdf", "codlugarus": null, "lugaruso": "ESTANQUE WILBERT", "uso": "Acuícola", "clase": "Permiso", "volumen": 115219.8, "area": 0.0, "modulo": 0.0, "usuario": "BARRIENTOS MOSCOSO, WILBERT", "documento": "DNI: 24002099", "fuentetipo": null, "fuente": "Lluvia LLUVIA", "volumenfue": null, "cur": 2.0190095026404168e+19, "organizaci": null, "bloquecodi": null, "bloquenomb": null, "coordenada": null, "departamen": null, "provincia": "Tambopata", "distrito": "Inambari", "juntausuar": null, "comisionco": null, "fecharegis": null, "validado": "JUAN92_JS", "pozo": null, "codpozo": null, "numfila": 1, "datum": "WGS 84 (UTM)", "zona": 19, "este": 388666, "norte": 8573796, "unidadhidr": null, "areatotal": 0.0 }, "geometry": { "type": "Point", "coordinates": [ -70.026212068981451, -12.89913430569757 ] } },
{ "type": "Feature", "properties": { "aaa": "Madre de Dios", "ala": "Tambopata - Inambari", "resolucion": "RA 0099-2019", "fecha": "13\/12\/2019", "archivo": "64-RA-0099-2019-03.pdf", "codlugarus": null, "lugaruso": "ESTANQUE FELIPA", "uso": "Acuícola", "clase": "Permiso", "volumen": 19110.0, "area": 0.0, "modulo": 0.0, "usuario": "SACA ÁLVAREZ, FELIPA", "documento": "DNI: 04819794", "fuentetipo": null, "fuente": "Lluvia LLUVIA", "volumenfue": null, "cur": 2.0190099026404172e+19, "organizaci": null, "bloquecodi": null, "bloquenomb": null, "coordenada": null, "departamen": null, "provincia": "Tambopata", "distrito": "Inambari", "juntausuar": null, "comisionco": null, "fecharegis": null, "validado": "JUAN92_JS", "pozo": null, "codpozo": null, "numfila": 1, "datum": "WGS 84 (UTM)", "zona": 19, "este": 408004, "norte": 8574484, "unidadhidr": null, "areatotal": 0.0 }, "geometry": { "type": "Point", "coordinates": [ -69.847959869135522, -12.893552007769136 ] } },
{ "type": "Feature", "properties": { "aaa": "Madre de Dios", "ala": "Tambopata - Inambari", "resolucion": "RD 0108-2019", "fecha": "22\/02\/2019", "archivo": "64-RD-0108-2019-04.pdf", "codlugarus": null, "lugaruso": "BLOQUE DE RIEGO, APACHETA - VIZCACHANI - CHURQUINUYO", "uso": "Agrario", "clase": "Licencia", "volumen": 208652.0, "area": 14.0, "modulo": 14903.71, "usuario": "COMITÉ DE USUARIOS DE AGUA LACCA ALCAMARINE", "documento": null, "fuentetipo": null, "fuente": "Río CHURQUINUYO \/ Río CHURQUINUYO \/ Río CHURQUINUYO", "volumenfue": null, "cur": 2.0190108046403207e+19, "organizaci": null, "bloquecodi": null, "bloquenomb": null, "coordenada": null, "departamen": null, "provincia": "Carabaya", "distrito": "Macusani", "juntausuar": null, "comisionco": null, "fecharegis": null, "validado": "JUAN92_JS", "pozo": null, "codpozo": null, "numfila": 1, "datum": "WGS 84 (UTM)", "zona": 19, "este": 351757, "norte": 8443834, "unidadhidr": null, "areatotal": 0.0 }, "geometry": { "type": "Point", "coordinates": [ -70.373051925343248, -14.072405719262514 ] } },
{ "type": "Feature", "properties": { "aaa": "Madre de Dios", "ala": "Tambopata - Inambari", "resolucion": "RD 0109-2019", "fecha": "22\/02\/2019", "archivo": "64-RD-0109-2019-05.pdf", "codlugarus": null, "lugaruso": "LOCALIDAD DE LIMBANI", "uso": "Poblacional", "clase": "Licencia", "volumen": 116683.2, "area": 0.0, "modulo": 0.0, "usuario": "MUNICIPALIDAD DISTRITAL DE LIMBANI", "documento": "RUC: 20202190503", "fuentetipo": null, "fuente": "Manantial LLACHUJANI HUAYCO \/ Manantial ESPINCUNI HUAYCO 1 \/ Manantial BAÑO PAMPA CUCHO \/ Manantial ESPINCUNI HUAYCO 2", "volumenfue": null, "cur": 2.0190109046401114e+19, "organizaci": null, "bloquecodi": null, "bloquenomb": null, "coordenada": null, "departamen": null, "provincia": "Sandia", "distrito": "Limbani", "juntausuar": null, "comisionco": null, "fecharegis": null, "validado": "JUAN92_JS", "pozo": null, "codpozo": null, "numfila": 1, "datum": "WGS 84 (UTM)", "zona": 19, "este": 425472, "norte": 8436001, "unidadhidr": null, "areatotal": 0.0 }, "geometry": { "type": "Point", "coordinates": [ -69.690556821903499, -14.146144242718842 ] } },
{ "type": "Feature", "properties": { "aaa": "Madre de Dios", "ala": "Tambopata - Inambari", "resolucion": "RD 0111-2019", "fecha": "26\/02\/2019", "archivo": "64-RD-0111-2019-03.pdf", "codlugarus": null, "lugaruso": "CENTRO POBLADO RURAL PALCA", "uso": "Poblacional", "clase": "Licencia", "volumen": 17388.6, "area": 0.0, "modulo": 0.0, "usuario": "JUNTA ADMINISTRADORA DE SERVICIOS DE SANEAMIENTO (JASS) DEL CENTRO POBLADO RURAL DE PALCA", "documento": null, "fuentetipo": null, "fuente": "Manantial UÑIRAJPUJO CALLPAPATA", "volumenfue": null, "cur": 2.0190111046401114e+19, "organizaci": null, "bloquecodi": null, "bloquenomb": null, "coordenada": null, "departamen": null, "provincia": "Carabaya", "distrito": "Ollachea", "juntausuar": null, "comisionco": null, "fecharegis": null, "validado": "JUAN92_JS", "pozo": null, "codpozo": null, "numfila": 1, "datum": "WGS 84 (UTM)", "zona": 19, "este": 321468, "norte": 8494313, "unidadhidr": null, "areatotal": 0.0 }, "geometry": { "type": "Point", "coordinates": [ -70.650296106736207, -13.614401216925021 ] } },
{ "type": "Feature", "properties": { "aaa": "Madre de Dios", "ala": "Tambopata - Inambari", "resolucion": "RD 0113-2019", "fecha": "27\/02\/2019", "archivo": "64-RD-0113-2019-03.pdf", "codlugarus": null, "lugaruso": "SECTOR DE MULLIPUNCU -  BELLAVISTA DEL CENTRO POBLADO RURAL QUICHO", "uso": "Poblacional", "clase": "Licencia", "volumen": 2584.2, "area": 0.0, "modulo": 0.0, "usuario": "JUNTA ADMINISTRADORA DE SERVICIOS DE SANEAMIENTO (JASS) DEL SECTOR DE MULLIPUNCU - BELLAVISTA DEL CENTRO POBLADO RURAL QUICHO", "documento": null, "fuentetipo": null, "fuente": "Manantial MULLIPUNCU", "volumenfue": null, "cur": 2.019011304640113e+19, "organizaci": null, "bloquecodi": null, "bloquenomb": null, "coordenada": null, "departamen": null, "provincia": "Carabaya", "distrito": "Ollachea", "juntausuar": null, "comisionco": null, "fecharegis": null, "validado": "JUAN92_JS", "pozo": null, "codpozo": null, "numfila": 1, "datum": "WGS 84 (UTM)", "zona": 19, "este": 324115, "norte": 8488571, "unidadhidr": null, "areatotal": 0.0 }, "geometry": { "type": "Point", "coordinates": [ -70.626190322980179, -13.666461902484819 ] } },
{ "type": "Feature", "properties": { "aaa": "Madre de Dios", "ala": "Tambopata - Inambari", "resolucion": "RD 0114-2019", "fecha": "27\/02\/2019", "archivo": "64-RD-0114-2019-03.pdf", "codlugarus": null, "lugaruso": "COMUNIDAD CAMPESINA TAHUANA", "uso": "Poblacional", "clase": "Licencia", "volumen": 8278.2, "area": 0.0, "modulo": 0.0, "usuario": "JUNTA ADMINISTRADORA DE SERVICIOS DE SANEAMIENTO (JASS) DE LA COMUNIDAD CAMPESINA DE TAHUANA", "documento": null, "fuentetipo": null, "fuente": "Manantial Unoccucho", "volumenfue": null, "cur": 2.0190114046401151e+19, "organizaci": null, "bloquecodi": null, "bloquenomb": null, "coordenada": null, "departamen": null, "provincia": "Carabaya", "distrito": "Coasa", "juntausuar": null, "comisionco": null, "fecharegis": null, "validado": "JUAN92_JS", "pozo": null, "codpozo": null, "numfila": 1, "datum": "WGS 84 (UTM)", "zona": 19, "este": 395986, "norte": 8457484, "unidadhidr": null, "areatotal": 0.0 }, "geometry": { "type": "Point", "coordinates": [ -69.962930741399063, -13.950982814893999 ] } },
{ "type": "Feature", "properties": { "aaa": "Madre de Dios", "ala": "Tambopata - Inambari", "resolucion": "RD 0121-2019", "fecha": "05\/03\/2019", "archivo": "64-RD-0121-2019-03.pdf", "codlugarus": null, "lugaruso": "SECTOR HANCCOYO , SECTOR TARACUNCA, SECTOR OLOPEA, Y SECTOR TANTANUYO", "uso": "Poblacional", "clase": "Licencia", "volumen": 6394.8, "area": 0.0, "modulo": 0.0, "usuario": "JUNTA ADMINISTRADORA DE SERVICIOS DE SANEAMIENTO (JASS) DEL CENTRO POBLADO RURAL PACAJE - HUANUTUYO", "documento": null, "fuentetipo": null, "fuente": "Manantial KALLENE", "volumenfue": null, "cur": 2.0190121046401151e+19, "organizaci": null, "bloquecodi": null, "bloquenomb": null, "coordenada": null, "departamen": null, "provincia": "Carabaya", "distrito": "Macusani", "juntausuar": null, "comisionco": null, "fecharegis": null, "validado": "JUAN92_JS", "pozo": null, "codpozo": null, "numfila": 1, "datum": "WGS 84 (UTM)", "zona": 19, "este": 343118, "norte": 8451025, "unidadhidr": null, "areatotal": 0.0 }, "geometry": { "type": "Point", "coordinates": [ -70.452640409492446, -14.00693759517811 ] } },
{ "type": "Feature", "properties": { "aaa": "Madre de Dios", "ala": "Tambopata - Inambari", "resolucion": "RD 0122-2019", "fecha": "05\/03\/2019", "archivo": "64-RD-0122-2019-03.pdf", "codlugarus": null, "lugaruso": "SECTOR ANTAJAHUA, CENTRO POBLADO RURAL PACAJE - HUANUTUYO", "uso": "Poblacional", "clase": "Licencia", "volumen": 1927.2, "area": 0.0, "modulo": 0.0, "usuario": "JUNTA ADMINISTRADORA DE SERVICIOS DE SANEAMIENTO (JASS) DEL CENTRO POBLADO RURAL PACAJE - HUANUTUYO", "documento": null, "fuentetipo": null, "fuente": "Manantial HUARACCOYO", "volumenfue": null, "cur": 2.0190122046401155e+19, "organizaci": null, "bloquecodi": null, "bloquenomb": null, "coordenada": null, "departamen": null, "provincia": "Carabaya", "distrito": "Macusani", "juntausuar": null, "comisionco": null, "fecharegis": null, "validado": "JUAN92_JS", "pozo": null, "codpozo": null, "numfila": 1, "datum": "WGS 84 (UTM)", "zona": 19, "este": 342273, "norte": 8453798, "unidadhidr": null, "areatotal": 0.0 }, "geometry": { "type": "Point", "coordinates": [ -70.460304588348322, -13.981825311209201 ] } },
{ "type": "Feature", "properties": { "aaa": "Madre de Dios", "ala": "Tambopata - Inambari", "resolucion": "RD 0133-2019", "fecha": "18\/03\/2019", "archivo": "64-RD-0133-2019-03.pdf", "codlugarus": null, "lugaruso": "VIVIENDA FAMILIAR EN EL KM 77 DE LA CARRETERA INTEROCEANICA", "uso": "Doméstico - Poblacional", "clase": "Licencia", "volumen": 888.0, "area": 0.0, "modulo": 0.0, "usuario": "CONDORI MAMANI, FRANCISCO", "documento": "DNI: 02049136", "fuentetipo": null, "fuente": "Acuífero TAMBOPATA", "volumenfue": null, "cur": 2.0190133046402093e+19, "organizaci": null, "bloquecodi": null, "bloquenomb": null, "coordenada": null, "departamen": null, "provincia": "Tambopata", "distrito": "Inambari", "juntausuar": null, "comisionco": null, "fecharegis": null, "validado": "JUAN92_JS", "pozo": null, "codpozo": null, "numfila": 1, "datum": "WGS 84 (UTM)", "zona": 19, "este": 415323, "norte": 8575895, "unidadhidr": null, "areatotal": 0.0 }, "geometry": { "type": "Point", "coordinates": [ -69.78046312528015, -12.881003683560502 ] } },
{ "type": "Feature", "properties": { "aaa": "Madre de Dios", "ala": "Tambopata - Inambari", "resolucion": "RD 0143-2019", "fecha": "19\/03\/2019", "archivo": "64-RD-0143-2019-02.pdf", "codlugarus": null, "lugaruso": "CONSECION MINERA SALVACION CUNUYO", "uso": "Minero", "clase": "Licencia", "volumen": 1873.0, "area": 0.0, "modulo": 0.0, "usuario": "COMING SANTIBAÑEZ E.L.R.L.", "documento": "RUC: 20447617341", "fuentetipo": null, "fuente": "Manantial MANANTIAL \/ Filtración BOCAMINA", "volumenfue": null, "cur": 2.0190143046408184e+19, "organizaci": null, "bloquecodi": null, "bloquenomb": null, "coordenada": null, "departamen": null, "provincia": "San Antonio De Putina", "distrito": "Sina", "juntausuar": null, "comisionco": null, "fecharegis": null, "validado": "JUAN92_JS", "pozo": null, "codpozo": null, "numfila": 1, "datum": "WGS 84 (UTM)", "zona": 19, "este": 470200, "norte": 8381223, "unidadhidr": null, "areatotal": 0.0 }, "geometry": { "type": "Point", "coordinates": [ -69.276734381765181, -14.642258461130961 ] } },
{ "type": "Feature", "properties": { "aaa": "Madre de Dios", "ala": "Tambopata - Inambari", "resolucion": "RD 0156-2019", "fecha": "05\/04\/2019", "archivo": "64-RD-0156-2019-03.pdf", "codlugarus": null, "lugaruso": "LOCALIDAD DE YANAHUAYA", "uso": "Poblacional", "clase": "Licencia", "volumen": 94923.33, "area": 0.0, "modulo": 0.0, "usuario": "JUNTA ADMINISTRADORA DE SERVICIOS DE SANEAMIENTO-JASS-YANAHUAYA", "documento": null, "fuentetipo": null, "fuente": "Quebrada PADREMAYO \/ Quebrada CABALLUNI", "volumenfue": null, "cur": 2.0190156046401163e+19, "organizaci": null, "bloquecodi": null, "bloquenomb": null, "coordenada": null, "departamen": null, "provincia": "Sandia", "distrito": "Yanahuaya", "juntausuar": null, "comisionco": null, "fecharegis": null, "validado": "JUAN92_JS", "pozo": null, "codpozo": null, "numfila": 1, "datum": "WGS 84 (UTM)", "zona": 19, "este": 481722, "norte": 8423646, "unidadhidr": null, "areatotal": 0.0 }, "geometry": { "type": "Point", "coordinates": [ -69.169446311035287, -14.258788557195199 ] } },
{ "type": "Feature", "properties": { "aaa": "Madre de Dios", "ala": "Tambopata - Inambari", "resolucion": "RD 0157-2019", "fecha": "05\/04\/2019", "archivo": "64-RD-0157-2019-03.pdf", "codlugarus": null, "lugaruso": "CENTRO POBLADO RURAL DE SANTA ROSA", "uso": "Poblacional", "clase": "Licencia", "volumen": 66576.0, "area": 0.0, "modulo": 0.0, "usuario": "JUNTA ADMINISTRADORA DE SERVICIOS DE SANEAMIENTO (JASS) DEL CENTRO POBLADO RURAL DE SANTA ROSA", "documento": null, "fuentetipo": null, "fuente": "Quebrada SANTA ROSA", "volumenfue": null, "cur": 2.0190157046401163e+19, "organizaci": null, "bloquecodi": null, "bloquenomb": null, "coordenada": null, "departamen": null, "provincia": "Tambopata", "distrito": "Inambari", "juntausuar": null, "comisionco": null, "fecharegis": null, "validado": "JUAN92_JS", "pozo": null, "codpozo": null, "numfila": 1, "datum": "WGS 84 (UTM)", "zona": 19, "este": 358814, "norte": 8570745, "unidadhidr": null, "areatotal": 0.0 }, "geometry": { "type": "Point", "coordinates": [ -70.301468499489815, -12.925492795740672 ] } },
{ "type": "Feature", "properties": { "aaa": "Madre de Dios", "ala": "Tambopata - Inambari", "resolucion": "RD 0158-2019", "fecha": "05\/04\/2019", "archivo": "64-RD-0158-2019-03.pdf", "codlugarus": null, "lugaruso": "CENTRO POBLADO RURAL SANTA RITA BAJA", "uso": "Poblacional", "clase": "Licencia", "volumen": 16644.0, "area": 0.0, "modulo": 0.0, "usuario": "JUNTA ADMINISTRADORA DE SERVICIOS DE SANEAMIENTO (JASS) DEL CENTRO POBLADO RURAL SANTA RITA BAJA", "documento": null, "fuentetipo": null, "fuente": "Acuífero INAMBARI", "volumenfue": null, "cur": 2.0190158046401171e+19, "organizaci": null, "bloquecodi": null, "bloquenomb": null, "coordenada": null, "departamen": null, "provincia": "Tambopata", "distrito": "Inambari", "juntausuar": null, "comisionco": null, "fecharegis": null, "validado": "JUAN92_JS", "pozo": null, "codpozo": null, "numfila": 1, "datum": "WGS 84 (UTM)", "zona": 19, "este": 370507, "norte": 8572014, "unidadhidr": null, "areatotal": 0.0 }, "geometry": { "type": "Point", "coordinates": [ -70.193643827723449, -12.914534995475414 ] } },
{ "type": "Feature", "properties": { "aaa": "Madre de Dios", "ala": "Tambopata - Inambari", "resolucion": "RD 0179-2019", "fecha": "30\/04\/2019", "archivo": "64-RD-0179-2019-02.pdf", "codlugarus": null, "lugaruso": "CONSECION MINERA SAGRADO HUAYNA", "uso": "Minero", "clase": "Licencia", "volumen": 1261.2, "area": 0.0, "modulo": 0.0, "usuario": "EMPRESA MINERA CORAZON DE HUAYNA", "documento": "RUC: 20448523811", "fuentetipo": null, "fuente": "Quebrada HUAYNA \/ Quebrada APACHETA", "volumenfue": null, "cur": 2.0190179046408176e+19, "organizaci": null, "bloquecodi": null, "bloquenomb": null, "coordenada": null, "departamen": null, "provincia": "Sandia", "distrito": "Alto Inambari", "juntausuar": null, "comisionco": null, "fecharegis": null, "validado": "JUAN92_JS", "pozo": null, "codpozo": null, "numfila": 1, "datum": "WGS 84 (UTM)", "zona": 19, "este": 445345, "norte": 8446389, "unidadhidr": null, "areatotal": 0.0 }, "geometry": { "type": "Point", "coordinates": [ -69.506217707628252, -14.052679162114185 ] } },
{ "type": "Feature", "properties": { "aaa": "Madre de Dios", "ala": "Tambopata - Inambari", "resolucion": "RD 0181-2019", "fecha": "30\/04\/2019", "archivo": "64-RD-0181-2019-03.pdf", "codlugarus": null, "lugaruso": "PUJIO GRANDE", "uso": "Agrario", "clase": "Licencia", "volumen": 92891.0, "area": 6.0, "modulo": 15481.83, "usuario": "COMITE DE USUARIOS DE AGUA DEL SECTOR OK'ECCAJA", "documento": null, "fuentetipo": null, "fuente": "Manantial PUJIO GRANDE", "volumenfue": null, "cur": 2.019018104640317e+19, "organizaci": null, "bloquecodi": null, "bloquenomb": null, "coordenada": null, "departamen": null, "provincia": "Carabaya", "distrito": "Corani", "juntausuar": null, "comisionco": null, "fecharegis": null, "validado": "JUAN92_JS", "pozo": null, "codpozo": null, "numfila": 1, "datum": "WGS 84 (UTM)", "zona": 19, "este": 320288, "norte": 8456481, "unidadhidr": null, "areatotal": 0.0 }, "geometry": { "type": "Point", "coordinates": [ -70.663619934957694, -13.956266635298016 ] } },
{ "type": "Feature", "properties": { "aaa": "Madre de Dios", "ala": "Tambopata - Inambari", "resolucion": "RD 0182-2019", "fecha": "30\/04\/2019", "archivo": "64-RD-0182-2019-03.pdf", "codlugarus": null, "lugaruso": "SERPIOC PUJIO", "uso": "Agrario", "clase": "Licencia", "volumen": 43067.87, "area": 2.67, "modulo": 16130.29, "usuario": "COMITE DE USUARIOS DE AGUA DEL SECTOR OK'ECCAJA", "documento": null, "fuentetipo": null, "fuente": "Manantial SERPIOC PUJIO", "volumenfue": null, "cur": 2.0190182046403174e+19, "organizaci": null, "bloquecodi": null, "bloquenomb": null, "coordenada": null, "departamen": null, "provincia": "Carabaya", "distrito": "Corani", "juntausuar": null, "comisionco": null, "fecharegis": null, "validado": "JUAN92_JS", "pozo": null, "codpozo": null, "numfila": 1, "datum": "WGS 84 (UTM)", "zona": 19, "este": 320569, "norte": 8456396, "unidadhidr": null, "areatotal": 0.0 }, "geometry": { "type": "Point", "coordinates": [ -70.6610249552065, -13.957052659490891 ] } },
{ "type": "Feature", "properties": { "aaa": "Madre de Dios", "ala": "Tambopata - Inambari", "resolucion": "RD 0183-2019", "fecha": "30\/04\/2019", "archivo": "64-RD-0183-2019-03.pdf", "codlugarus": null, "lugaruso": "PEQUEÑO PUJIO", "uso": "Agrario", "clase": "Licencia", "volumen": 43496.85, "area": 2.85, "modulo": 15262.05, "usuario": "COMITE DE USUARIOS DE AGUA DEL SECTOR OK´ECCAJA", "documento": null, "fuentetipo": null, "fuente": "Manantial PEQUEÑO PUJIO", "volumenfue": null, "cur": 2.0190183046403092e+19, "organizaci": null, "bloquecodi": null, "bloquenomb": null, "coordenada": null, "departamen": null, "provincia": "Carabaya", "distrito": "Corani", "juntausuar": null, "comisionco": null, "fecharegis": null, "validado": "JUAN92_JS", "pozo": null, "codpozo": null, "numfila": 1, "datum": "WGS 84 (UTM)", "zona": 19, "este": 320575, "norte": 8456176, "unidadhidr": null, "areatotal": 2.85 }, "geometry": { "type": "Point", "coordinates": [ -70.660983669549182, -13.959041444202951 ] } },
{ "type": "Feature", "properties": { "aaa": "Madre de Dios", "ala": "Tambopata - Inambari", "resolucion": "RD 0185-2019", "fecha": "07\/05\/2019", "archivo": "64-RD-0185-2019-03.pdf", "codlugarus": null, "lugaruso": "CENTRO POBLADO DE CANCHAPATA", "uso": "Poblacional", "clase": "Licencia", "volumen": 7008.0, "area": 0.0, "modulo": 0.0, "usuario": "JUNTA ADMINISTRADORA DE SERVICIO (JASS) DEL CENTRO POBLADO DE CANCHAPATA", "documento": null, "fuentetipo": null, "fuente": "Manantial OCCUPATA \/ Manantial UÑIRAYOC", "volumenfue": null, "cur": 2.0190185046401094e+19, "organizaci": null, "bloquecodi": null, "bloquenomb": null, "coordenada": null, "departamen": null, "provincia": "Quispicanchi", "distrito": "Marcapata", "juntausuar": null, "comisionco": null, "fecharegis": null, "validado": "JUAN92_JS", "pozo": null, "codpozo": null, "numfila": 1, "datum": "WGS 84 (UTM)", "zona": 19, "este": 289614, "norte": 8490568, "unidadhidr": null, "areatotal": 0.0 }, "geometry": { "type": "Point", "coordinates": [ -70.944910852794692, -13.646118428383813 ] } },
{ "type": "Feature", "properties": { "aaa": "Madre de Dios", "ala": "Tambopata - Inambari", "resolucion": "RD 0186-2019", "fecha": "07\/05\/2019", "archivo": "64-RD-0186-2019-03.pdf", "codlugarus": null, "lugaruso": "FLORIDA ALTA", "uso": "Poblacional", "clase": "Licencia", "volumen": 10652.13, "area": 0.0, "modulo": 0.0, "usuario": "JUNTA ADMINISTRADORA DE SERVICIO (JASS) DE FLORIDA ALTA", "documento": null, "fuentetipo": null, "fuente": "Acuífero TAMBOPATA", "volumenfue": null, "cur": 2.0190186046401106e+19, "organizaci": null, "bloquecodi": null, "bloquenomb": null, "coordenada": null, "departamen": null, "provincia": "Tambopata", "distrito": "Laberinto", "juntausuar": null, "comisionco": null, "fecharegis": null, "validado": "JUAN92_JS", "pozo": null, "codpozo": null, "numfila": 1, "datum": "WGS 84 (UTM)", "zona": 19, "este": 433450, "norte": 8586539, "unidadhidr": null, "areatotal": 0.0 }, "geometry": { "type": "Point", "coordinates": [ -69.613162047341703, -12.785201809621332 ] } },
{ "type": "Feature", "properties": { "aaa": "Madre de Dios", "ala": "Tambopata - Inambari", "resolucion": "RD 0197-2019", "fecha": "15\/05\/2019", "archivo": "64-RD-0197-2019-04.pdf", "codlugarus": null, "lugaruso": "TORNEADO", "uso": "Agrario", "clase": "Licencia", "volumen": 11326.82, "area": 1.52, "modulo": 7451.86, "usuario": "COMITE DE USUARIOS DE RIEGO DE LA COMUNIDAD CAMPESINA CORANI - ACONSAYA", "documento": null, "fuentetipo": null, "fuente": "Manantial TORNEADO \/ Manantial TORNEADO", "volumenfue": null, "cur": 2.0190197046403101e+19, "organizaci": null, "bloquecodi": null, "bloquenomb": null, "coordenada": null, "departamen": null, "provincia": "Carabaya", "distrito": "Corani", "juntausuar": null, "comisionco": null, "fecharegis": null, "validado": "JUAN92_JS", "pozo": null, "codpozo": null, "numfila": 1, "datum": "WGS 84 (UTM)", "zona": 19, "este": 324468, "norte": 8460662, "unidadhidr": null, "areatotal": 1.52 }, "geometry": { "type": "Point", "coordinates": [ -70.624671896742825, -13.918738709961328 ] } },
{ "type": "Feature", "properties": { "aaa": "Madre de Dios", "ala": "Tambopata - Inambari", "resolucion": "RD 0198-2019", "fecha": "15\/05\/2019", "archivo": "64-RD-0198-2019-04.pdf", "codlugarus": null, "lugaruso": "COMUNIDAD CAMPESINA CORANI-ACONSAYA", "uso": "Agrario", "clase": "Licencia", "volumen": 20120.02, "area": 1.35, "modulo": 14903.72, "usuario": "COMITE DE USUARIOS DE RIEGO DE LA COMUNIDAD CAMPESINA CORANI - ACONSAYA", "documento": null, "fuentetipo": null, "fuente": "Quebrada AJOYANI \/ Quebrada AJOYANI", "volumenfue": null, "cur": 2.0190198046403105e+19, "organizaci": null, "bloquecodi": null, "bloquenomb": null, "coordenada": null, "departamen": null, "provincia": "Carabaya", "distrito": "Corani", "juntausuar": null, "comisionco": null, "fecharegis": null, "validado": "JUAN92_JS", "pozo": null, "codpozo": null, "numfila": 1, "datum": "WGS 84 (UTM)", "zona": 19, "este": 328756, "norte": 8472454, "unidadhidr": null, "areatotal": 1.35 }, "geometry": { "type": "Point", "coordinates": [ -70.584271126167579, -13.812416528103745 ] } },
{ "type": "Feature", "properties": { "aaa": "Madre de Dios", "ala": "Tambopata - Inambari", "resolucion": "RD 0202-2019", "fecha": "20\/05\/2019", "archivo": "64-RD-0202-2019-02.pdf", "codlugarus": null, "lugaruso": "AREA BAJO RIEGO  LACCA ALCAMARINE", "uso": "Agrario", "clase": "Licencia", "volumen": 145172.56, "area": 9.0, "modulo": 16130.28, "usuario": "COMITE DE USUARIOS DE AGUA LACCA ALCAMARINE", "documento": null, "fuentetipo": null, "fuente": "Río PUMA MAYO", "volumenfue": null, "cur": 2.0190202046403154e+19, "organizaci": null, "bloquecodi": null, "bloquenomb": null, "coordenada": null, "departamen": null, "provincia": "Carabaya", "distrito": "Macusani", "juntausuar": null, "comisionco": null, "fecharegis": null, "validado": "JUAN92_JS", "pozo": null, "codpozo": null, "numfila": 1, "datum": "WGS 84 (UTM)", "zona": 19, "este": 353304, "norte": 8442880, "unidadhidr": null, "areatotal": 9.0 }, "geometry": { "type": "Point", "coordinates": [ -70.358777190409313, -14.081110362942965 ] } },
{ "type": "Feature", "properties": { "aaa": "Madre de Dios", "ala": "Tambopata - Inambari", "resolucion": "RD 0206-2019", "fecha": "29\/05\/2019", "archivo": "64-RD-0206-2019-02.pdf", "codlugarus": null, "lugaruso": "CONCESIÓN MINERA PEÑÓN DE ORO", "uso": "Minero", "clase": "Licencia", "volumen": 6340.01, "area": 0.0, "modulo": 0.0, "usuario": "PEÑON DE ORO E.I.R.L.", "documento": "RUC: 20601733740", "fuentetipo": null, "fuente": "Quebrada GLORIAPATA 1 \/ Manantial PELAYOS", "volumenfue": null, "cur": 2.019020604640809e+19, "organizaci": null, "bloquecodi": null, "bloquenomb": null, "coordenada": null, "departamen": null, "provincia": "Sandia", "distrito": "Alto Inambari", "juntausuar": null, "comisionco": null, "fecharegis": null, "validado": "JUAN92_JS", "pozo": null, "codpozo": null, "numfila": 1, "datum": "WGS 84 (UTM)", "zona": 19, "este": 450254, "norte": 8449719, "unidadhidr": null, "areatotal": 0.0 }, "geometry": { "type": "Point", "coordinates": [ -69.460691213293401, -14.022661330790696 ] } },
{ "type": "Feature", "properties": { "aaa": "Madre de Dios", "ala": "Tambopata - Inambari", "resolucion": "RD 0241-2019", "fecha": "27\/06\/2019", "archivo": "64-RD-0241-2019-02.pdf", "codlugarus": null, "lugaruso": "CONCESIÓN MINERA ESCONDIDA DE ORO", "uso": "Minero", "clase": "Licencia", "volumen": 6577.5, "area": 0.0, "modulo": 0.0, "usuario": "SAGRADO CUNA CUNA S.A.", "documento": "RUC: 20448204716", "fuentetipo": null, "fuente": "Manantial UNOTOMA", "volumenfue": null, "cur": 2.0190241046408122e+19, "organizaci": null, "bloquecodi": null, "bloquenomb": null, "coordenada": null, "departamen": null, "provincia": "Sandia", "distrito": "Phara", "juntausuar": null, "comisionco": null, "fecharegis": null, "validado": "JUAN92_JS", "pozo": null, "codpozo": null, "numfila": 1, "datum": "WGS 84 (UTM)", "zona": 19, "este": 433014, "norte": 8442679, "unidadhidr": null, "areatotal": 0.0 }, "geometry": { "type": "Point", "coordinates": [ -69.620514277107461, -14.085956632895567 ] } },
{ "type": "Feature", "properties": { "aaa": "Madre de Dios", "ala": "Tambopata - Inambari", "resolucion": "RD 0242-2019", "fecha": "28\/06\/2019", "archivo": "64-RD-0242-2019-03.pdf", "codlugarus": null, "lugaruso": "COMUNIDAD PUKIRI CHICO", "uso": "Poblacional", "clase": "Licencia", "volumen": 26827.5, "area": 0.0, "modulo": 0.0, "usuario": "JUNTA ADMINISTRADORA DE SERVICIO (JASS) DE LA COMUNIDAD DE PUNKIRI CHICO", "documento": null, "fuentetipo": null, "fuente": "Manantial ESPERANZA", "volumenfue": null, "cur": 2.0190242046401155e+19, "organizaci": null, "bloquecodi": null, "bloquenomb": null, "coordenada": null, "departamen": null, "provincia": "Manu", "distrito": "Madre De Dios", "juntausuar": null, "comisionco": null, "fecharegis": null, "validado": "JUAN92_JS", "pozo": null, "codpozo": null, "numfila": 1, "datum": "WGS 84 (UTM)", "zona": 19, "este": 352420, "norte": 8572404, "unidadhidr": null, "areatotal": 0.0 }, "geometry": { "type": "Point", "coordinates": [ -70.36031650341215, -12.910194688550099 ] } },
{ "type": "Feature", "properties": { "aaa": "Madre de Dios", "ala": "Tambopata - Inambari", "resolucion": "RD 0247-2019", "fecha": "04\/07\/2019", "archivo": "64-RD-0247-2019-02.pdf", "codlugarus": null, "lugaruso": "PROYECTO MINERO MINAS LGL", "uso": "Minero", "clase": "Licencia", "volumen": 115575.55, "area": 0.0, "modulo": 0.0, "usuario": "INVERSIONES SEÑOR DE PACAYPAMPA S.R.L.", "documento": "RUC: 20448562043", "fuentetipo": null, "fuente": "Quebrada SARA SARA \/ Quebrada SARA SARA", "volumenfue": null, "cur": 2.0190247046408102e+19, "organizaci": null, "bloquecodi": null, "bloquenomb": null, "coordenada": null, "departamen": null, "provincia": "Sandia", "distrito": "Alto Inambari", "juntausuar": null, "comisionco": null, "fecharegis": null, "validado": "JUAN92_JS", "pozo": null, "codpozo": null, "numfila": 1, "datum": "WGS 84 (UTM)", "zona": 19, "este": 479314, "norte": 8445127, "unidadhidr": null, "areatotal": 0.0 }, "geometry": { "type": "Point", "coordinates": [ -69.191606674230769, -14.064544205457032 ] } },
{ "type": "Feature", "properties": { "aaa": "Madre de Dios", "ala": "Tambopata - Inambari", "resolucion": "RD 0250-2019", "fecha": "05\/07\/2019", "archivo": "64-RD-0250-2019-02.pdf", "codlugarus": null, "lugaruso": "CONSECION MINERA FATIMA", "uso": "Minero", "clase": "Licencia", "volumen": 54000.0, "area": 0.0, "modulo": 0.0, "usuario": "HUAMAN VDA. DE AUQUIPATA, BALBINA", "documento": "RUC: 10048191113", "fuentetipo": null, "fuente": "Acuífero TAMBOPATA", "volumenfue": null, "cur": 2.0190250046408106e+19, "organizaci": null, "bloquecodi": null, "bloquenomb": null, "coordenada": null, "departamen": null, "provincia": "Tambopata", "distrito": "Inambari", "juntausuar": null, "comisionco": null, "fecharegis": null, "validado": "JUAN92_JS", "pozo": null, "codpozo": null, "numfila": 1, "datum": "WGS 84 (UTM)", "zona": 19, "este": 391413, "norte": 8562005, "unidadhidr": null, "areatotal": 0.0 }, "geometry": { "type": "Point", "coordinates": [ -70.001320306672582, -13.005839084461909 ] } },
{ "type": "Feature", "properties": { "aaa": "Madre de Dios", "ala": "Tambopata - Inambari", "resolucion": "RD 0253-2019", "fecha": "09\/07\/2019", "archivo": "64-RD-0253-2019-02.pdf", "codlugarus": null, "lugaruso": "CONSECION MINERA ABEL 3", "uso": "Minero", "clase": "Licencia", "volumen": 54000.0, "area": 0.0, "modulo": 0.0, "usuario": "CELADITA ESPINOZA, LUIS EUSEBIO", "documento": "RUC: 10255692351", "fuentetipo": null, "fuente": "Acuífero TAMBOPATA", "volumenfue": null, "cur": 2.019025304640811e+19, "organizaci": null, "bloquecodi": null, "bloquenomb": null, "coordenada": null, "departamen": null, "provincia": "Tambopata", "distrito": "Inambari", "juntausuar": null, "comisionco": null, "fecharegis": null, "validado": "JUAN92_JS", "pozo": null, "codpozo": null, "numfila": 1, "datum": "WGS 84 (UTM)", "zona": 19, "este": 389663, "norte": 8561152, "unidadhidr": null, "areatotal": 0.0 }, "geometry": { "type": "Point", "coordinates": [ -70.017487361301392, -13.01348855487579 ] } },
{ "type": "Feature", "properties": { "aaa": "Madre de Dios", "ala": "Tambopata - Inambari", "resolucion": "RD 0266-2019", "fecha": "22\/07\/2019", "archivo": "64-RD-0266-2019-04.pdf", "codlugarus": null, "lugaruso": "CORREDOR VIAL SANDIA-SAN IGNACIO-PUNTA DE CARRETERA", "uso": "Otros Usos", "clase": "Autorización", "volumen": 124319.0, "area": 0.0, "modulo": 0.0, "usuario": "INGENIEROS CIVILES Y CONTRATISTAS GENERALES S.A.", "documento": "RUC: 20100114187", "fuentetipo": null, "fuente": "Quebrada LOMAYOC \/ Quebrada ZARANDA \/ Quebrada CHERENESAYOC 1 \/ Quebrada CHERENESAYOC 2 \/ Quebrada AZALAYA \/ Quebrada PACAYSAMANA \/ Quebrada YANACOCHA \/ Río TAMBOPATA \/ Quebrada YANAMAYO \/ Quebrada C", "volumenfue": null, "cur": 2.0190266046412157e+19, "organizaci": null, "bloquecodi": null, "bloquenomb": null, "coordenada": null, "departamen": null, "provincia": "Sandia", "distrito": "San Juan Del Oro", "juntausuar": null, "comisionco": null, "fecharegis": null, "validado": "PSANTIN", "pozo": null, "codpozo": null, "numfila": 1, "datum": "WGS 84 (UTM)", "zona": 19, "este": 449844, "norte": 8416867, "unidadhidr": null, "areatotal": 0.0 }, "geometry": { "type": "Point", "coordinates": [ -69.465092691933137, -14.319687722635237 ] } },
{ "type": "Feature", "properties": { "aaa": "Madre de Dios", "ala": "Tambopata - Inambari", "resolucion": "RD 0269-2019", "fecha": "22\/07\/2019", "archivo": "64-RD-0269-2019-02.pdf", "codlugarus": null, "lugaruso": "CONSECION MINERA LINDA 2", "uso": "Minero", "clase": "Licencia", "volumen": 90759.6, "area": 0.0, "modulo": 0.0, "usuario": "QUISPE HUARICALLO, HUGO", "documento": "RUC: 10296188030", "fuentetipo": null, "fuente": "Acuífero TAMBOPATA \/ Acuífero TAMBOPATA", "volumenfue": null, "cur": 2.019026904640811e+19, "organizaci": null, "bloquecodi": null, "bloquenomb": null, "coordenada": null, "departamen": null, "provincia": "Tambopata", "distrito": "Inambari", "juntausuar": null, "comisionco": null, "fecharegis": null, "validado": "JUAN92_JS", "pozo": null, "codpozo": null, "numfila": 1, "datum": "WGS 84 (UTM)", "zona": 19, "este": 397311, "norte": 8561128, "unidadhidr": null, "areatotal": 0.0 }, "geometry": { "type": "Point", "coordinates": [ -69.946968172177222, -13.013972512323056 ] } },
{ "type": "Feature", "properties": { "aaa": "Madre de Dios", "ala": "Tambopata - Inambari", "resolucion": "RD 0273-2019", "fecha": "25\/07\/2019", "archivo": "64-RD-0273-2019-03.pdf", "codlugarus": null, "lugaruso": "VIVIENDA RUSTICA (C.P. VIRGEN DE LA CANDELARIA KM 111)", "uso": "Doméstico - Poblacional", "clase": "Licencia", "volumen": 1302.26, "area": 0.0, "modulo": 0.0, "usuario": "ANCCO CAHUANA, MARISOL", "documento": "DNI: 47527221", "fuentetipo": null, "fuente": "Acuífero INAMBARI", "volumenfue": null, "cur": 2.0190273046402175e+19, "organizaci": null, "bloquecodi": null, "bloquenomb": null, "coordenada": null, "departamen": null, "provincia": "Tambopata", "distrito": "Inambari", "juntausuar": null, "comisionco": null, "fecharegis": null, "validado": "JUAN92_JS", "pozo": null, "codpozo": null, "numfila": 1, "datum": "WGS 84 (UTM)", "zona": 19, "este": 386534, "norte": 8575297, "unidadhidr": null, "areatotal": 0.0 }, "geometry": { "type": "Point", "coordinates": [ -70.045804977704435, -12.88548553255483 ] } },
{ "type": "Feature", "properties": { "aaa": "Madre de Dios", "ala": "Tambopata - Inambari", "resolucion": "RD 0275-2019", "fecha": "31\/07\/2019", "archivo": "64-RD-0275-2019-03.pdf", "codlugarus": null, "lugaruso": "HOSPEDAJE TAMBOPATA RESEARCH CENTER", "uso": "Otros Usos", "clase": "Licencia", "volumen": 5475.0, "area": 0.0, "modulo": 0.0, "usuario": "RAINFOREST EXPEDITIONS SAC", "documento": "DNI: 20199904192", "fuentetipo": null, "fuente": "Acuífero TAMBOPATA", "volumenfue": null, "cur": 2.0190275046412104e+19, "organizaci": null, "bloquecodi": null, "bloquenomb": null, "coordenada": null, "departamen": null, "provincia": "Tambopata", "distrito": "Inambari", "juntausuar": null, "comisionco": null, "fecharegis": null, "validado": "JUAN92_JS", "pozo": null, "codpozo": null, "numfila": 1, "datum": "WGS 84 (UTM)", "zona": 19, "este": 433743, "norte": 8547975, "unidadhidr": null, "areatotal": 0.0 }, "geometry": { "type": "Point", "coordinates": [ -69.611312756473936, -13.133912534024216 ] } },
{ "type": "Feature", "properties": { "aaa": "Madre de Dios", "ala": "Tambopata - Inambari", "resolucion": "RD 0297-2019", "fecha": "22\/08\/2019", "archivo": "64-RD-0297-2019-03.pdf", "codlugarus": null, "lugaruso": "ALBERGUE TURÍSTICO REFUGIO AMAZONAS", "uso": "Otros Usos", "clase": "Licencia", "volumen": 9636.0, "area": 0.0, "modulo": 0.0, "usuario": "RAINFOREST EXPEDITIONS S.A.C.", "documento": "RUC: 20199904192", "fuentetipo": null, "fuente": "Acuífero TAMBOPATA", "volumenfue": null, "cur": 2.0190297046412157e+19, "organizaci": null, "bloquecodi": null, "bloquenomb": null, "coordenada": null, "departamen": null, "provincia": "Tambopata", "distrito": "Tambopata", "juntausuar": null, "comisionco": null, "fecharegis": null, "validado": "JUAN92_JS", "pozo": null, "codpozo": null, "numfila": 1, "datum": "WGS 84 (UTM)", "zona": 19, "este": 455565, "norte": 8576617, "unidadhidr": null, "areatotal": 0.0 }, "geometry": { "type": "Point", "coordinates": [ -69.409553972364847, -12.875317423240595 ] } },
{ "type": "Feature", "properties": { "aaa": "Madre de Dios", "ala": "Tambopata - Inambari", "resolucion": "RD 0302-2019", "fecha": "23\/08\/2019", "archivo": "64-RD-0302-2019-03.pdf", "codlugarus": null, "lugaruso": "ASOCIACIÓN DE VIVIENDA PARQUE INDUSTRIAL", "uso": "Poblacional", "clase": "Licencia", "volumen": 14563.5, "area": 0.0, "modulo": 0.0, "usuario": "JUNTA ADMINISTRADORA DE SERVICIO (JASS) DE LA ASOCIACIÓN DE VIVIENDA PARQUE INDUSTRIAL", "documento": null, "fuentetipo": null, "fuente": "Quebrada LOROAURORA", "volumenfue": null, "cur": 2.0190302046401151e+19, "organizaci": null, "bloquecodi": null, "bloquenomb": null, "coordenada": null, "departamen": null, "provincia": "Tambopata", "distrito": "Inambari", "juntausuar": null, "comisionco": null, "fecharegis": null, "validado": "JUAN92_JS", "pozo": null, "codpozo": null, "numfila": 1, "datum": "WGS 84 (UTM)", "zona": 19, "este": 352467, "norte": 8553237, "unidadhidr": null, "areatotal": 0.0 }, "geometry": { "type": "Point", "coordinates": [ -70.360827053914264, -13.083469590745763 ] } },
{ "type": "Feature", "properties": { "aaa": "Madre de Dios", "ala": "Tambopata - Inambari", "resolucion": "RD 0309-2019", "fecha": "28\/08\/2019", "archivo": "64-RD-0309-2019-04.pdf", "codlugarus": null, "lugaruso": "ESTANQUE LLICAHUA", "uso": "Acuícola", "clase": "Licencia", "volumen": 18000.0, "area": 0.0, "modulo": 0.0, "usuario": "LLICAHUA PECCA, DOMINGO", "documento": "DNI: 04802338", "fuentetipo": null, "fuente": "Filtración NUEVO AREQUIPA-LLICAHUA", "volumenfue": null, "cur": 2.0190309046404174e+19, "organizaci": null, "bloquecodi": null, "bloquenomb": null, "coordenada": null, "departamen": null, "provincia": "Tambopata", "distrito": "Inambari", "juntausuar": null, "comisionco": null, "fecharegis": null, "validado": "JUAN92_JS", "pozo": null, "codpozo": null, "numfila": 1, "datum": "WGS 84 (UTM)", "zona": 19, "este": 389998, "norte": 8575154, "unidadhidr": null, "areatotal": 0.0 }, "geometry": { "type": "Point", "coordinates": [ -70.013886405291586, -12.886903999360527 ] } },
{ "type": "Feature", "properties": { "aaa": "Madre de Dios", "ala": "Tambopata - Inambari", "resolucion": "RD 0310-2019", "fecha": "28\/08\/2019", "archivo": "64-RD-0310-2019-04.pdf", "codlugarus": null, "lugaruso": "ESTANQUE FERNANDEZ", "uso": "Acuícola", "clase": "Licencia", "volumen": 60000.0, "area": 0.0, "modulo": 0.0, "usuario": "FERNANDEZ SUAQUITA, JOSE LUIS", "documento": "DNI: 40799800", "fuentetipo": null, "fuente": "Filtración NUEVA AREQUIPA", "volumenfue": null, "cur": 2.0190310046404174e+19, "organizaci": null, "bloquecodi": null, "bloquenomb": null, "coordenada": null, "departamen": null, "provincia": "Tambopata", "distrito": "Inambari", "juntausuar": null, "comisionco": null, "fecharegis": null, "validado": "JUAN92_JS", "pozo": null, "codpozo": null, "numfila": 1, "datum": "WGS 84 (UTM)", "zona": 19, "este": 390574, "norte": 8574609, "unidadhidr": null, "areatotal": 0.0 }, "geometry": { "type": "Point", "coordinates": [ -70.008597729522805, -12.891852055259507 ] } },
{ "type": "Feature", "properties": { "aaa": "Madre de Dios", "ala": "Tambopata - Inambari", "resolucion": "RD 0311-2019", "fecha": "28\/08\/2019", "archivo": "64-RD-0311-2019-04.pdf", "codlugarus": null, "lugaruso": "ESTANQUE BARRA", "uso": "Acuícola", "clase": "Licencia", "volumen": 24000.0, "area": 0.0, "modulo": 0.0, "usuario": "BARRA CALLER, CARLOS ALBERTO", "documento": "DNI: 04963123", "fuentetipo": null, "fuente": "Filtración CABEZERA DE AGUA", "volumenfue": null, "cur": 2.0190311046404125e+19, "organizaci": null, "bloquecodi": null, "bloquenomb": null, "coordenada": null, "departamen": null, "provincia": "Tambopata", "distrito": "Inambari", "juntausuar": null, "comisionco": null, "fecharegis": null, "validado": "JUAN92_JS", "pozo": null, "codpozo": null, "numfila": 1, "datum": "WGS 84 (UTM)", "zona": 19, "este": 415353, "norte": 8575492, "unidadhidr": null, "areatotal": 0.0 }, "geometry": { "type": "Point", "coordinates": [ -69.780197912085853, -12.884648414836642 ] } },
{ "type": "Feature", "properties": { "aaa": "Madre de Dios", "ala": "Tambopata - Inambari", "resolucion": "RD 0312-2019", "fecha": "28\/08\/2019", "archivo": "64-RD-0312-2019-04.pdf", "codlugarus": null, "lugaruso": "ESTANQUE QUISPE", "uso": "Acuícola", "clase": "Licencia", "volumen": 33750.0, "area": 0.0, "modulo": 0.0, "usuario": "QUISPE LOAIZA, ANTONIETA", "documento": "DNI: 08076715", "fuentetipo": null, "fuente": "Filtración ALTO LIBERTAD", "volumenfue": null, "cur": 2.0190312046404125e+19, "organizaci": null, "bloquecodi": null, "bloquenomb": null, "coordenada": null, "departamen": null, "provincia": "Tambopata", "distrito": "Inambari", "juntausuar": null, "comisionco": null, "fecharegis": null, "validado": "JUAN92_JS", "pozo": null, "codpozo": null, "numfila": 1, "datum": "WGS 84 (UTM)", "zona": 19, "este": 400830, "norte": 8572775, "unidadhidr": null, "areatotal": 0.0 }, "geometry": { "type": "Point", "coordinates": [ -69.914135583117016, -12.908781570001992 ] } },
{ "type": "Feature", "properties": { "aaa": "Madre de Dios", "ala": "Tambopata - Inambari", "resolucion": "RD 0313-2019", "fecha": "28\/08\/2019", "archivo": "64-RD-0313-2019-04.pdf", "codlugarus": null, "lugaruso": "ESTANQUE QUISPE", "uso": "Acuícola", "clase": "Licencia", "volumen": 30750.0, "area": 0.0, "modulo": 0.0, "usuario": "QUISPE NAVARRO, RUFINO", "documento": "DNI: 31520117", "fuentetipo": null, "fuente": "Filtración NUEVA AREQUIPA - RUFINO QUISPE", "volumenfue": null, "cur": 2.0190313046404166e+19, "organizaci": null, "bloquecodi": null, "bloquenomb": null, "coordenada": null, "departamen": null, "provincia": "Tambopata", "distrito": "Inambari", "juntausuar": null, "comisionco": null, "fecharegis": null, "validado": "JUAN92_JS", "pozo": null, "codpozo": null, "numfila": 1, "datum": "WGS 84 (UTM)", "zona": 19, "este": 387923, "norte": 8576177, "unidadhidr": null, "areatotal": 0.0 }, "geometry": { "type": "Point", "coordinates": [ -70.032971575123526, -12.877579981480485 ] } },
{ "type": "Feature", "properties": { "aaa": "Madre de Dios", "ala": "Tambopata - Inambari", "resolucion": "RD 0314-2019", "fecha": "28\/08\/2019", "archivo": "64-RD-0314-2019-04.pdf", "codlugarus": null, "lugaruso": "ESTANQUE ALDO", "uso": "Acuícola", "clase": "Licencia", "volumen": 30000.0, "area": 0.0, "modulo": 0.0, "usuario": "VERA CABALLERO, ABELINO ALDO", "documento": "DNI: 09567270", "fuentetipo": null, "fuente": "Quebrada CENEPA", "volumenfue": null, "cur": 2.01903140464041e+19, "organizaci": null, "bloquecodi": null, "bloquenomb": null, "coordenada": null, "departamen": null, "provincia": "Tambopata", "distrito": "Inambari", "juntausuar": null, "comisionco": null, "fecharegis": null, "validado": "JUAN92_JS", "pozo": null, "codpozo": null, "numfila": 1, "datum": "WGS 84 (UTM)", "zona": 19, "este": 414613, "norte": 8576049, "unidadhidr": null, "areatotal": 0.0 }, "geometry": { "type": "Point", "coordinates": [ -69.787002376366047, -12.879591647102425 ] } },
{ "type": "Feature", "properties": { "aaa": "Madre de Dios", "ala": "Tambopata - Inambari", "resolucion": "RD 0315-2019", "fecha": "28\/08\/2019", "archivo": "64-RD-0315-2019-04.pdf", "codlugarus": null, "lugaruso": "ESTANQUE MARCELINA", "uso": "Acuícola", "clase": "Licencia", "volumen": 38880.0, "area": 0.0, "modulo": 0.0, "usuario": "APAZA LOAIZA, MARCELINA", "documento": "DNI: 80058387", "fuentetipo": null, "fuente": "Manantial SALVACION", "volumenfue": null, "cur": 2.0190315046404104e+19, "organizaci": null, "bloquecodi": null, "bloquenomb": null, "coordenada": null, "departamen": null, "provincia": "Tambopata", "distrito": "Inambari", "juntausuar": null, "comisionco": null, "fecharegis": null, "validado": "JUAN92_JS", "pozo": null, "codpozo": null, "numfila": 1, "datum": "WGS 84 (UTM)", "zona": 19, "este": 383127, "norte": 8573897, "unidadhidr": null, "areatotal": 0.0 }, "geometry": { "type": "Point", "coordinates": [ -70.077257240722915, -12.898015910514051 ] } },
{ "type": "Feature", "properties": { "aaa": "Madre de Dios", "ala": "Tambopata - Inambari", "resolucion": "RD 0316-2019", "fecha": "28\/08\/2019", "archivo": "64-RD-0316-2019-04.pdf", "codlugarus": null, "lugaruso": "ESTANQUE", "uso": "Acuícola", "clase": "Licencia", "volumen": 81952.5, "area": 0.0, "modulo": 0.0, "usuario": "RODRIGUEZ QUICO, ANTONIETA JOSEFINA", "documento": "DNI: 71330470", "fuentetipo": null, "fuente": "Quebrada LOS AGUAJES", "volumenfue": null, "cur": 2.0190316046404166e+19, "organizaci": null, "bloquecodi": null, "bloquenomb": null, "coordenada": null, "departamen": null, "provincia": "Tambopata", "distrito": "Laberinto", "juntausuar": null, "comisionco": null, "fecharegis": null, "validado": "JUAN92_JS", "pozo": null, "codpozo": null, "numfila": 1, "datum": "WGS 84 (UTM)", "zona": 19, "este": 426452, "norte": 8579022, "unidadhidr": null, "areatotal": 0.0 }, "geometry": { "type": "Point", "coordinates": [ -69.677817267076335, -12.853014324597055 ] } },
{ "type": "Feature", "properties": { "aaa": "Madre de Dios", "ala": "Tambopata - Inambari", "resolucion": "RD 0317-2019", "fecha": "28\/08\/2019", "archivo": "64-RD-0317-2019-04.pdf", "codlugarus": null, "lugaruso": "ESTANQUE SULEMA", "uso": "Acuícola", "clase": "Licencia", "volumen": 28800.0, "area": 0.0, "modulo": 0.0, "usuario": "APAZA MAMANI, SULEMA SOLEDAD", "documento": "DNI: 40896533", "fuentetipo": null, "fuente": "Quebrada SULEMA", "volumenfue": null, "cur": 2.0190317046404096e+19, "organizaci": null, "bloquecodi": null, "bloquenomb": null, "coordenada": null, "departamen": null, "provincia": "Tambopata", "distrito": "Laberinto", "juntausuar": null, "comisionco": null, "fecharegis": null, "validado": "JUAN92_JS", "pozo": null, "codpozo": null, "numfila": 1, "datum": "WGS 84 (UTM)", "zona": 19, "este": 415165, "norte": 8575709, "unidadhidr": null, "areatotal": 0.0 }, "geometry": { "type": "Point", "coordinates": [ -69.781924522916881, -12.88268114398355 ] } },
{ "type": "Feature", "properties": { "aaa": "Madre de Dios", "ala": "Tambopata - Inambari", "resolucion": "RD 0318-2019", "fecha": "28\/08\/2019", "archivo": "64-RD-0318-2019-04.pdf", "codlugarus": null, "lugaruso": "ESTANQUE FRANCISCA", "uso": "Acuícola", "clase": "Licencia", "volumen": 43200.0, "area": 0.0, "modulo": 0.0, "usuario": "CHURA TERRAZAS, FRANCISCA", "documento": "DNI: 04800654", "fuentetipo": null, "fuente": "Manantial FRANCISCA", "volumenfue": null, "cur": 2.0190318046404149e+19, "organizaci": null, "bloquecodi": null, "bloquenomb": null, "coordenada": null, "departamen": null, "provincia": "Tambopata", "distrito": "Laberinto", "juntausuar": null, "comisionco": null, "fecharegis": null, "validado": "JUAN92_JS", "pozo": null, "codpozo": null, "numfila": 1, "datum": "WGS 84 (UTM)", "zona": 19, "este": 425677, "norte": 8578164, "unidadhidr": null, "areatotal": 0.0 }, "geometry": { "type": "Point", "coordinates": [ -69.684980333326109, -12.860753963116254 ] } },
{ "type": "Feature", "properties": { "aaa": "Madre de Dios", "ala": "Tambopata - Inambari", "resolucion": "RD 0319-2019", "fecha": "28\/08\/2019", "archivo": "64-RD-0319-2019-04.pdf", "codlugarus": null, "lugaruso": "ESTANQUE PAOLA", "uso": "Acuícola", "clase": "Licencia", "volumen": 43200.0, "area": 0.0, "modulo": 0.0, "usuario": "ALKA ARCE, PAOLA", "documento": "DNI: 23922334", "fuentetipo": null, "fuente": "Manantial PAOLA", "volumenfue": null, "cur": 2.01903190464041e+19, "organizaci": null, "bloquecodi": null, "bloquenomb": null, "coordenada": null, "departamen": null, "provincia": "Tambopata", "distrito": "Laberinto", "juntausuar": null, "comisionco": null, "fecharegis": null, "validado": "JUAN92_JS", "pozo": null, "codpozo": null, "numfila": 1, "datum": "WGS 84 (UTM)", "zona": 19, "este": 426510, "norte": 8579438, "unidadhidr": null, "areatotal": 0.0 }, "geometry": { "type": "Point", "coordinates": [ -69.677272686558922, -12.849254155664173 ] } },
{ "type": "Feature", "properties": { "aaa": "Madre de Dios", "ala": "Tambopata - Inambari", "resolucion": "RD 0320-2019", "fecha": "28\/08\/2019", "archivo": "64-RD-0320-2019-04.pdf", "codlugarus": null, "lugaruso": "ESTANQUE HUANCA", "uso": "Acuícola", "clase": "Licencia", "volumen": 15120.0, "area": 0.0, "modulo": 0.0, "usuario": "CEFERINO HUANCA HUAMANI", "documento": "DNI: 04824790", "fuentetipo": null, "fuente": "Filtración EL CAMINO", "volumenfue": null, "cur": 2.0190320046404162e+19, "organizaci": null, "bloquecodi": null, "bloquenomb": null, "coordenada": null, "departamen": null, "provincia": "Tambopata", "distrito": "Inambari", "juntausuar": null, "comisionco": null, "fecharegis": null, "validado": "JUAN92_JS", "pozo": null, "codpozo": null, "numfila": 1, "datum": "WGS 84 (UTM)", "zona": 19, "este": 363265, "norte": 8570084, "unidadhidr": null, "areatotal": 0.0 }, "geometry": { "type": "Point", "coordinates": [ -70.260475773940101, -12.931669876466341 ] } },
{ "type": "Feature", "properties": { "aaa": "Madre de Dios", "ala": "Tambopata - Inambari", "resolucion": "RD 0321-2019", "fecha": "28\/08\/2019", "archivo": "64-RD-0321-2019-04.pdf", "codlugarus": null, "lugaruso": "ESTANQUE CORDOVA", "uso": "Acuícola", "clase": "Licencia", "volumen": 14400.0, "area": 0.0, "modulo": 0.0, "usuario": "CORDOVA NEIRA, VICTOR", "documento": "DNI: 45100874", "fuentetipo": null, "fuente": "Filtración SANTA RITA 01", "volumenfue": null, "cur": 2.0190321046404125e+19, "organizaci": null, "bloquecodi": null, "bloquenomb": null, "coordenada": null, "departamen": null, "provincia": "Tambopata", "distrito": "Inambari", "juntausuar": null, "comisionco": null, "fecharegis": null, "validado": "JUAN92_JS", "pozo": null, "codpozo": null, "numfila": 1, "datum": "WGS 84 (UTM)", "zona": 19, "este": 372927, "norte": 8572176, "unidadhidr": null, "areatotal": 0.0 }, "geometry": { "type": "Point", "coordinates": [ -70.171333181443103, -12.91317130744741 ] } },
{ "type": "Feature", "properties": { "aaa": "Madre de Dios", "ala": "Tambopata - Inambari", "resolucion": "RD 0322-2019", "fecha": "28\/08\/2019", "archivo": "64-RD-0322-2019-04.pdf", "codlugarus": null, "lugaruso": "ESTANQUE QUISPE", "uso": "Acuícola", "clase": "Licencia", "volumen": 25920.0, "area": 0.0, "modulo": 0.0, "usuario": "QUISPE SUCATICONA, DAVID", "documento": "DNI: 04823098", "fuentetipo": null, "fuente": "Quebrada DAVID", "volumenfue": null, "cur": 2.0190322046404149e+19, "organizaci": null, "bloquecodi": null, "bloquenomb": null, "coordenada": null, "departamen": null, "provincia": "Tambopata", "distrito": "Laberinto", "juntausuar": null, "comisionco": null, "fecharegis": null, "validado": "JUAN92_JS", "pozo": null, "codpozo": null, "numfila": 1, "datum": "WGS 84 (UTM)", "zona": 19, "este": 415896, "norte": 8575689, "unidadhidr": null, "areatotal": 0.0 }, "geometry": { "type": "Point", "coordinates": [ -69.775187885086709, -12.882882009220788 ] } },
{ "type": "Feature", "properties": { "aaa": "Madre de Dios", "ala": "Tambopata - Inambari", "resolucion": "RD 0372-2019", "fecha": "02\/09\/2019", "archivo": "64-RD-0372-2019-04.pdf", "codlugarus": null, "lugaruso": "ESTANQUE AGUILAR", "uso": "Acuícola", "clase": "Licencia", "volumen": 37800.0, "area": 0.0, "modulo": 0.0, "usuario": "AGUILAR SIMARAURA, RAYMUNDO", "documento": "DNI: 04816066", "fuentetipo": null, "fuente": "Filtración SAN JORGE", "volumenfue": null, "cur": 2.0190372046404112e+19, "organizaci": null, "bloquecodi": null, "bloquenomb": null, "coordenada": null, "departamen": null, "provincia": "Tambopata", "distrito": "Inambari", "juntausuar": null, "comisionco": null, "fecharegis": null, "validado": "JUAN92_JS", "pozo": null, "codpozo": null, "numfila": 1, "datum": "WGS 84 (UTM)", "zona": 19, "este": 382267, "norte": 8573627, "unidadhidr": null, "areatotal": 0.0 }, "geometry": { "type": "Point", "coordinates": [ -70.085193671469483, -12.900424266207953 ] } },
{ "type": "Feature", "properties": { "aaa": "Madre de Dios", "ala": "Tambopata - Inambari", "resolucion": "RD 0373-2019", "fecha": "02\/09\/2019", "archivo": "64-RD-0373-2019-04.pdf", "codlugarus": null, "lugaruso": "ESTANQUE QUISPE", "uso": "Acuícola", "clase": "Licencia", "volumen": 16320.0, "area": 0.0, "modulo": 0.0, "usuario": "QUISPE PUMA, NICOMEDES", "documento": "DNI: 24281652", "fuentetipo": null, "fuente": "Filtración QUISPE", "volumenfue": null, "cur": 2.0190373046404215e+19, "organizaci": null, "bloquecodi": null, "bloquenomb": null, "coordenada": null, "departamen": null, "provincia": "Tambopata", "distrito": "Inambari", "juntausuar": null, "comisionco": null, "fecharegis": null, "validado": "JUAN92_JS", "pozo": null, "codpozo": null, "numfila": 1, "datum": "WGS 84 (UTM)", "zona": 19, "este": 380353, "norte": 8573188, "unidadhidr": null, "areatotal": 0.0 }, "geometry": { "type": "Point", "coordinates": [ -70.102850908908906, -12.90431953143235 ] } },
{ "type": "Feature", "properties": { "aaa": "Madre de Dios", "ala": "Tambopata - Inambari", "resolucion": "RD 0374-2019", "fecha": "02\/09\/2019", "archivo": "64-RD-0374-2019-04.pdf", "codlugarus": null, "lugaruso": "ESTANQUE TUPA", "uso": "Acuícola", "clase": "Licencia", "volumen": 63940.0, "area": 0.0, "modulo": 0.0, "usuario": "TUPA LIMA, YRENE", "documento": "DNI: 04811701", "fuentetipo": null, "fuente": "Filtración TUPA", "volumenfue": null, "cur": 2.0190374046404162e+19, "organizaci": null, "bloquecodi": null, "bloquenomb": null, "coordenada": null, "departamen": null, "provincia": "Tambopata", "distrito": "Inambari", "juntausuar": null, "comisionco": null, "fecharegis": null, "validado": "JUAN92_JS", "pozo": null, "codpozo": null, "numfila": 1, "datum": "WGS 84 (UTM)", "zona": 19, "este": 379867, "norte": 8572746, "unidadhidr": null, "areatotal": 0.0 }, "geometry": { "type": "Point", "coordinates": [ -70.107347632363968, -12.90829676124952 ] } },
{ "type": "Feature", "properties": { "aaa": "Madre de Dios", "ala": "Tambopata - Inambari", "resolucion": "RD 0375-2019", "fecha": "02\/09\/2019", "archivo": "64-RD-0375-2019-04.pdf", "codlugarus": null, "lugaruso": "ESTANQUE CUITO", "uso": "Acuícola", "clase": "Licencia", "volumen": 38997.53, "area": 0.0, "modulo": 0.0, "usuario": "CUITO LAROTA, ERASMO", "documento": "DNI: 42315849", "fuentetipo": null, "fuente": "Manantial RIO Y SOL", "volumenfue": null, "cur": 2.01903750464041e+19, "organizaci": null, "bloquecodi": null, "bloquenomb": null, "coordenada": null, "departamen": null, "provincia": "Tambopata", "distrito": "Inambari", "juntausuar": null, "comisionco": null, "fecharegis": null, "validado": "JUAN92_JS", "pozo": null, "codpozo": null, "numfila": 1, "datum": "WGS 84 (UTM)", "zona": 19, "este": 408917, "norte": 8579971, "unidadhidr": null, "areatotal": 0.0 }, "geometry": { "type": "Point", "coordinates": [ -69.839380043572291, -12.84396660900312 ] } },
{ "type": "Feature", "properties": { "aaa": "Madre de Dios", "ala": "Tambopata - Inambari", "resolucion": "RD 0376-2019", "fecha": "02\/09\/2019", "archivo": "64-RD-0376-2019-04.pdf", "codlugarus": null, "lugaruso": "ESTANQUE", "uso": "Acuícola", "clase": "Licencia", "volumen": 9180.0, "area": 0.0, "modulo": 0.0, "usuario": "PACCO HUARCA, ELSA", "documento": "DNI: 46199614", "fuentetipo": null, "fuente": "Quebrada AGUA CRISTALINA", "volumenfue": null, "cur": 2.0190376046404096e+19, "organizaci": null, "bloquecodi": null, "bloquenomb": null, "coordenada": null, "departamen": null, "provincia": "Tambopata", "distrito": "Inambari", "juntausuar": null, "comisionco": null, "fecharegis": null, "validado": "JUAN92_JS", "pozo": null, "codpozo": null, "numfila": 1, "datum": "WGS 84 (UTM)", "zona": 19, "este": 408753, "norte": 8577569, "unidadhidr": null, "areatotal": 0.0 }, "geometry": { "type": "Point", "coordinates": [ -69.840963563395761, -12.865680268429699 ] } },
{ "type": "Feature", "properties": { "aaa": "Madre de Dios", "ala": "Tambopata - Inambari", "resolucion": "RD 0377-2019", "fecha": "02\/09\/2019", "archivo": "64-RD-0377-2019-04.pdf", "codlugarus": null, "lugaruso": "ESTANQUE MAQUERA", "uso": "Acuícola", "clase": "Licencia", "volumen": 6120.0, "area": 0.0, "modulo": 0.0, "usuario": "MAQUERA DE SANTILLANA, NELLY MAQUERA", "documento": "DNI: 42341914", "fuentetipo": null, "fuente": "Manantial VICTORIA", "volumenfue": null, "cur": 2.0190377046404121e+19, "organizaci": null, "bloquecodi": null, "bloquenomb": null, "coordenada": null, "departamen": null, "provincia": "Tambopata", "distrito": "Tambopata", "juntausuar": null, "comisionco": null, "fecharegis": null, "validado": "JUAN92_JS", "pozo": null, "codpozo": null, "numfila": 1, "datum": "WGS 84 (UTM)", "zona": 19, "este": 409077, "norte": 8579388, "unidadhidr": null, "areatotal": 0.0 }, "geometry": { "type": "Point", "coordinates": [ -69.837923136368687, -12.849242715111636 ] } },
{ "type": "Feature", "properties": { "aaa": "Madre de Dios", "ala": "Tambopata - Inambari", "resolucion": "RD 0378-2019", "fecha": "02\/09\/2019", "archivo": "64-RD-0378-2019-04.pdf", "codlugarus": null, "lugaruso": "ESTANQUE HUAMAN", "uso": "Acuícola", "clase": "Licencia", "volumen": 12960.0, "area": 0.0, "modulo": 0.0, "usuario": "HUAMAN HUILLCA, JOSEFINA", "documento": "DNI: 04826181", "fuentetipo": null, "fuente": "Quebrada HUAMAN", "volumenfue": null, "cur": 2.0190378046404202e+19, "organizaci": null, "bloquecodi": null, "bloquenomb": null, "coordenada": null, "departamen": null, "provincia": "Tambopata", "distrito": "Inambari", "juntausuar": null, "comisionco": null, "fecharegis": null, "validado": "JUAN92_JS", "pozo": null, "codpozo": null, "numfila": 1, "datum": "WGS 84 (UTM)", "zona": 19, "este": 368488, "norte": 8572005, "unidadhidr": null, "areatotal": 0.0 }, "geometry": { "type": "Point", "coordinates": [ -70.212252098758597, -12.914530697422665 ] } },
{ "type": "Feature", "properties": { "aaa": "Madre de Dios", "ala": "Tambopata - Inambari", "resolucion": "RD 0379-2019", "fecha": "02\/09\/2019", "archivo": "64-RD-0379-2019-04.pdf", "codlugarus": null, "lugaruso": "ESTANQUE FLOREZ", "uso": "Acuícola", "clase": "Licencia", "volumen": 54000.0, "area": 0.0, "modulo": 0.0, "usuario": "FLOREZ BEGAZO, MARIA MAGDALENA", "documento": "DNI: 04826310", "fuentetipo": null, "fuente": "Filtración FLORIDA ALTA 01", "volumenfue": null, "cur": 2.0190379046404125e+19, "organizaci": null, "bloquecodi": null, "bloquenomb": null, "coordenada": null, "departamen": null, "provincia": "Tambopata", "distrito": "Inambari", "juntausuar": null, "comisionco": null, "fecharegis": null, "validado": "JUAN92_JS", "pozo": null, "codpozo": null, "numfila": 1, "datum": "WGS 84 (UTM)", "zona": 19, "este": 432672, "norte": 8585488, "unidadhidr": null, "areatotal": 0.0 }, "geometry": { "type": "Point", "coordinates": [ -69.620353109061597, -12.794688538343435 ] } },
{ "type": "Feature", "properties": { "aaa": "Madre de Dios", "ala": "Tambopata - Inambari", "resolucion": "RD 0380-2019", "fecha": "02\/09\/2019", "archivo": "64-RD-0380-2019-04.pdf", "codlugarus": null, "lugaruso": "ESTANQUE PALOMINO", "uso": "Acuícola", "clase": "Licencia", "volumen": 14400.0, "area": 0.0, "modulo": 0.0, "usuario": "PALOMINO LOPEZ, ALFREDO", "documento": "DNI: 43061554", "fuentetipo": null, "fuente": "Filtración PAPILLON", "volumenfue": null, "cur": 2.0190380046404125e+19, "organizaci": null, "bloquecodi": null, "bloquenomb": null, "coordenada": null, "departamen": null, "provincia": "Tambopata", "distrito": "Inambari", "juntausuar": null, "comisionco": null, "fecharegis": null, "validado": "JUAN92_JS", "pozo": null, "codpozo": null, "numfila": 1, "datum": "WGS 84 (UTM)", "zona": 19, "este": 370820, "norte": 8578495, "unidadhidr": null, "areatotal": 0.0 }, "geometry": { "type": "Point", "coordinates": [ -70.190482283965636, -12.855954524952264 ] } },
{ "type": "Feature", "properties": { "aaa": "Madre de Dios", "ala": "Tambopata - Inambari", "resolucion": "RD 0413-2019", "fecha": "03\/09\/2019", "archivo": "64-RD-0413-2019-04.pdf", "codlugarus": null, "lugaruso": "ESTANQUE HUARCA", "uso": "Acuícola", "clase": "Licencia", "volumen": 6300.0, "area": 0.0, "modulo": 0.0, "usuario": "HUARCA MAMANI, MARCOSA", "documento": "DNI: 25212070", "fuentetipo": null, "fuente": "Filtración HUARCA", "volumenfue": null, "cur": 2.0190413046404215e+19, "organizaci": null, "bloquecodi": null, "bloquenomb": null, "coordenada": null, "departamen": null, "provincia": "Tambopata", "distrito": "Inambari", "juntausuar": null, "comisionco": null, "fecharegis": null, "validado": "JUAN92_JS", "pozo": null, "codpozo": null, "numfila": 1, "datum": "WGS 84 (UTM)", "zona": 19, "este": 409003, "norte": 8574758, "unidadhidr": null, "areatotal": 0.0 }, "geometry": { "type": "Point", "coordinates": [ -69.838744179975237, -12.891104220174896 ] } },
{ "type": "Feature", "properties": { "aaa": "Madre de Dios", "ala": "Tambopata - Inambari", "resolucion": "RD 0414-2019", "fecha": "04\/09\/2019", "archivo": "64-RD-0414-2019-04.pdf", "codlugarus": null, "lugaruso": "ESTANQUE CELESTINO", "uso": "Acuícola", "clase": "Licencia", "volumen": 9063.0, "area": 0.0, "modulo": 0.0, "usuario": "LARA SALON, CELESTINO NICOLAS", "documento": "DNI: 04802407", "fuentetipo": null, "fuente": "Filtración CELESTINO", "volumenfue": null, "cur": 2.0190414046404104e+19, "organizaci": null, "bloquecodi": null, "bloquenomb": null, "coordenada": null, "departamen": null, "provincia": "Tambopata", "distrito": "Inambari", "juntausuar": null, "comisionco": null, "fecharegis": null, "validado": "JUAN92_JS", "pozo": null, "codpozo": null, "numfila": 1, "datum": "WGS 84 (UTM)", "zona": 19, "este": 371878, "norte": 8571928, "unidadhidr": null, "areatotal": 0.0 }, "geometry": { "type": "Point", "coordinates": [ -70.181011741814217, -12.915369923522361 ] } },
{ "type": "Feature", "properties": { "aaa": "Madre de Dios", "ala": "Tambopata - Inambari", "resolucion": "RD 0415-2019", "fecha": "04\/09\/2019", "archivo": "64-RD-0415-2019-04.pdf", "codlugarus": null, "lugaruso": "ESTANQUE JUAN PABLO", "uso": "Acuícola", "clase": "Licencia", "volumen": 9877.5, "area": 0.0, "modulo": 0.0, "usuario": "GORDILLO ARIAS, JUAN PABLO", "documento": "DNI: 04808655", "fuentetipo": null, "fuente": "Filtración JUAN PABLO", "volumenfue": null, "cur": 2.0190415046404162e+19, "organizaci": null, "bloquecodi": null, "bloquenomb": null, "coordenada": null, "departamen": null, "provincia": "Tambopata", "distrito": "Inambari", "juntausuar": null, "comisionco": null, "fecharegis": null, "validado": "JUAN92_JS", "pozo": null, "codpozo": null, "numfila": 1, "datum": "WGS 84 (UTM)", "zona": 19, "este": 366959, "norte": 8571868, "unidadhidr": null, "areatotal": 0.0 }, "geometry": { "type": "Point", "coordinates": [ -70.226349905540076, -12.915703516177913 ] } },
{ "type": "Feature", "properties": { "aaa": "Madre de Dios", "ala": "Tambopata - Inambari", "resolucion": "RD 0416-2019", "fecha": "04\/09\/2019", "archivo": "64-RD-0416-2019-04.pdf", "codlugarus": null, "lugaruso": "ESTANQUE GUERRA", "uso": "Acuícola", "clase": "Licencia", "volumen": 19800.0, "area": 0.0, "modulo": 0.0, "usuario": "GUERRA PANDURO, GABRIELA VERONICA", "documento": "DNI: 46834504", "fuentetipo": null, "fuente": "Quebrada UNION PROGRESO", "volumenfue": null, "cur": 2.0190416046404207e+19, "organizaci": null, "bloquecodi": null, "bloquenomb": null, "coordenada": null, "departamen": null, "provincia": "Tambopata", "distrito": "Tambopata", "juntausuar": null, "comisionco": null, "fecharegis": null, "validado": "JUAN92_JS", "pozo": null, "codpozo": null, "numfila": 1, "datum": "WGS 84 (UTM)", "zona": 19, "este": 411051, "norte": 8576491, "unidadhidr": null, "areatotal": 0.0 }, "geometry": { "type": "Point", "coordinates": [ -69.819817620529903, -12.875494466961067 ] } },
{ "type": "Feature", "properties": { "aaa": "Madre de Dios", "ala": "Tambopata - Inambari", "resolucion": "RD 0417-2019", "fecha": "04\/09\/2019", "archivo": "64-RD-0417-2019-04.pdf", "codlugarus": null, "lugaruso": "ESTANQUE FLORES", "uso": "Acuícola", "clase": "Licencia", "volumen": 31680.0, "area": 0.0, "modulo": 0.0, "usuario": "GLOBAL INVERSIONES DE PRODUCTOS Y SERVICIOS ALIMENTARIOS S.R.L.", "documento": "RUC: 20601816076", "fuentetipo": null, "fuente": "Filtración FLORES", "volumenfue": null, "cur": 2.0190417046404121e+19, "organizaci": null, "bloquecodi": null, "bloquenomb": null, "coordenada": null, "departamen": null, "provincia": "Tambopata", "distrito": "Inambari", "juntausuar": null, "comisionco": null, "fecharegis": null, "validado": "JUAN92_JS", "pozo": null, "codpozo": null, "numfila": 1, "datum": "WGS 84 (UTM)", "zona": 19, "este": 383068, "norte": 8573867, "unidadhidr": null, "areatotal": 0.0 }, "geometry": { "type": "Point", "coordinates": [ -70.077802156699235, -12.898284906291979 ] } },
{ "type": "Feature", "properties": { "aaa": "Madre de Dios", "ala": "Tambopata - Inambari", "resolucion": "RD 0418-2019", "fecha": "04\/09\/2019", "archivo": "64-RD-0418-2019-04.pdf", "codlugarus": null, "lugaruso": "ESTANQUE CELSO", "uso": "Acuícola", "clase": "Licencia", "volumen": 28160.0, "area": 0.0, "modulo": 0.0, "usuario": "FLOREZ APAZA, CELSO", "documento": "DNI: 42341906", "fuentetipo": null, "fuente": "Filtración SALVACION -CELSO", "volumenfue": null, "cur": 2.0190418046404211e+19, "organizaci": null, "bloquecodi": null, "bloquenomb": null, "coordenada": null, "departamen": null, "provincia": "Tambopata", "distrito": "Inambari", "juntausuar": null, "comisionco": null, "fecharegis": null, "validado": "JUAN92_JS", "pozo": null, "codpozo": null, "numfila": 1, "datum": "WGS 84 (UTM)", "zona": 19, "este": 383049, "norte": 8573904, "unidadhidr": null, "areatotal": 0.0 }, "geometry": { "type": "Point", "coordinates": [ -70.077975832109132, -12.897949661265706 ] } },
{ "type": "Feature", "properties": { "aaa": "Madre de Dios", "ala": "Tambopata - Inambari", "resolucion": "RD 0419-2019", "fecha": "04\/09\/2019", "archivo": "64-RD-0419-2019-04.pdf", "codlugarus": null, "lugaruso": "ESTANQUE SOTELDO", "uso": "Acuícola", "clase": "Licencia", "volumen": 71900.0, "area": 0.0, "modulo": 0.0, "usuario": "BARRIENTOS ORTIZ, NEMESIO DARIO", "documento": "DNI: 04803709", "fuentetipo": null, "fuente": "Filtración SOTELO", "volumenfue": null, "cur": 2.0190419046404182e+19, "organizaci": null, "bloquecodi": null, "bloquenomb": null, "coordenada": null, "departamen": null, "provincia": "Tambopata", "distrito": "Inambari", "juntausuar": null, "comisionco": null, "fecharegis": null, "validado": "JUAN92_JS", "pozo": null, "codpozo": null, "numfila": 1, "datum": "WGS 84 (UTM)", "zona": 19, "este": 380921, "norte": 8573609, "unidadhidr": null, "areatotal": 0.0 }, "geometry": { "type": "Point", "coordinates": [ -70.097599425314129, -12.900535247265356 ] } },
{ "type": "Feature", "properties": { "aaa": "Madre de Dios", "ala": "Tambopata - Inambari", "resolucion": "RD 0420-2019", "fecha": "04\/09\/2019", "archivo": "64-RD-0420-2019-04.pdf", "codlugarus": null, "lugaruso": "ESTANQUE HUILLCA", "uso": "Acuícola", "clase": "Licencia", "volumen": 16200.0, "area": 0.0, "modulo": 0.0, "usuario": "HUILLCA PAÑO, COSTANTINO", "documento": "DNI: 07436823", "fuentetipo": null, "fuente": "Filtración HUILLCA", "volumenfue": null, "cur": 2.0190420046404182e+19, "organizaci": null, "bloquecodi": null, "bloquenomb": null, "coordenada": null, "departamen": null, "provincia": "Tambopata", "distrito": "Inambari", "juntausuar": null, "comisionco": null, "fecharegis": null, "validado": "JUAN92_JS", "pozo": null, "codpozo": null, "numfila": 1, "datum": "WGS 84 (UTM)", "zona": 19, "este": 406911, "norte": 8575202, "unidadhidr": null, "areatotal": 0.0 }, "geometry": { "type": "Point", "coordinates": [ -69.858011539528405, -12.887027182078048 ] } },
{ "type": "Feature", "properties": { "aaa": "Madre de Dios", "ala": "Tambopata - Inambari", "resolucion": "RD 0422-2019", "fecha": "04\/09\/2019", "archivo": "64-RD-0422-2019-04.pdf", "codlugarus": null, "lugaruso": "ESTANQUE QUECAÑO", "uso": "Acuícola", "clase": "Licencia", "volumen": 9432.0, "area": 0.0, "modulo": 0.0, "usuario": "QUECAÑO QUISPE, JUANA", "documento": "DNI: 04814793", "fuentetipo": null, "fuente": "Filtración QUECAÑO", "volumenfue": null, "cur": 2.0190422046404125e+19, "organizaci": null, "bloquecodi": null, "bloquenomb": null, "coordenada": null, "departamen": null, "provincia": "Tambopata", "distrito": "Inambari", "juntausuar": null, "comisionco": null, "fecharegis": null, "validado": "JUAN92_JS", "pozo": null, "codpozo": null, "numfila": 1, "datum": "WGS 84 (UTM)", "zona": 19, "este": 380430, "norte": 8573040, "unidadhidr": null, "areatotal": 0.0 }, "geometry": { "type": "Point", "coordinates": [ -70.102147111549996, -12.905660606115838 ] } },
{ "type": "Feature", "properties": { "aaa": "Madre de Dios", "ala": "Tambopata - Inambari", "resolucion": "RD 0423-2019", "fecha": "04\/09\/2019", "archivo": "64-RD-0423-2019-04.pdf", "codlugarus": null, "lugaruso": "ESTANQUE LLALLERCO", "uso": "Acuícola", "clase": "Licencia", "volumen": 21600.0, "area": 0.0, "modulo": 0.0, "usuario": "PAPILLALLERCO PEÑA, JOSE", "documento": "DNI: 04803544", "fuentetipo": null, "fuente": "Filtración LLALLERCO", "volumenfue": null, "cur": 2.0190423046404194e+19, "organizaci": null, "bloquecodi": null, "bloquenomb": null, "coordenada": null, "departamen": null, "provincia": "Tambopata", "distrito": "Inambari", "juntausuar": null, "comisionco": null, "fecharegis": null, "validado": "JUAN92_JS", "pozo": null, "codpozo": null, "numfila": 1, "datum": "WGS 84 (UTM)", "zona": 19, "este": 409685, "norte": 8574884, "unidadhidr": null, "areatotal": 0.0 }, "geometry": { "type": "Point", "coordinates": [ -69.832454704332591, -12.889985014603264 ] } },
{ "type": "Feature", "properties": { "aaa": "Madre de Dios", "ala": "Tambopata - Inambari", "resolucion": "RD 0424-2019", "fecha": "04\/09\/2019", "archivo": "64-RD-0424-2019-03.pdf", "codlugarus": null, "lugaruso": "ESTANQUE SONCCO", "uso": "Acuícola", "clase": "Licencia", "volumen": 4320.0, "area": 0.0, "modulo": 0.0, "usuario": "SONCCA MAMANI, VICTORIANO", "documento": "DNI: 25202005", "fuentetipo": null, "fuente": "Filtración SONCCO", "volumenfue": null, "cur": 2.0190424046404112e+19, "organizaci": null, "bloquecodi": null, "bloquenomb": null, "coordenada": null, "departamen": null, "provincia": "Tambopata", "distrito": "Inambari", "juntausuar": null, "comisionco": null, "fecharegis": null, "validado": "JUAN92_JS", "pozo": null, "codpozo": null, "numfila": 1, "datum": "WGS 84 (UTM)", "zona": 19, "este": 381245, "norte": 8573703, "unidadhidr": null, "areatotal": 0.0 }, "geometry": { "type": "Point", "coordinates": [ -70.094609674677429, -12.899697894427833 ] } },
{ "type": "Feature", "properties": { "aaa": "Madre de Dios", "ala": "Tambopata - Inambari", "resolucion": "RD 0425-2019", "fecha": "04\/09\/2019", "archivo": "64-RD-0425-2019-04.pdf", "codlugarus": null, "lugaruso": "ESTANQUE CHAMBI", "uso": "Acuícola", "clase": "Licencia", "volumen": 2430.0, "area": 0.0, "modulo": 0.0, "usuario": "CHAMBI CHIPANA, JUSTINA", "documento": "DNI: 04826161", "fuentetipo": null, "fuente": "Filtración CHAMBI", "volumenfue": null, "cur": 2.0190425046404194e+19, "organizaci": null, "bloquecodi": null, "bloquenomb": null, "coordenada": null, "departamen": null, "provincia": "Tambopata", "distrito": "Inambari", "juntausuar": null, "comisionco": null, "fecharegis": null, "validado": "JUAN92_JS", "pozo": null, "codpozo": null, "numfila": 1, "datum": "WGS 84 (UTM)", "zona": 19, "este": 376133, "norte": 8572195, "unidadhidr": null, "areatotal": 0.0 }, "geometry": { "type": "Point", "coordinates": [ -70.141784327291006, -12.913130299915183 ] } },
{ "type": "Feature", "properties": { "aaa": "Madre de Dios", "ala": "Tambopata - Inambari", "resolucion": "RD 0426-2019", "fecha": "05\/09\/2019", "archivo": "64-RD-0426-2019-06.pdf", "codlugarus": null, "lugaruso": "ESTANQUE HUAYLLASI", "uso": "Acuícola", "clase": "Licencia", "volumen": 14400.0, "area": 0.0, "modulo": 0.0, "usuario": "HUAYLLASI VALDIVIA, BENITO", "documento": "DNI: 04808652", "fuentetipo": null, "fuente": "Filtración HUAYLLASI", "volumenfue": null, "cur": 2.0190426046404202e+19, "organizaci": null, "bloquecodi": null, "bloquenomb": null, "coordenada": null, "departamen": null, "provincia": "Tambopata", "distrito": "Inambari", "juntausuar": null, "comisionco": null, "fecharegis": null, "validado": "JUAN92_JS", "pozo": null, "codpozo": null, "numfila": 1, "datum": "WGS 84 (UTM)", "zona": 19, "este": 368577, "norte": 8571793, "unidadhidr": null, "areatotal": 0.0 }, "geometry": { "type": "Point", "coordinates": [ -70.211441078339973, -12.916451138836594 ] } },
{ "type": "Feature", "properties": { "aaa": "Madre de Dios", "ala": "Tambopata - Inambari", "resolucion": "RD 0427-2019", "fecha": "05\/09\/2019", "archivo": "64-RD-0427-2019-04.pdf", "codlugarus": null, "lugaruso": "ESTANQUE CARRION", "uso": "Acuícola", "clase": "Licencia", "volumen": 9072.0, "area": 0.0, "modulo": 0.0, "usuario": "CARRION HUISA, ELSA", "documento": "DNI: 31022398", "fuentetipo": null, "fuente": "Filtración CARRION", "volumenfue": null, "cur": 2.0190427046404149e+19, "organizaci": null, "bloquecodi": null, "bloquenomb": null, "coordenada": null, "departamen": null, "provincia": "Tambopata", "distrito": "Inambari", "juntausuar": null, "comisionco": null, "fecharegis": null, "validado": "JUAN92_JS", "pozo": null, "codpozo": null, "numfila": 1, "datum": "WGS 84 (UTM)", "zona": 19, "este": 373585, "norte": 8572200, "unidadhidr": null, "areatotal": 0.0 }, "geometry": { "type": "Point", "coordinates": [ -70.165267750637909, -12.912981437737558 ] } },
{ "type": "Feature", "properties": { "aaa": "Madre de Dios", "ala": "Tambopata - Inambari", "resolucion": "RD 0428-2019", "fecha": "05\/09\/2019", "archivo": "64-RD-0428-2019-04.pdf", "codlugarus": null, "lugaruso": "ESTANQUE RIVAS", "uso": "Acuícola", "clase": "Licencia", "volumen": 8100.0, "area": 0.0, "modulo": 0.0, "usuario": "RIVAS CORRALES, MOISES JUVENAL", "documento": "DNI: 04808398", "fuentetipo": null, "fuente": "Filtración RIVAS CORRALES", "volumenfue": null, "cur": 2.0190428046404153e+19, "organizaci": null, "bloquecodi": null, "bloquenomb": null, "coordenada": null, "departamen": null, "provincia": "Tambopata", "distrito": "Inambari", "juntausuar": null, "comisionco": null, "fecharegis": null, "validado": "JUAN92_JS", "pozo": null, "codpozo": null, "numfila": 1, "datum": "WGS 84 (UTM)", "zona": 19, "este": 364939, "norte": 8572246, "unidadhidr": null, "areatotal": 0.0 }, "geometry": { "type": "Point", "coordinates": [ -70.244949939585993, -12.912198113298524 ] } },
{ "type": "Feature", "properties": { "aaa": "Madre de Dios", "ala": "Tambopata - Inambari", "resolucion": "RD 0429-2019", "fecha": "05\/09\/2019", "archivo": "64-RD-0429-2019-04.pdf", "codlugarus": null, "lugaruso": "ESTANQUE FERNANDEZ", "uso": "Acuícola", "clase": "Licencia", "volumen": 61440.0, "area": 0.0, "modulo": 0.0, "usuario": "FERNANDEZ SALAZAR, SALOME", "documento": "DNI: 25216556", "fuentetipo": null, "fuente": "Manantial Inambarino", "volumenfue": null, "cur": 2.0190429046404096e+19, "organizaci": null, "bloquecodi": null, "bloquenomb": null, "coordenada": null, "departamen": null, "provincia": "Tambopata", "distrito": "Laberinto", "juntausuar": null, "comisionco": null, "fecharegis": null, "validado": "JUAN92_JS", "pozo": null, "codpozo": null, "numfila": 1, "datum": "WGS 84 (UTM)", "zona": 19, "este": 425306, "norte": 8578760, "unidadhidr": null, "areatotal": 0.0 }, "geometry": { "type": "Point", "coordinates": [ -69.68838470752614, -12.855355887300366 ] } },
{ "type": "Feature", "properties": { "aaa": "Madre de Dios", "ala": "Tambopata - Inambari", "resolucion": "RD 0440-2019", "fecha": "09\/09\/2019", "archivo": "64-RD-0440-2019-04.pdf", "codlugarus": null, "lugaruso": "ESTANQUE  CASCAMAYTA", "uso": "Acuícola", "clase": "Licencia", "volumen": 150202.5, "area": 0.0, "modulo": 0.0, "usuario": "CASCAMAYTA PARI, JESUS", "documento": "DNI: 80016363", "fuentetipo": null, "fuente": "Filtración CASCAMAYTA", "volumenfue": null, "cur": 2.0190440046404215e+19, "organizaci": null, "bloquecodi": null, "bloquenomb": null, "coordenada": null, "departamen": null, "provincia": "Tambopata", "distrito": "Inambari", "juntausuar": null, "comisionco": null, "fecharegis": null, "validado": "JUAN92_JS", "pozo": null, "codpozo": null, "numfila": 1, "datum": "WGS 84 (UTM)", "zona": 19, "este": 380138, "norte": 8573071, "unidadhidr": null, "areatotal": 0.0 }, "geometry": { "type": "Point", "coordinates": [ -70.104837065051157, -12.905368974759918 ] } },
{ "type": "Feature", "properties": { "aaa": "Madre de Dios", "ala": "Tambopata - Inambari", "resolucion": "RD 0441-2019", "fecha": "09\/09\/2019", "archivo": "64-RD-0441-2019-04.pdf", "codlugarus": null, "lugaruso": "ESTANQUE CAYO", "uso": "Acuícola", "clase": "Licencia", "volumen": 19200.0, "area": 0.0, "modulo": 0.0, "usuario": "CAYO YAPURA, EDWIN DONATO", "documento": "DNI: 43141965", "fuentetipo": null, "fuente": "Filtración CAYO", "volumenfue": null, "cur": 2.0190441046404186e+19, "organizaci": null, "bloquecodi": null, "bloquenomb": null, "coordenada": null, "departamen": null, "provincia": "Tambopata", "distrito": "Inambari", "juntausuar": null, "comisionco": null, "fecharegis": null, "validado": "JUAN92_JS", "pozo": null, "codpozo": null, "numfila": 1, "datum": "WGS 84 (UTM)", "zona": 19, "este": 371146, "norte": 8576248, "unidadhidr": null, "areatotal": 0.0 }, "geometry": { "type": "Point", "coordinates": [ -70.187573998171118, -12.876282937520857 ] } },
{ "type": "Feature", "properties": { "aaa": "Madre de Dios", "ala": "Tambopata - Inambari", "resolucion": "RD 0442-2019", "fecha": "09\/09\/2019", "archivo": "64-RD-0442-2019-04.pdf", "codlugarus": null, "lugaruso": "ESTANQUE MAMANI", "uso": "Acuícola", "clase": "Licencia", "volumen": 35700.0, "area": 0.0, "modulo": 0.0, "usuario": "MAMANI MENDOZA, VICENTE", "documento": "DNI: 04963663", "fuentetipo": null, "fuente": "Quebrada VICENTE MAMANI", "volumenfue": null, "cur": 2.0190442046404207e+19, "organizaci": null, "bloquecodi": null, "bloquenomb": null, "coordenada": null, "departamen": null, "provincia": "Tambopata", "distrito": "Inambari", "juntausuar": null, "comisionco": null, "fecharegis": null, "validado": "JUAN92_JS", "pozo": null, "codpozo": null, "numfila": 1, "datum": "WGS 84 (UTM)", "zona": 19, "este": 369888, "norte": 8571799, "unidadhidr": null, "areatotal": 0.0 }, "geometry": { "type": "Point", "coordinates": [ -70.199358055923355, -12.916452640712652 ] } },
{ "type": "Feature", "properties": { "aaa": "Madre de Dios", "ala": "Tambopata - Inambari", "resolucion": "RD 0443-2019", "fecha": "09\/09\/2019", "archivo": "64-RD-0443-2019-04.pdf", "codlugarus": null, "lugaruso": "ESTANQUE OLIVERA", "uso": "Acuícola", "clase": "Licencia", "volumen": 19440.0, "area": 0.0, "modulo": 0.0, "usuario": "OLIVERA YUCA, LIZBET ROSMERY", "documento": "DNI: 43907298", "fuentetipo": null, "fuente": "Manantial TAPIA", "volumenfue": null, "cur": 2.01904430464041e+19, "organizaci": null, "bloquecodi": null, "bloquenomb": null, "coordenada": null, "departamen": null, "provincia": "Tambopata", "distrito": "Inambari", "juntausuar": null, "comisionco": null, "fecharegis": null, "validado": "JUAN92_JS", "pozo": null, "codpozo": null, "numfila": 1, "datum": "WGS 84 (UTM)", "zona": 19, "este": 352180, "norte": 8553100, "unidadhidr": null, "areatotal": 0.0 }, "geometry": { "type": "Point", "coordinates": [ -70.363480587979893, -13.084694116433473 ] } },
{ "type": "Feature", "properties": { "aaa": "Madre de Dios", "ala": "Tambopata - Inambari", "resolucion": "RD 0444-2019", "fecha": "09\/09\/2019", "archivo": "64-RD-0444-2019-06.pdf", "codlugarus": null, "lugaruso": "ESTANQUE TICONA", "uso": "Acuícola", "clase": "Licencia", "volumen": 20400.0, "area": 0.0, "modulo": 0.0, "usuario": "TICONA GOMEZ, PATRICIO", "documento": "DNI: 00413393", "fuentetipo": null, "fuente": "Quebrada CUENQUEME", "volumenfue": null, "cur": 2.0190444046404202e+19, "organizaci": null, "bloquecodi": null, "bloquenomb": null, "coordenada": null, "departamen": null, "provincia": "Tambopata", "distrito": "Inambari", "juntausuar": null, "comisionco": null, "fecharegis": null, "validado": "JUAN92_JS", "pozo": null, "codpozo": null, "numfila": 1, "datum": "WGS 84 (UTM)", "zona": 19, "este": 354536, "norte": 8558501, "unidadhidr": null, "areatotal": 0.0 }, "geometry": { "type": "Point", "coordinates": [ -70.341489671036797, -13.035981953044773 ] } },
{ "type": "Feature", "properties": { "aaa": "Madre de Dios", "ala": "Tambopata - Inambari", "resolucion": "RD 0445-2019", "fecha": "09\/09\/2019", "archivo": "64-RD-0445-2019-04.pdf", "codlugarus": null, "lugaruso": "ESTANQUE CHILO APAZA", "uso": "Acuícola", "clase": "Licencia", "volumen": 25500.0, "area": 0.0, "modulo": 0.0, "usuario": "CHILO APAZA, JUAN PABLO", "documento": "DNI: 04819295", "fuentetipo": null, "fuente": "Manantial DOLORES PATA", "volumenfue": null, "cur": 2.01904450464041e+19, "organizaci": null, "bloquecodi": null, "bloquenomb": null, "coordenada": null, "departamen": null, "provincia": "Tambopata", "distrito": "Inambari", "juntausuar": null, "comisionco": null, "fecharegis": null, "validado": "JUAN92_JS", "pozo": null, "codpozo": null, "numfila": 1, "datum": "WGS 84 (UTM)", "zona": 19, "este": 353724, "norte": 8559085, "unidadhidr": null, "areatotal": 0.0 }, "geometry": { "type": "Point", "coordinates": [ -70.34894799673468, -13.03066360968773 ] } },
{ "type": "Feature", "properties": { "aaa": "Madre de Dios", "ala": "Tambopata - Inambari", "resolucion": "RD 0446-2019", "fecha": "09\/09\/2019", "archivo": "64-RD-0446-2019-04.pdf", "codlugarus": null, "lugaruso": "ESTANQUE QUISPE", "uso": "Acuícola", "clase": "Licencia", "volumen": 40800.0, "area": 0.0, "modulo": 0.0, "usuario": "QUISPE CHILO, CARMEN", "documento": "DNI: 47945921", "fuentetipo": null, "fuente": "Quebrada CUENQUEME", "volumenfue": null, "cur": 2.01904460464041e+19, "organizaci": null, "bloquecodi": null, "bloquenomb": null, "coordenada": null, "departamen": null, "provincia": "Tambopata", "distrito": "Inambari", "juntausuar": null, "comisionco": null, "fecharegis": null, "validado": "JUAN92_JS", "pozo": null, "codpozo": null, "numfila": 1, "datum": "WGS 84 (UTM)", "zona": 19, "este": 354015, "norte": 8558399, "unidadhidr": null, "areatotal": 0.0 }, "geometry": { "type": "Point", "coordinates": [ -70.346298459818883, -13.036879128133629 ] } },
{ "type": "Feature", "properties": { "aaa": "Madre de Dios", "ala": "Tambopata - Inambari", "resolucion": "RD 0447-2019", "fecha": "09\/09\/2019", "archivo": "64-RD-0447-2019-04.pdf", "codlugarus": null, "lugaruso": "ESTANQUE TICONA", "uso": "Acuícola", "clase": "Licencia", "volumen": 14280.0, "area": 0.0, "modulo": 0.0, "usuario": "TICONA TICONA, JULIO CESAR", "documento": "DNI: 01891884", "fuentetipo": null, "fuente": "Quebrada BUENQUEME", "volumenfue": null, "cur": 2.0190447046404104e+19, "organizaci": null, "bloquecodi": null, "bloquenomb": null, "coordenada": null, "departamen": null, "provincia": "Tambopata", "distrito": "Inambari", "juntausuar": null, "comisionco": null, "fecharegis": null, "validado": "JUAN92_JS", "pozo": null, "codpozo": null, "numfila": 1, "datum": "WGS 84 (UTM)", "zona": 19, "este": 354428, "norte": 8558549, "unidadhidr": null, "areatotal": 0.0 }, "geometry": { "type": "Point", "coordinates": [ -70.342483130336333, -13.035542864571159 ] } },
{ "type": "Feature", "properties": { "aaa": "Madre de Dios", "ala": "Tambopata - Inambari", "resolucion": "RD 0503-2019", "fecha": "24\/09\/2019", "archivo": "64-RD-0503-2019-04.pdf", "codlugarus": null, "lugaruso": "ESTANQUE  VALDERRAMA", "uso": "Acuícola", "clase": "Licencia", "volumen": 64800.0, "area": 0.0, "modulo": 0.0, "usuario": "VALDERRAMA ARIRAMA, DANIEL", "documento": "DNI: 05702063", "fuentetipo": null, "fuente": "Filtración VALDERRAMA ARIRAMA", "volumenfue": null, "cur": 2.0190503046404121e+19, "organizaci": null, "bloquecodi": null, "bloquenomb": null, "coordenada": null, "departamen": null, "provincia": "Tambopata", "distrito": "Inambari", "juntausuar": null, "comisionco": null, "fecharegis": null, "validado": "JUAN92_JS", "pozo": null, "codpozo": null, "numfila": 1, "datum": "WGS 84 (UTM)", "zona": 19, "este": 359030, "norte": 8571475, "unidadhidr": null, "areatotal": 0.0 }, "geometry": { "type": "Point", "coordinates": [ -70.299443618979922, -12.918903196993362 ] } },
{ "type": "Feature", "properties": { "aaa": "Madre de Dios", "ala": "Tambopata - Inambari", "resolucion": "RD 0504-2019", "fecha": "24\/09\/2019", "archivo": "64-RD-0504-2019-04.pdf", "codlugarus": null, "lugaruso": "ESTANQUE", "uso": "Acuícola", "clase": "Licencia", "volumen": 238206.65, "area": 0.0, "modulo": 0.0, "usuario": "NINA HIGUALLANCA, JUSTINA", "documento": "DNI: 80659680", "fuentetipo": null, "fuente": "Manantial DOS DE MAYO", "volumenfue": null, "cur": 2.0190504046404121e+19, "organizaci": null, "bloquecodi": null, "bloquenomb": null, "coordenada": null, "departamen": null, "provincia": "Tambopata", "distrito": "Inambari", "juntausuar": null, "comisionco": null, "fecharegis": null, "validado": "JUAN92_JS", "pozo": null, "codpozo": null, "numfila": 1, "datum": "WGS 84 (UTM)", "zona": 19, "este": 355031, "norte": 8553929, "unidadhidr": null, "areatotal": 0.0 }, "geometry": { "type": "Point", "coordinates": [ -70.337147886394519, -13.077337346438238 ] } },
{ "type": "Feature", "properties": { "aaa": "Madre de Dios", "ala": "Tambopata - Inambari", "resolucion": "RD 0505-2019", "fecha": "24\/09\/2019", "archivo": "64-RD-0505-2019-04.pdf", "codlugarus": null, "lugaruso": "ESTANQUES LASTEROS", "uso": "Acuícola", "clase": "Licencia", "volumen": 20423.75, "area": 0.0, "modulo": 0.0, "usuario": "ISIDRO LASTEROS HUALLPA", "documento": "DNI: 04808034", "fuentetipo": null, "fuente": "Filtración PERLA PAMPA", "volumenfue": null, "cur": 2.0190505046404116e+19, "organizaci": null, "bloquecodi": null, "bloquenomb": null, "coordenada": null, "departamen": null, "provincia": "Tambopata", "distrito": "Inambari", "juntausuar": null, "comisionco": null, "fecharegis": null, "validado": "JUAN92_JS", "pozo": null, "codpozo": null, "numfila": 1, "datum": "WGS 84 (UTM)", "zona": 19, "este": 351459, "norte": 8549718, "unidadhidr": null, "areatotal": 0.0 }, "geometry": { "type": "Point", "coordinates": [ -70.370298797354948, -13.115232343814437 ] } },
{ "type": "Feature", "properties": { "aaa": "Madre de Dios", "ala": "Tambopata - Inambari", "resolucion": "RD 0506-2019", "fecha": "24\/09\/2019", "archivo": "64-RD-0506-2019-04.pdf", "codlugarus": null, "lugaruso": "ESTANQUE GRANDEZ", "uso": "Acuícola", "clase": "Licencia", "volumen": 156805.1, "area": 0.0, "modulo": 0.0, "usuario": "GRANDEZ MELENDEZ, HOMAR", "documento": "DNI: 33959141", "fuentetipo": null, "fuente": "Quebrada GRÁNDEZ", "volumenfue": null, "cur": 2.0190506046404116e+19, "organizaci": null, "bloquecodi": null, "bloquenomb": null, "coordenada": null, "departamen": null, "provincia": "Tambopata", "distrito": "Inambari", "juntausuar": null, "comisionco": null, "fecharegis": null, "validado": "JUAN92_JS", "pozo": null, "codpozo": null, "numfila": 1, "datum": "WGS 84 (UTM)", "zona": 19, "este": 411472, "norte": 8576743, "unidadhidr": null, "areatotal": 0.0 }, "geometry": { "type": "Point", "coordinates": [ -69.815930291238814, -12.873228022111093 ] } },
{ "type": "Feature", "properties": { "aaa": "Madre de Dios", "ala": "Tambopata - Inambari", "resolucion": "RD 0507-2019", "fecha": "24\/09\/2019", "archivo": "64-RD-0507-2019-04.pdf", "codlugarus": null, "lugaruso": "ESTANQUE ROSENDO", "uso": "Acuícola", "clase": "Licencia", "volumen": 37346.0, "area": 0.0, "modulo": 0.0, "usuario": "ROJAS AVALOS, ROSENDO", "documento": "DNI: 04808150", "fuentetipo": null, "fuente": "Manantial ROSENDO", "volumenfue": null, "cur": 2.0190507046404112e+19, "organizaci": null, "bloquecodi": null, "bloquenomb": null, "coordenada": null, "departamen": null, "provincia": "Tambopata", "distrito": "Inambari", "juntausuar": null, "comisionco": null, "fecharegis": null, "validado": "JUAN92_JS", "pozo": null, "codpozo": null, "numfila": 1, "datum": "WGS 84 (UTM)", "zona": 19, "este": 349845, "norte": 8550791, "unidadhidr": null, "areatotal": 0.0 }, "geometry": { "type": "Point", "coordinates": [ -70.385130705468015, -13.10545281758357 ] } },
{ "type": "Feature", "properties": { "aaa": "Madre de Dios", "ala": "Tambopata - Inambari", "resolucion": "RD 0508-2019", "fecha": "24\/09\/2019", "archivo": "64-RD-0508-2019-04.pdf", "codlugarus": null, "lugaruso": "ESTANQUE CHOQUEGONZA", "uso": "Acuícola", "clase": "Licencia", "volumen": 19440.0, "area": 0.0, "modulo": 0.0, "usuario": "CHOQUEGONZA MAMANI, AMALIA", "documento": "DNI: 40569177", "fuentetipo": null, "fuente": "Quebrada CHOQUEGONZA", "volumenfue": null, "cur": 2.0190508046404202e+19, "organizaci": null, "bloquecodi": null, "bloquenomb": null, "coordenada": null, "departamen": null, "provincia": "Tambopata", "distrito": "Laberinto", "juntausuar": null, "comisionco": null, "fecharegis": null, "validado": "JUAN92_JS", "pozo": null, "codpozo": null, "numfila": 1, "datum": "WGS 84 (UTM)", "zona": 19, "este": 434204, "norte": 8586706, "unidadhidr": null, "areatotal": 0.0 }, "geometry": { "type": "Point", "coordinates": [ -69.606211699948076, -12.783707791853029 ] } },
{ "type": "Feature", "properties": { "aaa": "Madre de Dios", "ala": "Tambopata - Inambari", "resolucion": "RD 0517-2019", "fecha": "02\/10\/2019", "archivo": "64-RD-0517-2019-04.pdf", "codlugarus": null, "lugaruso": "ESTANQUE HUARACA", "uso": "Acuícola", "clase": "Licencia", "volumen": 38400.0, "area": 0.0, "modulo": 0.0, "usuario": "HUARACA CONDORI, VANEZA JUSTINA", "documento": "DNI: 43624457", "fuentetipo": null, "fuente": "Manantial VANEZA HUARACA", "volumenfue": null, "cur": 2.01905170464041e+19, "organizaci": null, "bloquecodi": null, "bloquenomb": null, "coordenada": null, "departamen": null, "provincia": "Tambopata", "distrito": "Inambari", "juntausuar": null, "comisionco": null, "fecharegis": null, "validado": "JUAN92_JS", "pozo": null, "codpozo": null, "numfila": 1, "datum": "WGS 84 (UTM)", "zona": 19, "este": 353774, "norte": 8560180, "unidadhidr": null, "areatotal": 0.0 }, "geometry": { "type": "Point", "coordinates": [ -70.348433426081101, -13.020767012645644 ] } },
{ "type": "Feature", "properties": { "aaa": "Madre de Dios", "ala": "Tambopata - Inambari", "resolucion": "RD 0518-2019", "fecha": "02\/10\/2019", "archivo": "64-RD-0518-2019-04.pdf", "codlugarus": null, "lugaruso": "ESTANQUE MENDOZA", "uso": "Acuícola", "clase": "Licencia", "volumen": 24000.0, "area": 0.0, "modulo": 0.0, "usuario": "MENDOZA TICONA, LEONCIO DAVID", "documento": "DNI: 04805429", "fuentetipo": null, "fuente": "Quebrada SANTA ÍNES", "volumenfue": null, "cur": 2.0190518046404202e+19, "organizaci": null, "bloquecodi": null, "bloquenomb": null, "coordenada": null, "departamen": null, "provincia": "Tambopata", "distrito": "Inambari", "juntausuar": null, "comisionco": null, "fecharegis": null, "validado": "JUAN92_JS", "pozo": null, "codpozo": null, "numfila": 1, "datum": "WGS 84 (UTM)", "zona": 19, "este": 395964, "norte": 8574004, "unidadhidr": null, "areatotal": 0.0 }, "geometry": { "type": "Point", "coordinates": [ -69.958943051093129, -12.897508879716732 ] } },
{ "type": "Feature", "properties": { "aaa": "Madre de Dios", "ala": "Tambopata - Inambari", "resolucion": "RD 0519-2019", "fecha": "02\/10\/2019", "archivo": "64-RD-0519-2019-04.pdf", "codlugarus": null, "lugaruso": "ESTANQUE MAMANI", "uso": "Acuícola", "clase": "Licencia", "volumen": 38400.0, "area": 0.0, "modulo": 0.0, "usuario": "MAMANI MAMANI, BENIGNO", "documento": "DNI: 04827517", "fuentetipo": null, "fuente": "Manantial BENIGNO MAMANI", "volumenfue": null, "cur": 2.0190519046404096e+19, "organizaci": null, "bloquecodi": null, "bloquenomb": null, "coordenada": null, "departamen": null, "provincia": "Tambopata", "distrito": "Laberinto", "juntausuar": null, "comisionco": null, "fecharegis": null, "validado": "JUAN92_JS", "pozo": null, "codpozo": null, "numfila": 1, "datum": "WGS 84 (UTM)", "zona": 19, "este": 432434, "norte": 8585760, "unidadhidr": null, "areatotal": 0.0 }, "geometry": { "type": "Point", "coordinates": [ -69.622539895280724, -12.792223857174836 ] } },
{ "type": "Feature", "properties": { "aaa": "Madre de Dios", "ala": "Tambopata - Inambari", "resolucion": "RD 0520-2019", "fecha": "02\/10\/2019", "archivo": "64-RD-0520-2019-04.pdf", "codlugarus": null, "lugaruso": "ESTANQUE SUCLLE", "uso": "Acuícola", "clase": "Licencia", "volumen": 38400.0, "area": 0.0, "modulo": 0.0, "usuario": "SUCLLE AGUILAR, MARCELINO", "documento": "DNI: 23889898", "fuentetipo": null, "fuente": "Quebrada SAN JUAN", "volumenfue": null, "cur": 2.0190520046404194e+19, "organizaci": null, "bloquecodi": null, "bloquenomb": null, "coordenada": null, "departamen": null, "provincia": "Tambopata", "distrito": "Laberinto", "juntausuar": null, "comisionco": null, "fecharegis": null, "validado": "JUAN92_JS", "pozo": null, "codpozo": null, "numfila": 1, "datum": "WGS 84 (UTM)", "zona": 19, "este": 426199, "norte": 8582721, "unidadhidr": null, "areatotal": 0.0 }, "geometry": { "type": "Point", "coordinates": [ -69.680058902695293, -12.819561236480416 ] } },
{ "type": "Feature", "properties": { "aaa": "Madre de Dios", "ala": "Tambopata - Inambari", "resolucion": "RD 0521-2019", "fecha": "02\/10\/2019", "archivo": "64-RD-0521-2019-04.pdf", "codlugarus": null, "lugaruso": "ESTANQUE QUISPE", "uso": "Acuícola", "clase": "Licencia", "volumen": 19800.0, "area": 0.0, "modulo": 0.0, "usuario": "QUISPE RAMOS, OSWALDO", "documento": "DNI: 29638380", "fuentetipo": null, "fuente": "Quebrada Los 3 Futuritos", "volumenfue": null, "cur": 2.0190521046404202e+19, "organizaci": null, "bloquecodi": null, "bloquenomb": null, "coordenada": null, "departamen": null, "provincia": "Tambopata", "distrito": "Inambari", "juntausuar": null, "comisionco": null, "fecharegis": null, "validado": "JUAN92_JS", "pozo": null, "codpozo": null, "numfila": 1, "datum": "WGS 84 (UTM)", "zona": 19, "este": 398799, "norte": 8572755, "unidadhidr": null, "areatotal": 0.0 }, "geometry": { "type": "Point", "coordinates": [ -69.932856006309123, -12.908896273287064 ] } },
{ "type": "Feature", "properties": { "aaa": "Madre de Dios", "ala": "Tambopata - Inambari", "resolucion": "RD 0522-2019", "fecha": "02\/10\/2019", "archivo": "64-RD-0522-2019-04.pdf", "codlugarus": null, "lugaruso": "ESTANQUE PUMA", "uso": "Acuícola", "clase": "Licencia", "volumen": 38400.0, "area": 0.0, "modulo": 0.0, "usuario": "PUMA RADO, JANET", "documento": "DNI: 04826604", "fuentetipo": null, "fuente": "Quebrada SAN JUAN", "volumenfue": null, "cur": 2.0190522046404202e+19, "organizaci": null, "bloquecodi": null, "bloquenomb": null, "coordenada": null, "departamen": null, "provincia": "Tambopata", "distrito": "Laberinto", "juntausuar": null, "comisionco": null, "fecharegis": null, "validado": "JUAN92_JS", "pozo": null, "codpozo": null, "numfila": 1, "datum": "WGS 84 (UTM)", "zona": 19, "este": 426124, "norte": 8582688, "unidadhidr": null, "areatotal": 0.0 }, "geometry": { "type": "Point", "coordinates": [ -69.68075077745705, -12.819857842065701 ] } },
{ "type": "Feature", "properties": { "aaa": "Madre de Dios", "ala": "Tambopata - Inambari", "resolucion": "RD 0544-2019", "fecha": "18\/10\/2019", "archivo": "64-RD-0544-2019-03.pdf", "codlugarus": null, "lugaruso": "SECTOR LAS PALMERAS (VIVIENDA RUSTICA)", "uso": "Doméstico - Poblacional", "clase": "Licencia", "volumen": 883.06, "area": 0.0, "modulo": 0.0, "usuario": "LASTEROS QUISPE, ROSALIA", "documento": "DNI: 43816808", "fuentetipo": null, "fuente": "Filtración ROSAL", "volumenfue": null, "cur": 2.019054404640215e+19, "organizaci": null, "bloquecodi": null, "bloquenomb": null, "coordenada": null, "departamen": null, "provincia": "Tambopata", "distrito": "Inambari", "juntausuar": null, "comisionco": null, "fecharegis": null, "validado": "JUAN92_JS", "pozo": null, "codpozo": null, "numfila": 1, "datum": "WGS 84 (UTM)", "zona": 19, "este": 351273, "norte": 8549926, "unidadhidr": null, "areatotal": 0.0 }, "geometry": { "type": "Point", "coordinates": [ -70.372003885623784, -13.113342885385764 ] } },
{ "type": "Feature", "properties": { "aaa": "Madre de Dios", "ala": "Tambopata - Inambari", "resolucion": "RD 0567-2019", "fecha": "29\/10\/2019", "archivo": "64-RD-0567-2019-03.pdf", "codlugarus": null, "lugaruso": "CHINCAYANI", "uso": "Agrario", "clase": "Licencia", "volumen": 85261.26, "area": 4.2, "modulo": 20300.3, "usuario": "COMUNIDAD CAMPESINA DE ESQUENA Y ANEXO AMAYANI", "documento": null, "fuentetipo": null, "fuente": "Río CHIUCAYANI", "volumenfue": null, "cur": 2.0190567046403097e+19, "organizaci": null, "bloquecodi": null, "bloquenomb": null, "coordenada": null, "departamen": null, "provincia": "Carabaya", "distrito": "Coasa", "juntausuar": null, "comisionco": null, "fecharegis": null, "validado": "JUAN92_JS", "pozo": null, "codpozo": null, "numfila": 1, "datum": "WGS 84 (UTM)", "zona": 19, "este": 402810, "norte": 8462210, "unidadhidr": null, "areatotal": 4.2 }, "geometry": { "type": "Point", "coordinates": [ -69.899596523330686, -13.908497192364576 ] } },
{ "type": "Feature", "properties": { "aaa": "Madre de Dios", "ala": "Tambopata - Inambari", "resolucion": "RD 0588-2019", "fecha": "30\/10\/2019", "archivo": "64-RD-0588-2019-04.pdf", "codlugarus": null, "lugaruso": "ESTANQUE ARAZAIRE", "uso": "Acuícola", "clase": "Licencia", "volumen": 84240.0, "area": 0.0, "modulo": 0.0, "usuario": "COMUNIDAD NATIVA ARAZAIRE", "documento": "RUC: 20309322003", "fuentetipo": null, "fuente": "Filtración ARAZAIRE", "volumenfue": null, "cur": 2.0190588046404182e+19, "organizaci": null, "bloquecodi": null, "bloquenomb": null, "coordenada": null, "departamen": null, "provincia": "Tambopata", "distrito": "Inambari", "juntausuar": null, "comisionco": null, "fecharegis": null, "validado": "JUAN92_JS", "pozo": null, "codpozo": null, "numfila": 1, "datum": "WGS 84 (UTM)", "zona": 19, "este": 353804, "norte": 8561114, "unidadhidr": null, "areatotal": 0.0 }, "geometry": { "type": "Point", "coordinates": [ -70.348111189017928, -13.012324916082219 ] } },
{ "type": "Feature", "properties": { "aaa": "Madre de Dios", "ala": "Tambopata - Inambari", "resolucion": "RD 0589-2019", "fecha": "30\/10\/2019", "archivo": "64-RD-0589-2019-04.pdf", "codlugarus": null, "lugaruso": "ESTANQUE QUISPE CHALCO", "uso": "Acuícola", "clase": "Licencia", "volumen": 42300.0, "area": 0.0, "modulo": 0.0, "usuario": "QUISPE CHALCO, WELLINTONG", "documento": "DNI: 44996926", "fuentetipo": null, "fuente": "Filtración C. DOS DE MAYO", "volumenfue": null, "cur": 2.0190589046404166e+19, "organizaci": null, "bloquecodi": null, "bloquenomb": null, "coordenada": null, "departamen": null, "provincia": "Tambopata", "distrito": "Inambari", "juntausuar": null, "comisionco": null, "fecharegis": null, "validado": "JUAN92_JS", "pozo": null, "codpozo": null, "numfila": 1, "datum": "WGS 84 (UTM)", "zona": 19, "este": 353574, "norte": 8558250, "unidadhidr": null, "areatotal": 0.0 }, "geometry": { "type": "Point", "coordinates": [ -70.35037194774533, -13.038204945178464 ] } },
{ "type": "Feature", "properties": { "aaa": "Madre de Dios", "ala": "Tambopata - Inambari", "resolucion": "RD 0608-2019", "fecha": "30\/10\/2019", "archivo": "64-RD-0608-2019-04.pdf", "codlugarus": null, "lugaruso": "ESTANQUE HUILLCA", "uso": "Agrario", "clase": "Licencia", "volumen": 30970.0, "area": 0.0, "modulo": 0.0, "usuario": "HUILLCA PUMA, TOMAS", "documento": "DNI: 04814773", "fuentetipo": null, "fuente": "Filtración TRUCHA PUNKO", "volumenfue": null, "cur": 2.0190608046403154e+19, "organizaci": null, "bloquecodi": null, "bloquenomb": null, "coordenada": null, "departamen": null, "provincia": "Tambopata", "distrito": "Inambari", "juntausuar": null, "comisionco": null, "fecharegis": null, "validado": "JUAN92_JS", "pozo": null, "codpozo": null, "numfila": 1, "datum": "WGS 84 (UTM)", "zona": 19, "este": 357775, "norte": 8553587, "unidadhidr": null, "areatotal": 0.0 }, "geometry": { "type": "Point", "coordinates": [ -70.311859169716243, -13.080558896490906 ] } },
{ "type": "Feature", "properties": { "aaa": "Madre de Dios", "ala": "Tambopata - Inambari", "resolucion": "RD 0609-2019", "fecha": "30\/10\/2019", "archivo": "64-RD-0609-2019-04.pdf", "codlugarus": null, "lugaruso": "ESTANQUE SUYO", "uso": "Acuícola", "clase": "Licencia", "volumen": 39120.0, "area": 0.0, "modulo": 0.0, "usuario": "SUYO HUILLCA, PURIFICACIÓN", "documento": "DNI: 0488223", "fuentetipo": null, "fuente": "Filtración ROSAS PATAS", "volumenfue": null, "cur": 2.0190609046404153e+19, "organizaci": null, "bloquecodi": null, "bloquenomb": null, "coordenada": null, "departamen": null, "provincia": "Tambopata", "distrito": "Inambari", "juntausuar": null, "comisionco": null, "fecharegis": null, "validado": "JUAN92_JS", "pozo": null, "codpozo": null, "numfila": 1, "datum": "WGS 84 (UTM)", "zona": 19, "este": 353642, "norte": 8555522, "unidadhidr": null, "areatotal": 0.0 }, "geometry": { "type": "Point", "coordinates": [ -70.349878801887598, -13.062869762295955 ] } },
{ "type": "Feature", "properties": { "aaa": "Madre de Dios", "ala": "Tambopata - Inambari", "resolucion": "RD 0610-2019", "fecha": "30\/10\/2019", "archivo": "64-RD-0610-2019-04.pdf", "codlugarus": null, "lugaruso": "ESTANQUE ORTEGA", "uso": "Acuícola", "clase": "Licencia", "volumen": 8150.0, "area": 0.0, "modulo": 0.0, "usuario": "ORTEGA BARBOZA, PRUDENCIO", "documento": "DNI: 04814802", "fuentetipo": null, "fuente": "Filtración ORTEGA I", "volumenfue": null, "cur": 2.0190610046404153e+19, "organizaci": null, "bloquecodi": null, "bloquenomb": null, "coordenada": null, "departamen": null, "provincia": "Tambopata", "distrito": "Inambari", "juntausuar": null, "comisionco": null, "fecharegis": null, "validado": "JUAN92_JS", "pozo": null, "codpozo": null, "numfila": 1, "datum": "WGS 84 (UTM)", "zona": 19, "este": 366823, "norte": 8572021, "unidadhidr": null, "areatotal": 0.0 }, "geometry": { "type": "Point", "coordinates": [ -70.227596574884799, -12.914314404806191 ] } },
{ "type": "Feature", "properties": { "aaa": "Madre de Dios", "ala": "Tambopata - Inambari", "resolucion": "RD 0611-2019", "fecha": "30\/10\/2019", "archivo": "64-RD-0611-2019-04.pdf", "codlugarus": null, "lugaruso": "ESTANQUE VASQUEZ", "uso": "Acuícola", "clase": "Licencia", "volumen": 16500.0, "area": 0.0, "modulo": 0.0, "usuario": "VASQUEZ QUISPE, MARIO", "documento": "DNI: 44164544", "fuentetipo": null, "fuente": "Quebrada VASQUEZ 01", "volumenfue": null, "cur": 2.0190611046404153e+19, "organizaci": null, "bloquecodi": null, "bloquenomb": null, "coordenada": null, "departamen": null, "provincia": "Tambopata", "distrito": "Laberinto", "juntausuar": null, "comisionco": null, "fecharegis": null, "validado": "JUAN92_JS", "pozo": null, "codpozo": null, "numfila": 1, "datum": "WGS 84 (UTM)", "zona": 19, "este": 439387, "norte": 8583699, "unidadhidr": null, "areatotal": 0.0 }, "geometry": { "type": "Point", "coordinates": [ -69.55851959464789, -12.811003766123758 ] } },
{ "type": "Feature", "properties": { "aaa": "Madre de Dios", "ala": "Tambopata - Inambari", "resolucion": "RD 0615-2019", "fecha": "05\/11\/2019", "archivo": "64-RD-0615-2019-04.pdf", "codlugarus": null, "lugaruso": "PROYECTO CENTRAL HIDROELÉCTRICA SAN GABÁN III", "uso": "Energético", "clase": "Autorización", "volumen": 409652.67, "area": 0.0, "modulo": 0.0, "usuario": "HYDRO GLOBAL PERU S.A.C.", "documento": "RUC: 20600538251", "fuentetipo": null, "fuente": "Quebrada CASAHUIRI \/ Quebrada MAYHUANTO \/ Quebrada SANSARI \/ Río SAN GABAN", "volumenfue": null, "cur": 2.0190615046405165e+19, "organizaci": null, "bloquecodi": null, "bloquenomb": null, "coordenada": null, "departamen": null, "provincia": "Carabaya", "distrito": "San Gaban", "juntausuar": null, "comisionco": null, "fecharegis": null, "validado": "JUAN92_JS", "pozo": null, "codpozo": null, "numfila": 1, "datum": "WGS 84 (UTM)", "zona": 19, "este": 345799, "norte": 8505579, "unidadhidr": null, "areatotal": 0.0 }, "geometry": { "type": "Point", "coordinates": [ -70.424833366937193, -13.513952091937911 ] } },
{ "type": "Feature", "properties": { "aaa": "Madre de Dios", "ala": "Tambopata - Inambari", "resolucion": "RD 0632-2019", "fecha": "13\/11\/2019", "archivo": "64-RD-0632-2019-04.pdf", "codlugarus": null, "lugaruso": "COMUNIDAD CAMPESINA DE LAQUEQUE IGUARA LLAMANI", "uso": "Poblacional", "clase": "Licencia", "volumen": 32417.29, "area": 0.0, "modulo": 0.0, "usuario": "JUNTA ADMINISTRADORA DE SERVICIOS DE SANEAMIENTO - JASS DEL SECTOR ROSASPATA Y MANZANANI DE LA COMUNIDAD CAMPESINA DE LAQUEQUE IGUARA LLAMANI", "documento": null, "fuentetipo": null, "fuente": "Manantial AYAPATA \/ Manantial ROSASPATA MANZANANI \/ Manantial ROSASPATA MANZANANI II \/ Manantial ROSASPATA MANZANANI III", "volumenfue": null, "cur": 2.0190632046401155e+19, "organizaci": null, "bloquecodi": null, "bloquenomb": null, "coordenada": null, "departamen": null, "provincia": "Sandia", "distrito": "Sandia", "juntausuar": null, "comisionco": null, "fecharegis": null, "validado": "JUAN92_JS", "pozo": null, "codpozo": null, "numfila": 1, "datum": "WGS 84 (UTM)", "zona": 19, "este": 447026, "norte": 8411253, "unidadhidr": null, "areatotal": 0.0 }, "geometry": { "type": "Point", "coordinates": [ -69.491333726657004, -14.370393568081907 ] } },
{ "type": "Feature", "properties": { "aaa": "Madre de Dios", "ala": "Tambopata - Inambari", "resolucion": "RD 0635-2019", "fecha": "18\/11\/2019", "archivo": "64-RD-0635-2019-04.pdf", "codlugarus": null, "lugaruso": "ESTANQUE INQUILTUPA", "uso": "Acuícola", "clase": "Licencia", "volumen": 17500.0, "area": 0.0, "modulo": 0.0, "usuario": "QUILLAHUAMAN INQUILTUPA, MOISES BELTRAN", "documento": "DNI: 04817718", "fuentetipo": null, "fuente": "Filtración QUILLAHUAMAN", "volumenfue": null, "cur": 2.01906350464041e+19, "organizaci": null, "bloquecodi": null, "bloquenomb": null, "coordenada": null, "departamen": null, "provincia": "Tambopata", "distrito": "Inambari", "juntausuar": null, "comisionco": null, "fecharegis": null, "validado": "JUAN92_JS", "pozo": null, "codpozo": null, "numfila": 1, "datum": "WGS 84 (UTM)", "zona": 19, "este": 377875, "norte": 8572490, "unidadhidr": null, "areatotal": 0.0 }, "geometry": { "type": "Point", "coordinates": [ -70.125717135487548, -12.910532852516402 ] } },
{ "type": "Feature", "properties": { "aaa": "Madre de Dios", "ala": "Tambopata - Inambari", "resolucion": "RD 0636-2019", "fecha": "18\/11\/2019", "archivo": "64-RD-0636-2019-04.pdf", "codlugarus": null, "lugaruso": "ESTANQUE CASCAMAYTA", "uso": "Acuícola", "clase": "Licencia", "volumen": 40400.0, "area": 0.0, "modulo": 0.0, "usuario": "CASCAMAYTA PARI, JESUS", "documento": "DNI: 80016363", "fuentetipo": null, "fuente": "Filtración CASCAMAYTA", "volumenfue": null, "cur": 2.01906360464041e+19, "organizaci": null, "bloquecodi": null, "bloquenomb": null, "coordenada": null, "departamen": null, "provincia": "Tambopata", "distrito": "Inambari", "juntausuar": null, "comisionco": null, "fecharegis": null, "validado": "JUAN92_JS", "pozo": null, "codpozo": null, "numfila": 1, "datum": "WGS 84 (UTM)", "zona": 19, "este": 380126, "norte": 8573072, "unidadhidr": null, "areatotal": 0.0 }, "geometry": { "type": "Point", "coordinates": [ -70.104947621779871, -12.905359466339345 ] } },
{ "type": "Feature", "properties": { "aaa": "Madre de Dios", "ala": "Tambopata - Inambari", "resolucion": "RD 0637-2019", "fecha": "18\/11\/2019", "archivo": "64-RD-0637-2019-04.pdf", "codlugarus": null, "lugaruso": "ESTANQUE MINGA", "uso": "Acuícola", "clase": "Licencia", "volumen": 23916.0, "area": 0.0, "modulo": 0.0, "usuario": "MINGA HUAYTO, JORGE", "documento": "DNI: 80659908", "fuentetipo": null, "fuente": "Filtración MINGA", "volumenfue": null, "cur": 2.0190637046404096e+19, "organizaci": null, "bloquecodi": null, "bloquenomb": null, "coordenada": null, "departamen": null, "provincia": "Tambopata", "distrito": "Inambari", "juntausuar": null, "comisionco": null, "fecharegis": null, "validado": "JUAN92_JS", "pozo": null, "codpozo": null, "numfila": 1, "datum": "WGS 84 (UTM)", "zona": 19, "este": 377575, "norte": 8572294, "unidadhidr": null, "areatotal": 0.0 }, "geometry": { "type": "Point", "coordinates": [ -70.128490032930131, -12.91229296847321 ] } },
{ "type": "Feature", "properties": { "aaa": "Madre de Dios", "ala": "Tambopata - Inambari", "resolucion": "RD 0655-2019", "fecha": "20\/11\/2019", "archivo": "64-RD-0655-2019-03.pdf", "codlugarus": null, "lugaruso": "ASOCIACIÓN PRO VIVIENDA EL \"MANANTIAL\"", "uso": "Poblacional", "clase": "Licencia", "volumen": 6622.53, "area": 0.0, "modulo": 0.0, "usuario": "JUNTA ADMINISTRADORA DE SERVICIO DE SANEAMIENTO (JASS) DE LA ASOCIACIÓN PRO VIVIENDA EL MANANTIAL", "documento": null, "fuentetipo": null, "fuente": "Quebrada PAUCARCITO", "volumenfue": null, "cur": 2.0190655046401114e+19, "organizaci": null, "bloquecodi": null, "bloquenomb": null, "coordenada": null, "departamen": null, "provincia": "Tambopata", "distrito": "Inambari", "juntausuar": null, "comisionco": null, "fecharegis": null, "validado": "JUAN92_JS", "pozo": null, "codpozo": null, "numfila": 1, "datum": "WGS 84 (UTM)", "zona": 19, "este": 352130, "norte": 8551708, "unidadhidr": null, "areatotal": 0.0 }, "geometry": { "type": "Point", "coordinates": [ -70.364010924853943, -13.097275465707838 ] } },
{ "type": "Feature", "properties": { "aaa": "Madre de Dios", "ala": "Tambopata - Inambari", "resolucion": "RD 0676-2019", "fecha": "28\/11\/2019", "archivo": "64-RD-0676-2019-04.pdf", "codlugarus": null, "lugaruso": "ESTANQUE LIPA", "uso": "Acuícola", "clase": "Licencia", "volumen": 30067.5, "area": 0.0, "modulo": 0.0, "usuario": "LIPA CAHUANA, IGNACIO RAUL", "documento": "DNI: 04814756", "fuentetipo": null, "fuente": "Manantial LIPA", "volumenfue": null, "cur": 2.0190676046404125e+19, "organizaci": null, "bloquecodi": null, "bloquenomb": null, "coordenada": null, "departamen": null, "provincia": "Tambopata", "distrito": "Inambari", "juntausuar": null, "comisionco": null, "fecharegis": null, "validado": "JUAN92_JS", "pozo": null, "codpozo": null, "numfila": 1, "datum": "WGS 84 (UTM)", "zona": 19, "este": 352004, "norte": 8552825, "unidadhidr": null, "areatotal": 0.0 }, "geometry": { "type": "Point", "coordinates": [ -70.365117357517377, -13.087171558510276 ] } },
{ "type": "Feature", "properties": { "aaa": "Madre de Dios", "ala": "Tambopata - Inambari", "resolucion": "RD 0692-2019", "fecha": "29\/11\/2019", "archivo": "64-RD-0692-2019-04.pdf", "codlugarus": null, "lugaruso": "ESTANQUE LORAICO", "uso": "Acuícola", "clase": "Licencia", "volumen": 49044.0, "area": 0.0, "modulo": 0.0, "usuario": "LORAICO PALOMA, LUISA REGINA", "documento": "DNI: 04808605", "fuentetipo": null, "fuente": "Filtración LORAICO", "volumenfue": null, "cur": 2.0190692046404112e+19, "organizaci": null, "bloquecodi": null, "bloquenomb": null, "coordenada": null, "departamen": null, "provincia": "Tambopata", "distrito": "Inambari", "juntausuar": null, "comisionco": null, "fecharegis": null, "validado": "JUAN92_JS", "pozo": null, "codpozo": null, "numfila": 1, "datum": "WGS 84 (UTM)", "zona": 19, "este": 352676, "norte": 8554214, "unidadhidr": null, "areatotal": 0.0 }, "geometry": { "type": "Point", "coordinates": [ -70.358851280032965, -13.07464756289483 ] } },
{ "type": "Feature", "properties": { "aaa": "Madre de Dios", "ala": "Tambopata - Inambari", "resolucion": "RD 0693-2019", "fecha": "29\/11\/2019", "archivo": "64-RD-0693-2019-04.pdf", "codlugarus": null, "lugaruso": "ESTANQUE SANDOVAL", "uso": "Acuícola", "clase": "Licencia", "volumen": 20050.0, "area": 0.0, "modulo": 0.0, "usuario": "SANDOVAL LLATASA, RUPERTO", "documento": "DNI: 04808642", "fuentetipo": null, "fuente": "Filtración SANDOVAL", "volumenfue": null, "cur": 2.0190693046404112e+19, "organizaci": null, "bloquecodi": null, "bloquenomb": null, "coordenada": null, "departamen": null, "provincia": "Tambopata", "distrito": "Inambari", "juntausuar": null, "comisionco": null, "fecharegis": null, "validado": "JUAN92_JS", "pozo": null, "codpozo": null, "numfila": 1, "datum": "WGS 84 (UTM)", "zona": 19, "este": 375273, "norte": 8572356, "unidadhidr": null, "areatotal": 0.0 }, "geometry": { "type": "Point", "coordinates": [ -70.149703882540663, -12.911639956908992 ] } },
{ "type": "Feature", "properties": { "aaa": "Madre de Dios", "ala": "Tambopata - Inambari", "resolucion": "RD 0694-2019", "fecha": "29\/11\/2019", "archivo": "64-RD-0694-2019-04.pdf", "codlugarus": null, "lugaruso": "ESTANQUE CCORAHUA", "uso": "Acuícola", "clase": "Licencia", "volumen": 40500.0, "area": 0.0, "modulo": 0.0, "usuario": "DE SANDOVAL, JUANA CCORAHUA", "documento": "DNI: 23853969", "fuentetipo": null, "fuente": "Filtración SALVACION", "volumenfue": null, "cur": 2.0190694046404104e+19, "organizaci": null, "bloquecodi": null, "bloquenomb": null, "coordenada": null, "departamen": null, "provincia": "Tambopata", "distrito": "Inambari", "juntausuar": null, "comisionco": null, "fecharegis": null, "validado": "JUAN92_JS", "pozo": null, "codpozo": null, "numfila": 1, "datum": "WGS 84 (UTM)", "zona": 19, "este": 375296, "norte": 8572403, "unidadhidr": null, "areatotal": 0.0 }, "geometry": { "type": "Point", "coordinates": [ -70.149489961931764, -12.911215964781976 ] } },
{ "type": "Feature", "properties": { "aaa": "Madre de Dios", "ala": "Tambopata - Inambari", "resolucion": "RD 0696-2019", "fecha": "29\/11\/2019", "archivo": "64-RD-0696-2019-04.pdf", "codlugarus": null, "lugaruso": "ESTANQUE SOLORZANO", "uso": "Acuícola", "clase": "Licencia", "volumen": 35640.0, "area": 0.0, "modulo": 0.0, "usuario": "SOLORZANO ALARCON, CELESTINO", "documento": "DNI: 44429261", "fuentetipo": null, "fuente": "Manantial SALORZANO", "volumenfue": null, "cur": 2.0190696046404104e+19, "organizaci": null, "bloquecodi": null, "bloquenomb": null, "coordenada": null, "departamen": null, "provincia": "Tambopata", "distrito": "Inambari", "juntausuar": null, "comisionco": null, "fecharegis": null, "validado": "JUAN92_JS", "pozo": null, "codpozo": null, "numfila": 1, "datum": "WGS 84 (UTM)", "zona": 19, "este": 353706, "norte": 8559487, "unidadhidr": null, "areatotal": 0.0 }, "geometry": { "type": "Point", "coordinates": [ -70.349094280364881, -13.027028595355747 ] } },
{ "type": "Feature", "properties": { "aaa": "Madre de Dios", "ala": "Tambopata - Inambari", "resolucion": "RD 0697-2019", "fecha": "29\/11\/2019", "archivo": "64-RD-0697-2019-04.pdf", "codlugarus": null, "lugaruso": "ESTANQUE ASCENCIO", "uso": "Acuícola", "clase": "Licencia", "volumen": 25920.0, "area": 0.0, "modulo": 0.0, "usuario": "ASCENCIO CUTIPA, GRACIANO", "documento": "DNI: 01263080", "fuentetipo": null, "fuente": "Filtración GRACIANO ASCENCIO", "volumenfue": null, "cur": 2.0190697046404104e+19, "organizaci": null, "bloquecodi": null, "bloquenomb": null, "coordenada": null, "departamen": null, "provincia": "Manu", "distrito": "Madre De Dios", "juntausuar": null, "comisionco": null, "fecharegis": null, "validado": "JUAN92_JS", "pozo": null, "codpozo": null, "numfila": 1, "datum": "WGS 84 (UTM)", "zona": 19, "este": 350453, "norte": 8583305, "unidadhidr": null, "areatotal": 0.0 }, "geometry": { "type": "Point", "coordinates": [ -70.377905773436709, -12.811552700789873 ] } },
{ "type": "Feature", "properties": { "aaa": "Madre de Dios", "ala": "Tambopata - Inambari", "resolucion": "RD 0701-2019", "fecha": "29\/11\/2019", "archivo": "64-RD-0701-2019-04.pdf", "codlugarus": null, "lugaruso": "ESTANQUE JUAN LUIS", "uso": "Acuícola", "clase": "Licencia", "volumen": 5130.0, "area": 0.0, "modulo": 0.0, "usuario": "CONTRERAS MAMANI, JUAN LUIS", "documento": "DNI: 04815147", "fuentetipo": null, "fuente": "Quebrada JUAN LUIS", "volumenfue": null, "cur": 2.0190701046404182e+19, "organizaci": null, "bloquecodi": null, "bloquenomb": null, "coordenada": null, "departamen": null, "provincia": "Manu", "distrito": "Huepetuhe", "juntausuar": null, "comisionco": null, "fecharegis": null, "validado": "JUAN92_JS", "pozo": null, "codpozo": null, "numfila": 1, "datum": "WGS 84 (UTM)", "zona": 19, "este": 345281, "norte": 8558558, "unidadhidr": null, "areatotal": 0.0 }, "geometry": { "type": "Point", "coordinates": [ -70.426819552606176, -13.035010690269349 ] } },
{ "type": "Feature", "properties": { "aaa": "Madre de Dios", "ala": "Tambopata - Inambari", "resolucion": "RD 0702-2019", "fecha": "29\/11\/2019", "archivo": "64-RD-0702-2019-04.pdf", "codlugarus": null, "lugaruso": "ESTANQUE", "uso": "Acuícola", "clase": "Licencia", "volumen": 57798.0, "area": 0.0, "modulo": 0.0, "usuario": "DIRECCION REGIONAL DE DEUCACION DE MADRE DE DIOS", "documento": "RUC: 20350338315", "fuentetipo": null, "fuente": "Manantial JAE", "volumenfue": null, "cur": 2.0190702046404182e+19, "organizaci": null, "bloquecodi": null, "bloquenomb": null, "coordenada": null, "departamen": null, "provincia": "Manu", "distrito": "Huepetuhe", "juntausuar": null, "comisionco": null, "fecharegis": null, "validado": "JUAN92_JS", "pozo": null, "codpozo": null, "numfila": 1, "datum": "WGS 84 (UTM)", "zona": 19, "este": 344979, "norte": 8558479, "unidadhidr": null, "areatotal": 0.0 }, "geometry": { "type": "Point", "coordinates": [ -70.429608088212319, -13.035709487201595 ] } },
{ "type": "Feature", "properties": { "aaa": "Madre de Dios", "ala": "Tambopata - Inambari", "resolucion": "RD 0703-2019", "fecha": "03\/12\/2019", "archivo": "64-RD-0703-2019-04.pdf", "codlugarus": null, "lugaruso": "ESTANQUE HUAMAN", "uso": "Acuícola", "clase": "Licencia", "volumen": 24324.0, "area": 0.0, "modulo": 0.0, "usuario": "HUAMAN FLORES, ERNESTO", "documento": "DNI: 25199341", "fuentetipo": null, "fuente": "Filtración HUAMAN F.", "volumenfue": null, "cur": 2.0190703046404162e+19, "organizaci": null, "bloquecodi": null, "bloquenomb": null, "coordenada": null, "departamen": null, "provincia": "Tambopata", "distrito": "Inambari", "juntausuar": null, "comisionco": null, "fecharegis": null, "validado": "JUAN92_JS", "pozo": null, "codpozo": null, "numfila": 1, "datum": "WGS 84 (UTM)", "zona": 19, "este": 371133, "norte": 8576107, "unidadhidr": null, "areatotal": 0.0 }, "geometry": { "type": "Point", "coordinates": [ -70.187699796966413, -12.877557154026643 ] } },
{ "type": "Feature", "properties": { "aaa": "Madre de Dios", "ala": "Tambopata - Inambari", "resolucion": "RD 0720-2019", "fecha": "13\/12\/2019", "archivo": "64-RD-0720-2019-04.pdf", "codlugarus": null, "lugaruso": "ESTANQUE URBANO", "uso": "Acuícola", "clase": "Licencia", "volumen": 40560.0, "area": 0.0, "modulo": 0.0, "usuario": "URBANO QUISPE, RONY YOEL", "documento": "DNI: 43590665", "fuentetipo": null, "fuente": "Quebrada Olas de Inambari", "volumenfue": null, "cur": 2.0190720046404194e+19, "organizaci": null, "bloquecodi": null, "bloquenomb": null, "coordenada": null, "departamen": null, "provincia": "Tambopata", "distrito": "Inambari", "juntausuar": null, "comisionco": null, "fecharegis": null, "validado": "JUAN92_JS", "pozo": null, "codpozo": null, "numfila": 1, "datum": "WGS 84 (UTM)", "zona": 19, "este": 356549, "norte": 8575390, "unidadhidr": null, "areatotal": 0.0 }, "geometry": { "type": "Point", "coordinates": [ -70.32212298818591, -12.883395428103363 ] } },
{ "type": "Feature", "properties": { "aaa": "Madre de Dios", "ala": "Tambopata - Inambari", "resolucion": "RD 0721-2019", "fecha": "13\/12\/2019", "archivo": "64-RD-0721-2019-04.pdf", "codlugarus": null, "lugaruso": "ESTANQUE MAMANI", "uso": "Acuícola", "clase": "Licencia", "volumen": 32600.0, "area": 0.0, "modulo": 0.0, "usuario": "MAMANI QUISPE, ABEL", "documento": "DNI: 41671647", "fuentetipo": null, "fuente": "Filtración EL AMIGO", "volumenfue": null, "cur": 2.0190721046404207e+19, "organizaci": null, "bloquecodi": null, "bloquenomb": null, "coordenada": null, "departamen": null, "provincia": "Tambopata", "distrito": "Inambari", "juntausuar": null, "comisionco": null, "fecharegis": null, "validado": "JUAN92_JS", "pozo": null, "codpozo": null, "numfila": 1, "datum": "WGS 84 (UTM)", "zona": 19, "este": 358569, "norte": 8576831, "unidadhidr": null, "areatotal": 0.0 }, "geometry": { "type": "Point", "coordinates": [ -70.303441644196909, -12.870461455773547 ] } },
{ "type": "Feature", "properties": { "aaa": "Madre de Dios", "ala": "Tambopata - Inambari", "resolucion": "RD 0722-2019", "fecha": "13\/12\/2019", "archivo": "64-RD-0722-2019-04.pdf", "codlugarus": null, "lugaruso": "ESTANQUE PINEDA", "uso": "Acuícola", "clase": "Licencia", "volumen": 32600.0, "area": 0.0, "modulo": 0.0, "usuario": "PINEDA MAMANI, LINDON", "documento": "DNI: 04819703", "fuentetipo": null, "fuente": "Filtración LINDON 1", "volumenfue": null, "cur": 2.0190722046404207e+19, "organizaci": null, "bloquecodi": null, "bloquenomb": null, "coordenada": null, "departamen": null, "provincia": "Tambopata", "distrito": "Inambari", "juntausuar": null, "comisionco": null, "fecharegis": null, "validado": "JUAN92_JS", "pozo": null, "codpozo": null, "numfila": 1, "datum": "WGS 84 (UTM)", "zona": 19, "este": 377471, "norte": 8572521, "unidadhidr": null, "areatotal": 0.0 }, "geometry": { "type": "Point", "coordinates": [ -70.129439337509666, -12.910236518413042 ] } },
{ "type": "Feature", "properties": { "aaa": "Madre de Dios", "ala": "Tambopata - Inambari", "resolucion": "RD 0723-2019", "fecha": "13\/12\/2019", "archivo": "64-RD-0723-2019-04.pdf", "codlugarus": null, "lugaruso": "ESTANQUE VASQUES", "uso": "Acuícola", "clase": "Licencia", "volumen": 17930.0, "area": 0.0, "modulo": 0.0, "usuario": "VASQUEZ VICENTE, EDMUNDO", "documento": "DNI: 04817261", "fuentetipo": null, "fuente": "Filtración EL RADIANTE", "volumenfue": null, "cur": 2.0190723046404194e+19, "organizaci": null, "bloquecodi": null, "bloquenomb": null, "coordenada": null, "departamen": null, "provincia": "Tambopata", "distrito": "Inambari", "juntausuar": null, "comisionco": null, "fecharegis": null, "validado": "JUAN92_JS", "pozo": null, "codpozo": null, "numfila": 1, "datum": "WGS 84 (UTM)", "zona": 19, "este": 394871, "norte": 8573930, "unidadhidr": null, "areatotal": 0.0 }, "geometry": { "type": "Point", "coordinates": [ -69.96901925231171, -12.898140834129002 ] } },
{ "type": "Feature", "properties": { "aaa": "Madre de Dios", "ala": "Tambopata - Inambari", "resolucion": "RD 0724-2019", "fecha": "13\/12\/2019", "archivo": "64-RD-0724-2019-04.pdf", "codlugarus": null, "lugaruso": "ESTANQUE URBANO", "uso": "Acuícola", "clase": "Licencia", "volumen": 41726.05, "area": 0.0, "modulo": 0.0, "usuario": "URBANO BATALLANOS, FRANCISCO", "documento": "DNI: 24972747", "fuentetipo": null, "fuente": "Filtración URBANO", "volumenfue": null, "cur": 2.0190724046404116e+19, "organizaci": null, "bloquecodi": null, "bloquenomb": null, "coordenada": null, "departamen": null, "provincia": "Tambopata", "distrito": "Inambari", "juntausuar": null, "comisionco": null, "fecharegis": null, "validado": "JUAN92_JS", "pozo": null, "codpozo": null, "numfila": 1, "datum": "WGS 84 (UTM)", "zona": 19, "este": 357826, "norte": 8574980, "unidadhidr": null, "areatotal": 0.0 }, "geometry": { "type": "Point", "coordinates": [ -70.310374905007009, -12.887161143158165 ] } },
{ "type": "Feature", "properties": { "aaa": "Madre de Dios", "ala": "Tambopata - Inambari", "resolucion": "RD 0726-2019", "fecha": "13\/12\/2019", "archivo": "64-RD-0726-2019-04.pdf", "codlugarus": null, "lugaruso": "ESTANQUE HUAMAN", "uso": "Acuícola", "clase": "Licencia", "volumen": 3232.5, "area": 0.0, "modulo": 0.0, "usuario": "HUAMAN CCAMA, VICTOR", "documento": "DNI: 04806952", "fuentetipo": null, "fuente": "Filtración HUAMAN", "volumenfue": null, "cur": 2.0190726046404112e+19, "organizaci": null, "bloquecodi": null, "bloquenomb": null, "coordenada": null, "departamen": null, "provincia": "Tambopata", "distrito": "Inambari", "juntausuar": null, "comisionco": null, "fecharegis": null, "validado": "JUAN92_JS", "pozo": null, "codpozo": null, "numfila": 1, "datum": "WGS 84 (UTM)", "zona": 19, "este": 374382, "norte": 8571928, "unidadhidr": null, "areatotal": 0.0 }, "geometry": { "type": "Point", "coordinates": [ -70.157933550828702, -12.915473217659171 ] } },
{ "type": "Feature", "properties": { "aaa": "Madre de Dios", "ala": "Tambopata - Inambari", "resolucion": "RD 0727-2019", "fecha": "13\/12\/2019", "archivo": "64-RD-0727-2019-04.pdf", "codlugarus": null, "lugaruso": "ESTANQUE URBANO", "uso": "Acuícola", "clase": "Licencia", "volumen": 6120.0, "area": 0.0, "modulo": 0.0, "usuario": "URBANO QUISPE, FELIMON", "documento": "DNI: 4660449", "fuentetipo": null, "fuente": "Quebrada LAS FLORES", "volumenfue": null, "cur": 2.0190727046404116e+19, "organizaci": null, "bloquecodi": null, "bloquenomb": null, "coordenada": null, "departamen": null, "provincia": "Tambopata", "distrito": "Inambari", "juntausuar": null, "comisionco": null, "fecharegis": null, "validado": "JUAN92_JS", "pozo": null, "codpozo": null, "numfila": 1, "datum": "WGS 84 (UTM)", "zona": 19, "este": 356269, "norte": 8575500, "unidadhidr": null, "areatotal": 0.0 }, "geometry": { "type": "Point", "coordinates": [ -70.324697910440207, -12.882387949012911 ] } },
{ "type": "Feature", "properties": { "aaa": "Madre de Dios", "ala": "Tambopata - Inambari", "resolucion": "RD 0728-2019", "fecha": "13\/12\/2019", "archivo": "64-RD-0728-2019-04.pdf", "codlugarus": null, "lugaruso": "ESTANQUE QUISPE", "uso": "Acuícola", "clase": "Licencia", "volumen": 3293.75, "area": 0.0, "modulo": 0.0, "usuario": "QUISPE PILLCO, ISIDORA", "documento": "DNI: 24469615", "fuentetipo": null, "fuente": "Filtración QUISPE", "volumenfue": null, "cur": 2.0190728046404084e+19, "organizaci": null, "bloquecodi": null, "bloquenomb": null, "coordenada": null, "departamen": null, "provincia": "Tambopata", "distrito": "Inambari", "juntausuar": null, "comisionco": null, "fecharegis": null, "validado": "JUAN92_JS", "pozo": null, "codpozo": null, "numfila": 1, "datum": "WGS 84 (UTM)", "zona": 19, "este": 359919, "norte": 8578146, "unidadhidr": null, "areatotal": 0.0 }, "geometry": { "type": "Point", "coordinates": [ -70.290941352816191, -12.858634757761459 ] } },
{ "type": "Feature", "properties": { "aaa": "Madre de Dios", "ala": "Tambopata - Inambari", "resolucion": "RD 0734-2019", "fecha": "16\/12\/2019", "archivo": "64-RD-0734-2019-04.pdf", "codlugarus": null, "lugaruso": "ESTANQUE URBANO", "uso": "Acuícola", "clase": "Licencia", "volumen": 25890.0, "area": 0.0, "modulo": 0.0, "usuario": "URBANO BATALLANOS, FAUSTINO", "documento": "DNI: 04826155", "fuentetipo": null, "fuente": "Filtración URBANOB", "volumenfue": null, "cur": 2.0190734046404084e+19, "organizaci": null, "bloquecodi": null, "bloquenomb": null, "coordenada": null, "departamen": null, "provincia": "Tambopata", "distrito": "Inambari", "juntausuar": null, "comisionco": null, "fecharegis": null, "validado": "JUAN92_JS", "pozo": null, "codpozo": null, "numfila": 1, "datum": "WGS 84 (UTM)", "zona": 19, "este": 357794, "norte": 8574963, "unidadhidr": null, "areatotal": 0.0 }, "geometry": { "type": "Point", "coordinates": [ -70.310670584445248, -12.887313354147 ] } },
{ "type": "Feature", "properties": { "aaa": "Madre de Dios", "ala": "Tambopata - Inambari", "resolucion": "RD 0735-2019", "fecha": "16\/12\/2019", "archivo": "64-RD-0735-2019-04.pdf", "codlugarus": null, "lugaruso": "ESTANQUE RIVAS", "uso": "Acuícola", "clase": "Licencia", "volumen": 16031.0, "area": 0.0, "modulo": 0.0, "usuario": "RIVAS CORRALES, VIOLETA", "documento": "DNI: 43249732", "fuentetipo": null, "fuente": "Filtración RIVAS", "volumenfue": null, "cur": 2.0190735046404084e+19, "organizaci": null, "bloquecodi": null, "bloquenomb": null, "coordenada": null, "departamen": null, "provincia": "Tambopata", "distrito": "Inambari", "juntausuar": null, "comisionco": null, "fecharegis": null, "validado": "JUAN92_JS", "pozo": null, "codpozo": null, "numfila": 1, "datum": "WGS 84 (UTM)", "zona": 19, "este": 365059, "norte": 8572447, "unidadhidr": null, "areatotal": 0.0 }, "geometry": { "type": "Point", "coordinates": [ -70.243835013676119, -12.910386211757153 ] } },
{ "type": "Feature", "properties": { "aaa": "Madre de Dios", "ala": "Tambopata - Inambari", "resolucion": "RD 0736-2019", "fecha": "16\/12\/2019", "archivo": "64-RD-0736-2019-04.pdf", "codlugarus": null, "lugaruso": "01 ESTANQUE (2250 m2)", "uso": "Acuícola", "clase": "Licencia", "volumen": 47250.0, "area": 0.0, "modulo": 0.0, "usuario": "NATIVIDAD LLOCLLA CCALA", "documento": "DNI: 04826062", "fuentetipo": null, "fuente": "Quebrada NATIVIDAD LLOCLLA", "volumenfue": null, "cur": 2.0190736046404211e+19, "organizaci": null, "bloquecodi": null, "bloquenomb": null, "coordenada": null, "departamen": null, "provincia": "Tambopata", "distrito": "Inambari", "juntausuar": null, "comisionco": null, "fecharegis": null, "validado": "PSANTIN", "pozo": null, "codpozo": null, "numfila": 1, "datum": "WGS 84 (UTM)", "zona": 19, "este": 354481, "norte": 8553911, "unidadhidr": null, "areatotal": 0.0 }, "geometry": { "type": "Point", "coordinates": [ -70.342220811965973, -13.077473759560222 ] } },
{ "type": "Feature", "properties": { "aaa": "Madre de Dios", "ala": "Tambopata - Inambari", "resolucion": "RD 0747-2019", "fecha": "17\/12\/2019", "archivo": "64-RD-0747-2019-04.pdf", "codlugarus": null, "lugaruso": "ESTANQUE PHUÑO", "uso": "Acuícola", "clase": "Licencia", "volumen": 30600.0, "area": 0.0, "modulo": 0.0, "usuario": "PHUÑO LLOCLLA, MARISOL", "documento": "DNI: 43232667", "fuentetipo": null, "fuente": "Quebrada ANA MARIA", "volumenfue": null, "cur": 2.0190747046404215e+19, "organizaci": null, "bloquecodi": null, "bloquenomb": null, "coordenada": null, "departamen": null, "provincia": "Tambopata", "distrito": "Inambari", "juntausuar": null, "comisionco": null, "fecharegis": null, "validado": "JUAN92_JS", "pozo": null, "codpozo": null, "numfila": 1, "datum": "WGS 84 (UTM)", "zona": 19, "este": 356194, "norte": 8555649, "unidadhidr": null, "areatotal": 0.0 }, "geometry": { "type": "Point", "coordinates": [ -70.326339730956889, -13.061843455258174 ] } },
{ "type": "Feature", "properties": { "aaa": "Madre de Dios", "ala": "Tambopata - Inambari", "resolucion": "RD 0748-2019", "fecha": "18\/12\/2019", "archivo": "64-RD-0748-2019-04.pdf", "codlugarus": null, "lugaruso": "ESTANQUE PEREYRA", "uso": "Acuícola", "clase": "Licencia", "volumen": 20400.0, "area": 0.0, "modulo": 0.0, "usuario": "PEREYRA MONTERROZO, ADRIAN", "documento": "DNI: 04963017", "fuentetipo": null, "fuente": "Quebrada FLORIDA", "volumenfue": null, "cur": 2.0190748046404104e+19, "organizaci": null, "bloquecodi": null, "bloquenomb": null, "coordenada": null, "departamen": null, "provincia": "Tambopata", "distrito": "Laberinto", "juntausuar": null, "comisionco": null, "fecharegis": null, "validado": "JUAN92_JS", "pozo": null, "codpozo": null, "numfila": 1, "datum": "WGS 84 (UTM)", "zona": 19, "este": 435900, "norte": 8585081, "unidadhidr": null, "areatotal": 0.0 }, "geometry": { "type": "Point", "coordinates": [ -69.590620358247847, -12.798437097421273 ] } },
{ "type": "Feature", "properties": { "aaa": "Madre de Dios", "ala": "Tambopata - Inambari", "resolucion": "RD 0749-2019", "fecha": "18\/12\/2019", "archivo": "64-RD-0749-2019-04.pdf", "codlugarus": null, "lugaruso": "ESTANQUE CHAMBI", "uso": "Acuícola", "clase": "Licencia", "volumen": 11400.0, "area": 0.0, "modulo": 0.0, "usuario": "CHAMBI CCALLOMAMANI, MIGUEL", "documento": "DNI: 01782714", "fuentetipo": null, "fuente": "Filtración MIGUEL CHAMBI", "volumenfue": null, "cur": 2.0190749046404112e+19, "organizaci": null, "bloquecodi": null, "bloquenomb": null, "coordenada": null, "departamen": null, "provincia": "Tambopata", "distrito": "Inambari", "juntausuar": null, "comisionco": null, "fecharegis": null, "validado": "JUAN92_JS", "pozo": null, "codpozo": null, "numfila": 1, "datum": "WGS 84 (UTM)", "zona": 19, "este": 371146, "norte": 8575403, "unidadhidr": null, "areatotal": 0.0 }, "geometry": { "type": "Point", "coordinates": [ -70.18760998147367, -12.883922452012522 ] } },
{ "type": "Feature", "properties": { "aaa": "Madre de Dios", "ala": "Tambopata - Inambari", "resolucion": "RD 0002-2020", "fecha": "03\/01\/2020", "archivo": "64-RD-0002-2020-04.pdf", "codlugarus": null, "lugaruso": "CAMINO VECINAL-MEJORAMIENTO DEL CAMINO VECINAL FLORIDA BAJA-FILADELFIA,  ALTO TAMBOPATA-LABERINTO-TAMBOPATA-MADRE DE DIOS", "uso": "Otros Usos", "clase": "Autorización", "volumen": 52807.65, "area": 0.0, "modulo": 0.0, "usuario": "PROYECTO ESPECIAL MADRE DE DIOS", "documento": "RUC: 20170258305", "fuentetipo": null, "fuente": "Quebrada GARI \/ Quebrada VENADO \/ Quebrada CORTA CUELLO \/ Quebrada FILADELFIA", "volumenfue": null, "cur": 2.0200002046412177e+19, "organizaci": null, "bloquecodi": null, "bloquenomb": null, "coordenada": null, "departamen": null, "provincia": "Tambopata", "distrito": "Laberinto", "juntausuar": null, "comisionco": null, "fecharegis": null, "validado": "PSANTIN", "pozo": null, "codpozo": null, "numfila": 1, "datum": "WGS 84 (UTM)", "zona": 19, "este": 444378, "norte": 8575730, "unidadhidr": null, "areatotal": 0.0 }, "geometry": { "type": "Point", "coordinates": [ -69.512677382101899, -12.88315665357751 ] } },
{ "type": "Feature", "properties": { "aaa": "Madre de Dios", "ala": "Tambopata - Inambari", "resolucion": "RD 0014-2020", "fecha": "07\/01\/2020", "archivo": "64-RD-0014-2020-03.pdf", "codlugarus": null, "lugaruso": "BARRIO SAN ANTONIO", "uso": "Poblacional", "clase": "Licencia", "volumen": 16083.33, "area": 0.0, "modulo": 0.0, "usuario": "JUNTA ADMINISTRADORA DE SERVICIOS DE SANEAMIENTO (JASS) SAN ANTONIO", "documento": null, "fuentetipo": null, "fuente": "Manantial ESPINCU", "volumenfue": null, "cur": 2.0200014046401094e+19, "organizaci": null, "bloquecodi": null, "bloquenomb": null, "coordenada": null, "departamen": null, "provincia": "Sandia", "distrito": "Cuyocuyo", "juntausuar": null, "comisionco": null, "fecharegis": null, "validado": "PSANTIN", "pozo": null, "codpozo": null, "numfila": 1, "datum": "WGS 84 (UTM)", "zona": 19, "este": 442141, "norte": 8400094, "unidadhidr": null, "areatotal": 0.0 }, "geometry": { "type": "Point", "coordinates": [ -69.536882261520248, -14.471186879964517 ] } },
{ "type": "Feature", "properties": { "aaa": "Madre de Dios", "ala": "Tambopata - Inambari", "resolucion": "RD 0025-2020", "fecha": "17\/01\/2020", "archivo": "64-RD-0025-2020-03.pdf", "codlugarus": null, "lugaruso": "BLOQUE DE RIEGO MANDA CANCHACANCHAPATA", "uso": "Agrario", "clase": "Licencia", "volumen": 30444.77, "area": 1.5, "modulo": 20296.51, "usuario": "COMUNIDAD CAMPESINA DE ESQUENA Y ANEXO AMAYANI", "documento": null, "fuentetipo": null, "fuente": "Quebrada PUNCUPATA", "volumenfue": null, "cur": 2.0200025046403191e+19, "organizaci": null, "bloquecodi": null, "bloquenomb": null, "coordenada": null, "departamen": null, "provincia": "Carabaya", "distrito": "Coasa", "juntausuar": null, "comisionco": null, "fecharegis": null, "validado": "PSANTIN", "pozo": null, "codpozo": null, "numfila": 1, "datum": "WGS 84 (UTM)", "zona": 19, "este": 399784, "norte": 8458955, "unidadhidr": null, "areatotal": 0.0 }, "geometry": { "type": "Point", "coordinates": [ -69.927720180096273, -13.937820332433612 ] } },
{ "type": "Feature", "properties": { "aaa": "Madre de Dios", "ala": "Tambopata - Inambari", "resolucion": "RD 0026-2020", "fecha": "17\/01\/2020", "archivo": "64-RD-0026-2020-03.pdf", "codlugarus": null, "lugaruso": "BLOQUE DE RIEGO KOGUEJIQUI", "uso": "Agrario", "clase": "Licencia", "volumen": 85261.26, "area": 4.2, "modulo": 20300.3, "usuario": "COMUNIDAD CAMPESINA DE ESQUENA Y ANEXO AMAYANI", "documento": null, "fuentetipo": null, "fuente": "Quebrada KOGUEJIQUI CAGEN CORANI", "volumenfue": null, "cur": 2.0200026046403092e+19, "organizaci": null, "bloquecodi": null, "bloquenomb": null, "coordenada": null, "departamen": null, "provincia": "Carabaya", "distrito": "Coasa", "juntausuar": null, "comisionco": null, "fecharegis": null, "validado": "PSANTIN", "pozo": null, "codpozo": null, "numfila": 1, "datum": "WGS 84 (UTM)", "zona": 19, "este": 397241, "norte": 8457964, "unidadhidr": null, "areatotal": 0.0 }, "geometry": { "type": "Point", "coordinates": [ -69.951295681916292, -13.946688939974493 ] } },
{ "type": "Feature", "properties": { "aaa": "Madre de Dios", "ala": "Tambopata - Inambari", "resolucion": "RD 0027-2020", "fecha": "17\/01\/2020", "archivo": "64-RD-0027-2020-03.pdf", "codlugarus": null, "lugaruso": "BLOQUE DE RIEGO FUNDO MAYCHULLO-SECTOR TACCO", "uso": "Agrario", "clase": "Licencia", "volumen": 142164.3, "area": 7.0, "modulo": 20309.19, "usuario": "COMUNIDAD CAMPESINA DE ESQUENA Y ANEXO AMAYANI", "documento": null, "fuentetipo": null, "fuente": "Río TUMA TUMANI", "volumenfue": null, "cur": 2.0200027046403097e+19, "organizaci": null, "bloquecodi": null, "bloquenomb": null, "coordenada": null, "departamen": null, "provincia": "Carabaya", "distrito": "Coasa", "juntausuar": null, "comisionco": null, "fecharegis": null, "validado": "PSANTIN", "pozo": null, "codpozo": null, "numfila": 1, "datum": "WGS 84 (UTM)", "zona": 19, "este": 399817, "norte": 8457835, "unidadhidr": null, "areatotal": 0.0 }, "geometry": { "type": "Point", "coordinates": [ -69.927455159794505, -13.947947245651015 ] } },
{ "type": "Feature", "properties": { "aaa": "Madre de Dios", "ala": "Tambopata - Inambari", "resolucion": "RD 0030-2020", "fecha": "21\/01\/2020", "archivo": "64-RD-0030-2020-03.pdf", "codlugarus": null, "lugaruso": "TRAMO VIAL Nº 3 PUENTE INAMBARI-IÑAPARI: KM 318 AL 321;  Y C. VECINAL VIRGEN DE LA CANDELARIA-SARAYACU", "uso": "Otros Usos", "clase": "Autorización", "volumen": 54000.0, "area": 0.0, "modulo": 0.0, "usuario": "ODEBRECHT PERU OPERACIONES Y SERVICIOS S.A.C.", "documento": "RUC: 20544263642", "fuentetipo": null, "fuente": "Río INAMBARI \/ Río INAMBARI \/ Río JAYAVE", "volumenfue": null, "cur": 2.0200030046412182e+19, "organizaci": null, "bloquecodi": null, "bloquenomb": null, "coordenada": null, "departamen": null, "provincia": "Tambopata", "distrito": "Inambari", "juntausuar": null, "comisionco": null, "fecharegis": null, "validado": "AHUARANCCA", "pozo": null, "codpozo": null, "numfila": 1, "datum": "WGS 84 (UTM)", "zona": 19, "este": 385085, "norte": 8574280, "unidadhidr": null, "areatotal": 0.0 }, "geometry": { "type": "Point", "coordinates": [ -70.0591973285226, -12.894626799902204 ] } },
{ "type": "Feature", "properties": { "aaa": "Madre de Dios", "ala": "Tambopata - Inambari", "resolucion": "RD 0072-2020", "fecha": "25\/02\/2020", "archivo": "64-RD-0072-2020-04.pdf", "codlugarus": null, "lugaruso": "PROYECTO MINERO EL PRINCIPE AZUL 1 DENTRO DE LA CONCESION MINERA EL PRINCIPE AZUL 1(070001202)", "uso": "Minero", "clase": "Licencia", "volumen": 45360.0, "area": 0.0, "modulo": 0.0, "usuario": "CELADITA CONTRERAS, EVELYN DIANA", "documento": "RUC: 10453949970", "fuentetipo": null, "fuente": "Acuífero TAMBOPATA", "volumenfue": null, "cur": 2.0200072046408122e+19, "organizaci": null, "bloquecodi": null, "bloquenomb": null, "coordenada": null, "departamen": null, "provincia": "Tambopata", "distrito": "Inambari", "juntausuar": null, "comisionco": null, "fecharegis": null, "validado": "JUAN92_JS", "pozo": null, "codpozo": null, "numfila": 1, "datum": "WGS 84 (UTM)", "zona": 19, "este": 388172, "norte": 8560894, "unidadhidr": null, "areatotal": 0.0 }, "geometry": { "type": "Point", "coordinates": [ -70.031244901553436, -13.015766916295249 ] } },
{ "type": "Feature", "properties": { "aaa": "Madre de Dios", "ala": "Tambopata - Inambari", "resolucion": "RD 0075-2020", "fecha": "26\/02\/2020", "archivo": "64-RD-0075-2020-02.pdf", "codlugarus": null, "lugaruso": "\"SECTOR CRITICO KM 240+290 AL KM 241+800\"", "uso": "Otros Usos", "clase": "Autorización", "volumen": 59413.8, "area": 0.0, "modulo": 0.0, "usuario": "OPERADORA SURPERU", "documento": "RUC: 20544268873", "fuentetipo": null, "fuente": "Río LACCAMAYO \/ Río LACCAMAYO \/ Río TOCCA \/ Quebrada CHAHUANA \/ Río OLLACHEA \/ Quebrada CASAHUIRI \/ Quebrada EL CARMEN \/ Río SAN GABAN \/ Río CHAQUIMAYO \/ Quebrada ALCOCHACA", "volumenfue": null, "cur": 2.0200075046412116e+19, "organizaci": null, "bloquecodi": null, "bloquenomb": null, "coordenada": null, "departamen": null, "provincia": "Carabaya", "distrito": "Macusani", "juntausuar": null, "comisionco": null, "fecharegis": null, "validado": "JUAN92_JS", "pozo": null, "codpozo": null, "numfila": 1, "datum": "WGS 84 (UTM)", "zona": 19, "este": 349926, "norte": 8441790, "unidadhidr": null, "areatotal": 0.0 }, "geometry": { "type": "Point", "coordinates": [ -70.390119191676959, -14.090784911226425 ] } },
{ "type": "Feature", "properties": { "aaa": "Madre de Dios", "ala": "Tambopata - Inambari", "resolucion": "RD 0088-2020", "fecha": "27\/02\/2020", "archivo": "64-RD-0088-2020-03.pdf", "codlugarus": null, "lugaruso": null, "uso": "Poblacional", "clase": "Licencia", "volumen": 70520.55, "area": 0.0, "modulo": 0.0, "usuario": "JUNTA ADMINISTRADORA DE SERVICIOS DE SANEAMIENTO (JASS) DEL CENTRO POBLADO RURAL SAN MIGUEL DE PAMPA GRANDE", "documento": null, "fuentetipo": null, "fuente": "Manantial SAN MIGUEL PAMPA GRANDE", "volumenfue": null, "cur": 2.020008804640111e+19, "organizaci": null, "bloquecodi": null, "bloquenomb": null, "coordenada": null, "departamen": null, "provincia": "Sandia", "distrito": "San Pedro De Putina Punco", "juntausuar": null, "comisionco": null, "fecharegis": null, "validado": "AHUARANCCA", "pozo": null, "codpozo": null, "numfila": 1, "datum": "WGS 84 (UTM)", "zona": 19, "este": 503017, "norte": 8453911, "unidadhidr": null, "areatotal": 0.0 }, "geometry": { "type": "Point", "coordinates": [ -68.972064217958987, -13.985193861259697 ] } },
{ "type": "Feature", "properties": { "aaa": "Madre de Dios", "ala": "Tambopata - Inambari", "resolucion": "RD 0089-2020", "fecha": "27\/02\/2020", "archivo": "64-RD-0089-2020-03.pdf", "codlugarus": null, "lugaruso": null, "uso": "Poblacional", "clase": "Licencia", "volumen": 26805.6, "area": 0.0, "modulo": 0.0, "usuario": "JUNTA ADMINISTRADORA DE LOS SERVICIOS DE SANEAMIENTO (JASS), DEL CENTRO POBLADO DE ISILLUMA", "documento": null, "fuentetipo": null, "fuente": "Manantial BANCOPATA \/ Manantial ISILLUMA", "volumenfue": null, "cur": 2.020008904640111e+19, "organizaci": null, "bloquecodi": null, "bloquenomb": null, "coordenada": null, "departamen": null, "provincia": "Sandia", "distrito": "Alto Inambari", "juntausuar": null, "comisionco": null, "fecharegis": null, "validado": "AHUARANCCA", "pozo": null, "codpozo": null, "numfila": 1, "datum": "WGS 84 (UTM)", "zona": 19, "este": 459659, "norte": 8456628, "unidadhidr": null, "areatotal": 0.0 }, "geometry": { "type": "Point", "coordinates": [ -69.3734933597799, -13.960341483848158 ] } },
{ "type": "Feature", "properties": { "aaa": "Madre de Dios", "ala": "Tambopata - Inambari", "resolucion": "RD 0090-2020", "fecha": "27\/02\/2020", "archivo": "64-RD-0090-2020-03.pdf", "codlugarus": null, "lugaruso": null, "uso": "Poblacional", "clase": "Licencia", "volumen": 13245.13, "area": 0.0, "modulo": 0.0, "usuario": "JUNTA ADMINISTRADORA DE SERVICIOS DE SANEAMIENTO (JASS) DEL CENTRO POBLADO RURAL DE LAS PALMERAS", "documento": null, "fuentetipo": null, "fuente": "Manantial PALMERA", "volumenfue": null, "cur": 2.0200090046401106e+19, "organizaci": null, "bloquecodi": null, "bloquenomb": null, "coordenada": null, "departamen": null, "provincia": "Tambopata", "distrito": "Inambari", "juntausuar": null, "comisionco": null, "fecharegis": null, "validado": "JUAN92_JS", "pozo": null, "codpozo": null, "numfila": 1, "datum": "WGS 84 (UTM)", "zona": 19, "este": 350223, "norte": 8549619, "unidadhidr": null, "areatotal": 0.0 }, "geometry": { "type": "Point", "coordinates": [ -70.381703634238804, -13.116066402395695 ] } },
{ "type": "Feature", "properties": { "aaa": "Madre de Dios", "ala": "Tambopata - Inambari", "resolucion": "RD 0121-2020", "fecha": "25\/03\/2020", "archivo": "64-RD-0121-2020-03.pdf", "codlugarus": null, "lugaruso": null, "uso": "Poblacional", "clase": "Licencia", "volumen": 26805.6, "area": 0.0, "modulo": 0.0, "usuario": "“JUNTA ADMINISTRADORA DE SERVICIOS DE SANEAMIENTO” (JASS)-ÑACOREQUE GRANDE", "documento": null, "fuentetipo": null, "fuente": "Manantial UÑA SIRSI \/ Manantial PUNCUPATA 1 \/ Manantial PUNCUPATA 2", "volumenfue": null, "cur": 2.0200121046401184e+19, "organizaci": null, "bloquecodi": null, "bloquenomb": null, "coordenada": null, "departamen": null, "provincia": "Sandia", "distrito": "Cuyocuyo", "juntausuar": null, "comisionco": null, "fecharegis": null, "validado": "AHUARANCCA", "pozo": null, "codpozo": null, "numfila": 1, "datum": "WGS 84 (UTM)", "zona": 19, "este": 445744, "norte": 8402858, "unidadhidr": null, "areatotal": 0.0 }, "geometry": { "type": "Point", "coordinates": [ -69.503394175945559, -14.446270634267208 ] } },
{ "type": "Feature", "properties": { "aaa": "Madre de Dios", "ala": "Tambopata - Inambari", "resolucion": "RD 0122-2020", "fecha": "13\/04\/2020", "archivo": "64-RD-0122-2020-03.pdf", "codlugarus": null, "lugaruso": "SECTOR CACHI CACHI DE LA COMUNIDAD CAMPESINA CCOLLANA", "uso": "Poblacional", "clase": "Licencia", "volumen": 5991.87, "area": 0.0, "modulo": 0.0, "usuario": "JUNTA ADMINISTRADORA DE SERVICIO DE SANEAMIENTO (JASS) DEL SECTOR DE CACHI CACHI DE LA COMUNIDAD CAMPESINA CCOLLANA", "documento": null, "fuentetipo": null, "fuente": "Manantial SEPAS PUJO", "volumenfue": null, "cur": 2.020012204640118e+19, "organizaci": null, "bloquecodi": null, "bloquenomb": null, "coordenada": null, "departamen": null, "provincia": "Quispicanchi", "distrito": "Marcapata", "juntausuar": null, "comisionco": null, "fecharegis": null, "validado": "JUAN92_JS", "pozo": null, "codpozo": null, "numfila": 1, "datum": "WGS 84 (UTM)", "zona": 19, "este": 287986, "norte": 8485483, "unidadhidr": null, "areatotal": 0.0 }, "geometry": { "type": "Point", "coordinates": [ -70.96033473629528, -13.691952832728042 ] } },
{ "type": "Feature", "properties": { "aaa": "Madre de Dios", "ala": "Tambopata - Inambari", "resolucion": "RD 0135-2020", "fecha": "03\/07\/2020", "archivo": "64-RD-0135-2020-03.pdf", "codlugarus": null, "lugaruso": null, "uso": "Poblacional", "clase": "Licencia", "volumen": 3153.6, "area": 0.0, "modulo": 0.0, "usuario": "JUNTA ADMINISTRADORA DE SERVICIOS DE SANEAMIENTO (JASS) DEL SECTOR DE MARCARANI DE LA COMUNIDAD CAMPESINA DE MARCAPATA CCOLLANA", "documento": null, "fuentetipo": null, "fuente": "Manantial SURAYOC HOCCO", "volumenfue": null, "cur": 2.0200135046401094e+19, "organizaci": null, "bloquecodi": null, "bloquenomb": null, "coordenada": null, "departamen": null, "provincia": "Quispicanchi", "distrito": "Marcapata", "juntausuar": null, "comisionco": null, "fecharegis": null, "validado": "AHUARANCCA", "pozo": null, "codpozo": null, "numfila": 1, "datum": "WGS 84 (UTM)", "zona": 19, "este": 282867, "norte": 8485609, "unidadhidr": null, "areatotal": 0.0 }, "geometry": { "type": "Point", "coordinates": [ -71.007636304424864, -13.690434911820828 ] } },
{ "type": "Feature", "properties": { "aaa": "Madre de Dios", "ala": "Tambopata - Inambari", "resolucion": "RD 0138-2020", "fecha": "06\/07\/2020", "archivo": "64-RD-0138-2020-02.pdf", "codlugarus": null, "lugaruso": null, "uso": "Otros Usos", "clase": "Autorización", "volumen": 34463.232, "area": 0.0, "modulo": 0.0, "usuario": "CONCESIONARIA INTEROCEANICA SUR TRAMO 2 S.A", "documento": "RUC: 20511125040", "fuentetipo": null, "fuente": "Quebrada S\/N \/ Quebrada EL DORADO \/ Quebrada YANAMAYO GRANDE \/ Quebrada MANIRE \/ Quebrada AMACHO \/ Quebrada PAROCACHE", "volumenfue": null, "cur": 2.0200138046412182e+19, "organizaci": null, "bloquecodi": null, "bloquenomb": null, "coordenada": null, "departamen": null, "provincia": "Quispicanchi", "distrito": "Camanti", "juntausuar": null, "comisionco": null, "fecharegis": null, "validado": "JUAN92_JS", "pozo": null, "codpozo": null, "numfila": 1, "datum": "WGS 84 (UTM)", "zona": 19, "este": 338976, "norte": 8542669, "unidadhidr": null, "areatotal": 0.0 }, "geometry": { "type": "Point", "coordinates": [ -70.485812448865119, -13.178313946902248 ] } },
{ "type": "Feature", "properties": { "aaa": "Madre de Dios", "ala": "Tambopata - Inambari", "resolucion": "RD 0141-2020", "fecha": "07\/07\/2020", "archivo": "64-RD-0141-2020-02.pdf", "codlugarus": null, "lugaruso": "CARRETERA INTEROCEANICA TRAMO 3: DE LAS PROGRESIVAS KM 259+120-362+250", "uso": "Otros Usos", "clase": "Autorización", "volumen": 631182.6, "area": 0.0, "modulo": 0.0, "usuario": "CONCESIONARIA INTEROCEÁNICA SUR TRAMO 3 S.A", "documento": "RUC: 20511129975", "fuentetipo": null, "fuente": "Quebrada CHIFORONGO \/ Quebrada CHAQUIMAYO \/ Río DOS DE MAYO \/ Quebrada BUENQUEME \/ Quebrada SANTA ROSA \/ Quebrada ALCANTARILLA 1 \/ Río JAYAVE \/ Quebrada ALCANTARILLA 2 \/ Quebrada SOL NACIENTE \/ Queb", "volumenfue": null, "cur": 2.0200141046412194e+19, "organizaci": null, "bloquecodi": null, "bloquenomb": null, "coordenada": null, "departamen": null, "provincia": "Tambopata", "distrito": "Inambari", "juntausuar": null, "comisionco": null, "fecharegis": null, "validado": "JUAN92_JS", "pozo": null, "codpozo": null, "numfila": 1, "datum": "WGS 84 (UTM)", "zona": 19, "este": 351379, "norte": 8549985, "unidadhidr": null, "areatotal": 0.0 }, "geometry": { "type": "Point", "coordinates": [ -70.371023280237722, -13.112814728531976 ] } },
{ "type": "Feature", "properties": { "aaa": "Madre de Dios", "ala": "Tambopata - Inambari", "resolucion": "RD 0158-2020", "fecha": "20\/07\/2020", "archivo": "64-RD-0158-2020-03.pdf", "codlugarus": null, "lugaruso": "DERECHO  MINERO CAPAJORCO", "uso": "Minero", "clase": "Licencia", "volumen": 27436.32, "area": 0.0, "modulo": 0.0, "usuario": "EMPRESA MINERA LUZ NUEVA FORTUNA S.A.", "documento": "RUC: 20448183611", "fuentetipo": null, "fuente": "Quebrada ANEXO NUEVA FORTUNA", "volumenfue": null, "cur": 2.0200158046408114e+19, "organizaci": null, "bloquecodi": null, "bloquenomb": null, "coordenada": null, "departamen": null, "provincia": "Sandia", "distrito": "Phara", "juntausuar": null, "comisionco": null, "fecharegis": null, "validado": "JUAN92_JS", "pozo": null, "codpozo": null, "numfila": 1, "datum": "WGS 84 (UTM)", "zona": 19, "este": 436318, "norte": 8453258, "unidadhidr": null, "areatotal": 0.0 }, "geometry": { "type": "Point", "coordinates": [ -69.589664733058456, -13.990383544108255 ] } },
{ "type": "Feature", "properties": { "aaa": "Madre de Dios", "ala": "Tambopata - Inambari", "resolucion": "RD 0168-2020", "fecha": "22\/07\/2020", "archivo": "64-RD-0168-2020-03.pdf", "codlugarus": null, "lugaruso": "I.E.I. N° 388 SOL NACIENTE", "uso": "Doméstico - Poblacional", "clase": "Licencia", "volumen": 6426.7, "area": 0.0, "modulo": 0.0, "usuario": "DIRECCION REGIONAL DE EDUCACION DE MADRE DE DIOS", "documento": "RUC: 20350338315", "fuentetipo": null, "fuente": "Acuífero TAMBOPATA", "volumenfue": null, "cur": 2.020016804640222e+19, "organizaci": null, "bloquecodi": null, "bloquenomb": null, "coordenada": null, "departamen": null, "provincia": "Tambopata", "distrito": "Inambari", "juntausuar": null, "comisionco": null, "fecharegis": null, "validado": "JUAN92_JS", "pozo": null, "codpozo": null, "numfila": 1, "datum": "WGS 84 (UTM)", "zona": 19, "este": 402705, "norte": 8574090, "unidadhidr": null, "areatotal": 0.0 }, "geometry": { "type": "Point", "coordinates": [ -69.896811226530545, -12.896951633811106 ] } },
{ "type": "Feature", "properties": { "aaa": "Madre de Dios", "ala": "Tambopata - Inambari", "resolucion": "RD 0169-2020", "fecha": "22\/07\/2020", "archivo": "64-RD-0169-2020-03.pdf", "codlugarus": null, "lugaruso": "I.E.B.R. N° 52114 ALTO LIBERTAD", "uso": "Doméstico - Poblacional", "clase": "Licencia", "volumen": 68872.44, "area": 0.0, "modulo": 0.0, "usuario": "DIRECCION REGIONAL DE EDUCACION DE MADRE DE DIOS", "documento": "RUC: 20350338315", "fuentetipo": null, "fuente": "Acuífero INAMBARI", "volumenfue": null, "cur": 2.020016904640222e+19, "organizaci": null, "bloquecodi": null, "bloquenomb": null, "coordenada": null, "departamen": null, "provincia": "Tambopata", "distrito": "Inambari", "juntausuar": null, "comisionco": null, "fecharegis": null, "validado": "JUAN92_JS", "pozo": null, "codpozo": null, "numfila": 1, "datum": "WGS 84 (UTM)", "zona": 19, "este": 397380, "norte": 8573936, "unidadhidr": null, "areatotal": 0.0 }, "geometry": { "type": "Point", "coordinates": [ -69.94589476096607, -12.898171212321152 ] } },
{ "type": "Feature", "properties": { "aaa": "Madre de Dios", "ala": "Tambopata - Inambari", "resolucion": "RD 0229-2020", "fecha": "09\/09\/2020", "archivo": "64-RD-0229-2020-04.pdf", "codlugarus": null, "lugaruso": "ESTANQUE RODRIGUEZ", "uso": "Acuícola", "clase": "Licencia", "volumen": 14027.14, "area": 0.0, "modulo": 0.0, "usuario": "RODRIGUEZ DIAZ, GANDIDA", "documento": "DNI:  25202453", "fuentetipo": null, "fuente": "Filtración NUEVA AREQUIPA", "volumenfue": null, "cur": 2.0200229046404145e+19, "organizaci": null, "bloquecodi": null, "bloquenomb": null, "coordenada": null, "departamen": null, "provincia": "Tambopata", "distrito": "Inambari", "juntausuar": null, "comisionco": null, "fecharegis": null, "validado": "JUAN92_JS", "pozo": null, "codpozo": null, "numfila": 1, "datum": "WGS 84 (UTM)", "zona": 19, "este": 390259, "norte": 8574891, "unidadhidr": null, "areatotal": 0.0 }, "geometry": { "type": "Point", "coordinates": [ -70.011490582364019, -12.889291184575537 ] } },
{ "type": "Feature", "properties": { "aaa": "Madre de Dios", "ala": "Tambopata - Inambari", "resolucion": "RD 0243-2020", "fecha": "28\/09\/2020", "archivo": "64-RD-0243-2020-03.pdf", "codlugarus": null, "lugaruso": "“Proyecto de Ingeniería de Detalle (PID) del Sector Crítico Km. 231+700 al Km. 232+800-Túnel Ollachea (Km. 231+660 al Km. 232+800) del Tramo 4: Azángaro-Puente Inambari del Proyecto Corredor Vial Interoceánico Sur, Perú -", "uso": "Otros Usos", "clase": "Autorización", "volumen": 50772.96, "area": 0.0, "modulo": 0.0, "usuario": "INTERSUR CONCESIONES S.A.", "documento": "RUC: 20511130124", "fuentetipo": null, "fuente": "Río CHAHUANA \/ Río OLLACHEA \/ Río OLLACHEA", "volumenfue": null, "cur": 2.02002430464121e+19, "organizaci": null, "bloquecodi": null, "bloquenomb": null, "coordenada": null, "departamen": null, "provincia": "Carabaya", "distrito": "Ollachea", "juntausuar": null, "comisionco": null, "fecharegis": null, "validado": "AHUARANCCA", "pozo": null, "codpozo": null, "numfila": 1, "datum": "WGS 84 (UTM)", "zona": 19, "este": 340276, "norte": 8473402, "unidadhidr": null, "areatotal": 0.0 }, "geometry": { "type": "Point", "coordinates": [ -70.477665395005587, -13.80451190503806 ] } },
{ "type": "Feature", "properties": { "aaa": "Madre de Dios", "ala": "Tambopata - Inambari", "resolucion": "RD 0248-2020", "fecha": "02\/10\/2020", "archivo": "64-RD-0248-2020-05.pdf", "codlugarus": null, "lugaruso": "PREDIO CCERCECCACCA", "uso": "Agrario", "clase": "Licencia", "volumen": 21639.48, "area": 2.0, "modulo": 10819.74, "usuario": "MAMANI GRETA, ANACLETA", "documento": "DNI: 01683866", "fuentetipo": null, "fuente": "Quebrada QUISCO \/ Quebrada QUISCO", "volumenfue": null, "cur": 2.0200248046403215e+19, "organizaci": null, "bloquecodi": null, "bloquenomb": null, "coordenada": null, "departamen": null, "provincia": "Carabaya", "distrito": "Macusani", "juntausuar": null, "comisionco": null, "fecharegis": null, "validado": "JUAN92_JS", "pozo": null, "codpozo": null, "numfila": 1, "datum": "WGS 84 (UTM)", "zona": 19, "este": 330159, "norte": 8448913, "unidadhidr": null, "areatotal": 0.0 }, "geometry": { "type": "Point", "coordinates": [ -70.57273271871064, -14.025278399969473 ] } },
{ "type": "Feature", "properties": { "aaa": "Madre de Dios", "ala": "Tambopata - Inambari", "resolucion": "RD 0252-2020", "fecha": "05\/10\/2020", "archivo": "64-RD-0252-2020-05.pdf", "codlugarus": null, "lugaruso": "Predio “Pacchapampa”", "uso": "Agrario", "clase": "Licencia", "volumen": 19424.0, "area": 0.0, "modulo": 0.0, "usuario": "ABAD JUNIOR CANSAYA MOROCCO", "documento": "DNI: 75094212", "fuentetipo": null, "fuente": "Quebrada TACSANAPUNCO \/ Quebrada MUYUNAPAMPA", "volumenfue": null, "cur": 2.020025204640317e+19, "organizaci": null, "bloquecodi": null, "bloquenomb": null, "coordenada": null, "departamen": null, "provincia": "Carabaya", "distrito": "Macusani", "juntausuar": null, "comisionco": null, "fecharegis": null, "validado": "AHUARANCCA", "pozo": null, "codpozo": null, "numfila": 1, "datum": "WGS 84 (UTM)", "zona": 19, "este": 329172, "norte": 8447832, "unidadhidr": null, "areatotal": 0.0 }, "geometry": { "type": "Point", "coordinates": [ -70.581936904799193, -14.034989493817307 ] } },
{ "type": "Feature", "properties": { "aaa": "Madre de Dios", "ala": "Tambopata - Inambari", "resolucion": "RD 0263-2020", "fecha": "14\/10\/2020", "archivo": "64-RD-0263-2020-03.pdf", "codlugarus": null, "lugaruso": "SECTOR BAJO ARAPA-LA PAPAYITA", "uso": "Agrario", "clase": "Licencia", "volumen": 11527.48, "area": 2750.0, "modulo": 4.19, "usuario": "COMITÉ DE USUARIOS DE AGUA DEL SECTOR BAJO ARAPA-LA PAPAYITA", "documento": null, "fuentetipo": null, "fuente": "Quebrada UNUCUCHO", "volumenfue": null, "cur": 2.0200263046403097e+19, "organizaci": null, "bloquecodi": null, "bloquenomb": null, "coordenada": null, "departamen": null, "provincia": "Sandia", "distrito": "Sandia", "juntausuar": null, "comisionco": null, "fecharegis": null, "validado": "JUAN92_JS", "pozo": null, "codpozo": null, "numfila": 1, "datum": "WGS 84 (UTM)", "zona": 19, "este": 447814, "norte": 8412509, "unidadhidr": null, "areatotal": 0.0 }, "geometry": { "type": "Point", "coordinates": [ -69.48400080131907, -14.359052623348157 ] } },
{ "type": "Feature", "properties": { "aaa": "Madre de Dios", "ala": "Tambopata - Inambari", "resolucion": "RD 0264-2020", "fecha": "16\/10\/2020", "archivo": "64-RD-0264-2020-03.pdf", "codlugarus": null, "lugaruso": "DERECHO MINERO IMELDA 2005", "uso": "Minero", "clase": "Licencia", "volumen": 37800.0, "area": 0.0, "modulo": 0.0, "usuario": "LUCILA VARGAS DE VARGAS", "documento": "RUC: 10048087332", "fuentetipo": null, "fuente": "Acuífero TAMBOPATA", "volumenfue": null, "cur": 2.020026404640818e+19, "organizaci": null, "bloquecodi": null, "bloquenomb": null, "coordenada": null, "departamen": null, "provincia": "Tambopata", "distrito": "Inambari", "juntausuar": null, "comisionco": null, "fecharegis": null, "validado": "JUAN92_JS", "pozo": null, "codpozo": null, "numfila": 1, "datum": "WGS 84 (UTM)", "zona": 19, "este": 393005, "norte": 8561629, "unidadhidr": null, "areatotal": 0.0 }, "geometry": { "type": "Point", "coordinates": [ -69.986654878036347, -13.00929483944118 ] } },
{ "type": "Feature", "properties": { "aaa": "Madre de Dios", "ala": "Tambopata - Inambari", "resolucion": "RD 0286-2020", "fecha": "03\/11\/2020", "archivo": "64-RD-0286-2020-03.pdf", "codlugarus": null, "lugaruso": "PROYECTO APROVECHAMIENTO DE LA QUEBRADA TUPURI", "uso": "Otros Usos", "clase": "Autorización", "volumen": 2814.91, "area": 0.0, "modulo": 0.0, "usuario": "CESBE S.A. SUCURSAL DEL PERU", "documento": "RUC: 20600446241", "fuentetipo": null, "fuente": "Quebrada CHAFRAMAYO", "volumenfue": null, "cur": 2.0200286046412075e+19, "organizaci": null, "bloquecodi": null, "bloquenomb": null, "coordenada": null, "departamen": null, "provincia": "Carabaya", "distrito": "San Gaban", "juntausuar": null, "comisionco": null, "fecharegis": null, "validado": "JUAN92_JS", "pozo": null, "codpozo": null, "numfila": 1, "datum": "WGS 84 (UTM)", "zona": 19, "este": 343055, "norte": 8482585, "unidadhidr": null, "areatotal": 0.0 }, "geometry": { "type": "Point", "coordinates": [ -70.451449736935558, -13.721657722644942 ] } },
{ "type": "Feature", "properties": { "aaa": "Madre de Dios", "ala": "Tambopata - Inambari", "resolucion": "RD 0290-2020", "fecha": "29\/10\/2020", "archivo": "64-RD-0290-2020-04.pdf", "codlugarus": null, "lugaruso": "FUNDO UMABAMBA", "uso": "Agrario", "clase": "Licencia", "volumen": 29147.92, "area": 3.35, "modulo": 8700.87, "usuario": "COMITE DE USUARIOS DE AGUA FUNDO UMABAMBA", "documento": null, "fuentetipo": null, "fuente": "Quebrada LAJACANCHA \/ Quebrada TAMBOMAYO \/ Quebrada APACHETA \/ Quebrada CHACOSONCCA", "volumenfue": null, "cur": 2.020029004640308e+19, "organizaci": null, "bloquecodi": null, "bloquenomb": null, "coordenada": null, "departamen": null, "provincia": "Sandia", "distrito": "Limbani", "juntausuar": null, "comisionco": null, "fecharegis": null, "validado": "AHUARANCCA", "pozo": null, "codpozo": null, "numfila": 1, "datum": "WGS 84 (UTM)", "zona": 19, "este": 430224, "norte": 8447528, "unidadhidr": null, "areatotal": 3.35 }, "geometry": { "type": "Point", "coordinates": [ -69.646234746642051, -14.042047150043414 ] } },
{ "type": "Feature", "properties": { "aaa": "Madre de Dios", "ala": "Tambopata - Inambari", "resolucion": "RD 0307-2020", "fecha": "06\/11\/2020", "archivo": "64-RD-0307-2020-05.pdf", "codlugarus": null, "lugaruso": "DERECHO MIENRO AUSANGATE TRES", "uso": "Minero", "clase": "Licencia", "volumen": 10000.0, "area": 0.0, "modulo": 0.0, "usuario": "MINERA NUEVA FE S.A.C", "documento": "RUC: 20527171246", "fuentetipo": null, "fuente": "Acuífero INAMBARI \/ Acuífero INAMBARI", "volumenfue": null, "cur": 2.0200307046408159e+19, "organizaci": null, "bloquecodi": null, "bloquenomb": null, "coordenada": null, "departamen": null, "provincia": "Manu", "distrito": "Huepetuhe", "juntausuar": null, "comisionco": null, "fecharegis": null, "validado": "JUAN92_JS", "pozo": null, "codpozo": null, "numfila": 1, "datum": "WGS 84 (UTM)", "zona": 19, "este": 341250, "norte": 8560628, "unidadhidr": null, "areatotal": 0.0 }, "geometry": { "type": "Point", "coordinates": [ -70.463875092559917, -13.016091071098208 ] } },
{ "type": "Feature", "properties": { "aaa": "Madre de Dios", "ala": "Tambopata - Inambari", "resolucion": "RD 0325-2020", "fecha": "16\/11\/2020", "archivo": "64-RD-0325-2020-04.pdf", "codlugarus": null, "lugaruso": "PROYECTO MINERO KORITONQUI DE PUNO", "uso": "Minero", "clase": "Licencia", "volumen": 1576.8, "area": 0.0, "modulo": 0.0, "usuario": "SOCIEDAD MINERA DE RESPONSABILIDAD LIMITADA KORITONQUI DE PUNO", "documento": "RUC: 20406376053", "fuentetipo": null, "fuente": "Quebrada PAUCHINTA", "volumenfue": null, "cur": 2.0200325046408184e+19, "organizaci": null, "bloquecodi": null, "bloquenomb": null, "coordenada": null, "departamen": null, "provincia": "Sandia", "distrito": "Alto Inambari", "juntausuar": null, "comisionco": null, "fecharegis": null, "validado": "JUAN92_JS", "pozo": null, "codpozo": null, "numfila": 1, "datum": "WGS 84 (UTM)", "zona": 19, "este": 474087, "norte": 8430803, "unidadhidr": null, "areatotal": 0.0 }, "geometry": { "type": "Point", "coordinates": [ -69.240157902973564, -14.194015982849539 ] } },
{ "type": "Feature", "properties": { "aaa": "Madre de Dios", "ala": "Tambopata - Inambari", "resolucion": "RD 0333-2020", "fecha": "23\/11\/2020", "archivo": "64-RD-0333-2020-05.pdf", "codlugarus": null, "lugaruso": "VIVIENDA FAMILIAR - RURAL", "uso": "Doméstico - Poblacional", "clase": "Licencia", "volumen": 946.07, "area": 0.0, "modulo": 0.0, "usuario": "ESPINAL SANCHEZ, FLORINDA", "documento": "DNI: 40908906", "fuentetipo": null, "fuente": "Filtración FLORINDA", "volumenfue": null, "cur": 2.0200333046402179e+19, "organizaci": null, "bloquecodi": null, "bloquenomb": null, "coordenada": null, "departamen": null, "provincia": "Tambopata", "distrito": "Inambari", "juntausuar": null, "comisionco": null, "fecharegis": null, "validado": "JUAN92_JS", "pozo": null, "codpozo": null, "numfila": 1, "datum": "WGS 84 (UTM)", "zona": 19, "este": 352260, "norte": 8552696, "unidadhidr": null, "areatotal": 0.0 }, "geometry": { "type": "Point", "coordinates": [ -70.362762889449101, -13.088350206083021 ] } },
{ "type": "Feature", "properties": { "aaa": "Madre de Dios", "ala": "Tambopata - Inambari", "resolucion": "RD 0338-2020", "fecha": "23\/11\/2020", "archivo": "64-RD-0338-2020-03.pdf", "codlugarus": null, "lugaruso": null, "uso": "Poblacional", "clase": "Licencia", "volumen": 29328.46, "area": 0.0, "modulo": 0.0, "usuario": "JUNTA ADMINISTRADORA DE SERVICIOS DE SANEAMIENTO (JASS) DE LA ASOCIACIÓN PRO VIVIENDA LAS FLORES", "documento": null, "fuentetipo": null, "fuente": "Quebrada LOROAURORA \/ Manantial KATIA", "volumenfue": null, "cur": 2.0200338046401176e+19, "organizaci": null, "bloquecodi": null, "bloquenomb": null, "coordenada": null, "departamen": null, "provincia": "Tambopata", "distrito": "Inambari", "juntausuar": null, "comisionco": null, "fecharegis": null, "validado": "AHUARANCCA", "pozo": null, "codpozo": null, "numfila": 1, "datum": "WGS 84 (UTM)", "zona": 19, "este": 352480, "norte": 8552887, "unidadhidr": null, "areatotal": 0.0 }, "geometry": { "type": "Point", "coordinates": [ -70.36072452518178, -13.08663425493144 ] } },
{ "type": "Feature", "properties": { "aaa": "Madre de Dios", "ala": "Tambopata - Inambari", "resolucion": "RD 0350-2020", "fecha": "27\/11\/2020", "archivo": "64-RD-0350-2020-03.pdf", "codlugarus": null, "lugaruso": null, "uso": "Poblacional", "clase": "Licencia", "volumen": 8830.07, "area": 0.0, "modulo": 0.0, "usuario": "“JUNTA ADMINISTRADORA DE SERVICIOS DE SANEAMIENTO” (JASS) DEL CENTRO POBLADO RURAL MALINOWSQUI", "documento": null, "fuentetipo": null, "fuente": "Acuífero TAMBOPATA", "volumenfue": null, "cur": 2.0200350046401126e+19, "organizaci": null, "bloquecodi": null, "bloquenomb": null, "coordenada": null, "departamen": null, "provincia": "Tambopata", "distrito": "Inambari", "juntausuar": null, "comisionco": null, "fecharegis": null, "validado": "AHUARANCCA", "pozo": null, "codpozo": null, "numfila": 1, "datum": "WGS 84 (UTM)", "zona": 19, "este": 395367, "norte": 8562016, "unidadhidr": null, "areatotal": 0.0 }, "geometry": { "type": "Point", "coordinates": [ -69.964862357990128, -13.005877688780629 ] } },
{ "type": "Feature", "properties": { "aaa": "Madre de Dios", "ala": "Tambopata - Inambari", "resolucion": "RD 0359-2020", "fecha": "30\/11\/2020", "archivo": "64-RD-0359-2020-04.pdf", "codlugarus": null, "lugaruso": "k'Cacheria", "uso": "Agrario", "clase": "Licencia", "volumen": 72356.68, "area": 6.0, "modulo": 12059.45, "usuario": "COMITÉ DE USUARIOS DE AGUA CORANI ACONSAYA", "documento": null, "fuentetipo": null, "fuente": "Quebrada Sayarani \/ Manantial Ccoulluhuma K´cacheria \/ Manantial Patasayarani \/ Manantial Patasayarani 2", "volumenfue": null, "cur": 2.0200359046403187e+19, "organizaci": null, "bloquecodi": null, "bloquenomb": null, "coordenada": null, "departamen": null, "provincia": "Carabaya", "distrito": "Corani", "juntausuar": null, "comisionco": null, "fecharegis": null, "validado": "AHUARANCCA", "pozo": null, "codpozo": null, "numfila": 1, "datum": "WGS 84 (UTM)", "zona": 19, "este": 332100, "norte": 8468867, "unidadhidr": null, "areatotal": 6.0 }, "geometry": { "type": "Point", "coordinates": [ -70.55355717856375, -13.84503627041488 ] } },
{ "type": "Feature", "properties": { "aaa": "Madre de Dios", "ala": "Tambopata - Inambari", "resolucion": "RD 0362-2020", "fecha": "02\/12\/2020", "archivo": "64-RD-0362-2020-03.pdf", "codlugarus": null, "lugaruso": null, "uso": "Poblacional", "clase": "Licencia", "volumen": 33932.78, "area": 0.0, "modulo": 0.0, "usuario": "JUNTA ADMINISTRADORA DE SERVICIO DE SANEAMIENTO (JASS) MANANTIAL PALCA CHALLAHUAYCO - ANEXO SAGRADO CUNA CUNA", "documento": null, "fuentetipo": null, "fuente": "Manantial PALCA CHALLAHUAYCCO \/ Manantial Cuchi Camana", "volumenfue": null, "cur": 2.0200362046401081e+19, "organizaci": null, "bloquecodi": null, "bloquenomb": null, "coordenada": null, "departamen": null, "provincia": "Sandia", "distrito": "Phara", "juntausuar": null, "comisionco": null, "fecharegis": null, "validado": "AHUARANCCA", "pozo": null, "codpozo": null, "numfila": 1, "datum": "WGS 84 (UTM)", "zona": 19, "este": 432185, "norte": 8443161, "unidadhidr": null, "areatotal": 0.0 }, "geometry": { "type": "Point", "coordinates": [ -69.628181350334685, -14.081578804869457 ] } },
{ "type": "Feature", "properties": { "aaa": "Madre de Dios", "ala": "Tambopata - Inambari", "resolucion": "RD 0367-2020", "fecha": "07\/12\/2020", "archivo": "64-RD-0367-2020-05.pdf", "codlugarus": null, "lugaruso": "VIVIENDA FAMILIAR – RURAL", "uso": "Doméstico - Poblacional", "clase": "Licencia", "volumen": 946.07, "area": 0.0, "modulo": 0.0, "usuario": "INUMA ARCE, DORIS", "documento": "DNI: 41054251", "fuentetipo": null, "fuente": "Manantial CRISTALINA", "volumenfue": null, "cur": 2.0200367046402105e+19, "organizaci": null, "bloquecodi": null, "bloquenomb": null, "coordenada": null, "departamen": null, "provincia": "Tambopata", "distrito": "Inambari", "juntausuar": null, "comisionco": null, "fecharegis": null, "validado": "JUAN92_JS", "pozo": null, "codpozo": null, "numfila": 1, "datum": "WGS 84 (UTM)", "zona": 19, "este": 354236, "norte": 8571662, "unidadhidr": null, "areatotal": 0.0 }, "geometry": { "type": "Point", "coordinates": [ -70.343616653547585, -12.916989138582828 ] } },
{ "type": "Feature", "properties": { "aaa": "Madre de Dios", "ala": "Tambopata - Inambari", "resolucion": "RD 0380-2020", "fecha": "14\/12\/2020", "archivo": "64-RD-0380-2020-03.pdf", "codlugarus": null, "lugaruso": "UNIDAD MINERA CORANI", "uso": "Otros Usos", "clase": "Autorización", "volumen": 659315.82, "area": 0.0, "modulo": 0.0, "usuario": "BEAR CREEK MINING S.A.C.", "documento": "RUC: 20519387043", "fuentetipo": null, "fuente": "Quebrada MINASPATA \/ Quebrada SUPAYHUASI \/ Quebrada SN DME \/ Quebrada IMAGINAMAYU", "volumenfue": null, "cur": 2.0200380046412124e+19, "organizaci": null, "bloquecodi": null, "bloquenomb": null, "coordenada": null, "departamen": null, "provincia": "Carabaya", "distrito": "Corani", "juntausuar": null, "comisionco": null, "fecharegis": null, "validado": "JUAN92_JS", "pozo": null, "codpozo": null, "numfila": 1, "datum": "WGS 84 (UTM)", "zona": 19, "este": 315892, "norte": 8448669, "unidadhidr": null, "areatotal": 0.0 }, "geometry": { "type": "Point", "coordinates": [ -70.704821953531862, -14.026589608523066 ] } },
{ "type": "Feature", "properties": { "aaa": "Madre de Dios", "ala": "Tambopata - Inambari", "resolucion": "RD 0389-2020", "fecha": "17\/12\/2020", "archivo": "64-RD-0389-2020-05.pdf", "codlugarus": null, "lugaruso": "PREDIO TOMATOMANI", "uso": "Agrario", "clase": "Licencia", "volumen": 65691.49, "area": 7.55, "modulo": 8700.86, "usuario": "MARIO GUTIÉRREZ SALGUERO", "documento": "DNI: 01688868", "fuentetipo": null, "fuente": "Río ACHASIRI \/ Quebrada JONJOPATA \/ Quebrada JONJOPATA", "volumenfue": null, "cur": 2.0200389046403113e+19, "organizaci": null, "bloquecodi": null, "bloquenomb": null, "coordenada": null, "departamen": null, "provincia": "Carabaya", "distrito": "Coasa", "juntausuar": null, "comisionco": null, "fecharegis": null, "validado": "JUAN92_JS", "pozo": null, "codpozo": null, "numfila": 1, "datum": "WGS 84 (UTM)", "zona": 19, "este": 375520, "norte": 8448913, "unidadhidr": null, "areatotal": 0.0 }, "geometry": { "type": "Point", "coordinates": [ -70.152759845525665, -14.027642566893023 ] } },
{ "type": "Feature", "properties": { "aaa": "Madre de Dios", "ala": "Tambopata - Inambari", "resolucion": "RD 0403-2020", "fecha": "29\/12\/2020", "archivo": "64-RD-0403-2020-03.pdf", "codlugarus": null, "lugaruso": null, "uso": "Poblacional", "clase": "Licencia", "volumen": 14821.92, "area": 0.0, "modulo": 0.0, "usuario": "JUNTA ADMINISTRADORA DE LOS SERVICIOS DE SANEAMIENTO-JASS DEL SECTOR CCATASUYO DE LA COMUNIDAD CAMPESINA DE LAQUEQUE IGUARA LLAMANI", "documento": null, "fuentetipo": null, "fuente": "Manantial CCATASUYO \/ Manantial COLINDA", "volumenfue": null, "cur": 2.020040304640118e+19, "organizaci": null, "bloquecodi": null, "bloquenomb": null, "coordenada": null, "departamen": null, "provincia": "Sandia", "distrito": "Sandia", "juntausuar": null, "comisionco": null, "fecharegis": null, "validado": "AHUARANCCA", "pozo": null, "codpozo": null, "numfila": 1, "datum": "WGS 84 (UTM)", "zona": 19, "este": 447389, "norte": 8411733, "unidadhidr": null, "areatotal": 0.0 }, "geometry": { "type": "Point", "coordinates": [ -69.487957580923791, -14.366060662348534 ] } },
{ "type": "Feature", "properties": { "aaa": "Madre de Dios", "ala": "Tambopata - Inambari", "resolucion": "RD 0411-2020", "fecha": "30\/12\/2020", "archivo": "64-RD-0411-2020-03.pdf", "codlugarus": null, "lugaruso": "Ccarhuayo Ccasa", "uso": "Agrario", "clase": "Licencia", "volumen": 24118.79, "area": 2.0, "modulo": 12059.4, "usuario": "COMITÉ DE USUARIOS DE AGUA PROYECTO CCARHUAYO CCASA", "documento": null, "fuentetipo": null, "fuente": "Quebrada PUCACANCHA", "volumenfue": null, "cur": 2.0200411046403105e+19, "organizaci": null, "bloquecodi": null, "bloquenomb": null, "coordenada": null, "departamen": null, "provincia": "Carabaya", "distrito": "Ollachea", "juntausuar": null, "comisionco": null, "fecharegis": null, "validado": "AHUARANCCA", "pozo": null, "codpozo": null, "numfila": 1, "datum": "WGS 84 (UTM)", "zona": 19, "este": 314627, "norte": 8470830, "unidadhidr": null, "areatotal": 2.0 }, "geometry": { "type": "Point", "coordinates": [ -70.715053671320774, -13.826216319366585 ] } },
{ "type": "Feature", "properties": { "aaa": "Madre de Dios", "ala": "Tambopata - Inambari", "resolucion": "RD 0412-2020", "fecha": "30\/12\/2020", "archivo": "64-RD-0412-2020-04.pdf", "codlugarus": null, "lugaruso": "Sector Rosaspata", "uso": "Agrario", "clase": "Licencia", "volumen": 102505.15, "area": 8.5, "modulo": 12059.43, "usuario": "COMITÉ DE USUARIOS DE AGUA DEL SECTOR ROSASPATA DE LA COMUNIDAD ALTIPLANO CHIA", "documento": null, "fuentetipo": null, "fuente": "Quebrada OTORONGOYOC \/ Quebrada SURAHUAYCO \/ Quebrada SURAHUAYCO", "volumenfue": null, "cur": 2.0200412046403105e+19, "organizaci": null, "bloquecodi": null, "bloquenomb": null, "coordenada": null, "departamen": null, "provincia": "Carabaya", "distrito": "Ollachea", "juntausuar": null, "comisionco": null, "fecharegis": null, "validado": "AHUARANCCA", "pozo": null, "codpozo": null, "numfila": 1, "datum": "WGS 84 (UTM)", "zona": 19, "este": 325925, "norte": 8483569, "unidadhidr": null, "areatotal": 8.5 }, "geometry": { "type": "Point", "coordinates": [ -70.609767692312232, -13.711782336863612 ] } },
{ "type": "Feature", "properties": { "aaa": "Madre de Dios", "ala": "Tambopata - Inambari", "resolucion": "RD 0022-2021", "fecha": "21\/01\/2021", "archivo": "64-RD-0022-2021-03.pdf", "codlugarus": null, "lugaruso": "Huasinuqe", "uso": "Agrario", "clase": "Licencia", "volumen": 18089.18, "area": 1.5, "modulo": 12059.45, "usuario": "COMITÉ DE USUARIOS DE AGUA PROYECTO CCARHUAYO CCASA", "documento": null, "fuentetipo": null, "fuente": "Quebrada LLANTOJATA", "volumenfue": null, "cur": 2.0210022046403154e+19, "organizaci": null, "bloquecodi": null, "bloquenomb": null, "coordenada": null, "departamen": null, "provincia": "Carabaya", "distrito": "Ollachea", "juntausuar": null, "comisionco": null, "fecharegis": null, "validado": "AHUARANCCA", "pozo": null, "codpozo": null, "numfila": 1, "datum": "WGS 84 (UTM)", "zona": 19, "este": 319036, "norte": 8478321, "unidadhidr": null, "areatotal": 1.5 }, "geometry": { "type": "Point", "coordinates": [ -70.673791817514399, -13.758792407737587 ] } },
{ "type": "Feature", "properties": { "aaa": "Madre de Dios", "ala": "Tambopata - Inambari", "resolucion": "RD 0023-2021", "fecha": "21\/01\/2021", "archivo": "64-RD-0023-2021-03.pdf", "codlugarus": null, "lugaruso": null, "uso": "Poblacional", "clase": "Licencia", "volumen": 23652.0, "area": 0.0, "modulo": 0.0, "usuario": "JUNTA ADMINISTRADORA DE SERVICIOS DE SANEAMIENTO (JASS) DE LA ASOCIACIÓN SOL NACIENTE", "documento": null, "fuentetipo": null, "fuente": "Manantial CALSINA \/ Quebrada GAMARRA", "volumenfue": null, "cur": 2.0210023046401159e+19, "organizaci": null, "bloquecodi": null, "bloquenomb": null, "coordenada": null, "departamen": null, "provincia": "Tambopata", "distrito": "Inambari", "juntausuar": null, "comisionco": null, "fecharegis": null, "validado": "AHUARANCCA", "pozo": null, "codpozo": null, "numfila": 1, "datum": "WGS 84 (UTM)", "zona": 19, "este": 352215, "norte": 8552674, "unidadhidr": null, "areatotal": 0.0 }, "geometry": { "type": "Point", "coordinates": [ -70.36317898276647, -13.0885468960039 ] } },
{ "type": "Feature", "properties": { "aaa": "Madre de Dios", "ala": "Tambopata - Inambari", "resolucion": "RD 0031-2021", "fecha": "29\/01\/2021", "archivo": "64-RD-0031-2021-02.pdf", "codlugarus": null, "lugaruso": "Comité de Usuarios de Agua del sector Fanca Bellavista Quicho Clase de", "uso": "Agrario", "clase": "Licencia", "volumen": 0.0, "area": 0.0, "modulo": 0.0, "usuario": "COMITÉ DE USUARIOS DE AGUA DEL SECTOR FANCA BELLAVISTA QUICHO", "documento": null, "fuentetipo": null, "fuente": "Quebrada JAMARA", "volumenfue": null, "cur": 2.021003104640315e+19, "organizaci": null, "bloquecodi": null, "bloquenomb": null, "coordenada": null, "departamen": null, "provincia": "Carabaya", "distrito": "Ollachea", "juntausuar": null, "comisionco": null, "fecharegis": null, "validado": null, "pozo": null, "codpozo": null, "numfila": 1, "datum": "WGS 84 (UTM)", "zona": 19, "este": 313643, "norte": 8471345, "unidadhidr": null, "areatotal": 0.0 }, "geometry": { "type": "Point", "coordinates": [ -70.724120375770397, -13.82149793817034 ] } },
{ "type": "Feature", "properties": { "aaa": "Madre de Dios", "ala": "Tambopata - Inambari", "resolucion": "RD 0033-2021", "fecha": "29\/01\/2021", "archivo": "64-RD-0033-2021-03.pdf", "codlugarus": null, "lugaruso": "Quicho", "uso": "Agrario", "clase": "Licencia", "volumen": 60297.21, "area": 5.0, "modulo": 12059.44, "usuario": "COMUNIDAD CAMPESINA DE QUICHO", "documento": null, "fuentetipo": null, "fuente": "Quebrada SURAHUAYCO \/ Quebrada CCAQUEHUACHANA \/ Quebrada PAVILUYOC CUNCA", "volumenfue": null, "cur": 2.021003304640315e+19, "organizaci": null, "bloquecodi": null, "bloquenomb": null, "coordenada": null, "departamen": null, "provincia": "Carabaya", "distrito": "Ollachea", "juntausuar": null, "comisionco": null, "fecharegis": null, "validado": "AHUARANCCA", "pozo": null, "codpozo": null, "numfila": 1, "datum": "WGS 84 (UTM)", "zona": 19, "este": 325904, "norte": 8485028, "unidadhidr": null, "areatotal": 5.0 }, "geometry": { "type": "Point", "coordinates": [ -70.6098720195981, -13.698593720295325 ] } },
{ "type": "Feature", "properties": { "aaa": "Madre de Dios", "ala": "Tambopata - Inambari", "resolucion": "RD 0038-2021", "fecha": "09\/02\/2021", "archivo": "64-RD-0038-2021-04.pdf", "codlugarus": null, "lugaruso": "Estación de servicios - \"Grifo Horóscopo\" Prolongación Av. lnambari SIN - Mazuko (frente al local de INRENA)", "uso": "Otros Usos", "clase": "Licencia", "volumen": 6716.0, "area": 0.0, "modulo": 0.0, "usuario": "GRIFO SF HORÓSCOPO S.R.L.", "documento": "RUC: 20563813921", "fuentetipo": null, "fuente": "Quebrada GAMARRA", "volumenfue": null, "cur": 2.021003804641212e+19, "organizaci": null, "bloquecodi": null, "bloquenomb": null, "coordenada": null, "departamen": null, "provincia": "Tambopata", "distrito": "Inambari", "juntausuar": null, "comisionco": null, "fecharegis": null, "validado": null, "pozo": null, "codpozo": null, "numfila": 1, "datum": "WGS 84 (UTM)", "zona": 19, "este": 352179, "norte": 8552329, "unidadhidr": null, "areatotal": 0.0 }, "geometry": { "type": "Point", "coordinates": [ -70.36352813499802, -13.091663968926923 ] } },
{ "type": "Feature", "properties": { "aaa": "Madre de Dios", "ala": "Tambopata - Inambari", "resolucion": "RD 0040-2021", "fecha": "09\/02\/2021", "archivo": "64-RD-0040-2021-02.pdf", "codlugarus": null, "lugaruso": "PLANTA DE PRODUCCION DE CONCRETO (SHOTCRETE)", "uso": "Industrial", "clase": "Autorización", "volumen": 8830.06, "area": 0.0, "modulo": 0.0, "usuario": "INTERSUR CONCESIONES S.A", "documento": "RUC: 20511130124", "fuentetipo": null, "fuente": "Quebrada KUNCURCHACA \/ Quebrada SARAPIA", "volumenfue": null, "cur": 2.0210040046406132e+19, "organizaci": null, "bloquecodi": null, "bloquenomb": null, "coordenada": null, "departamen": null, "provincia": "Carabaya", "distrito": "Ollachea", "juntausuar": null, "comisionco": null, "fecharegis": null, "validado": null, "pozo": null, "codpozo": null, "numfila": 1, "datum": "WGS 84 (UTM)", "zona": 19, "este": 340492, "norte": 8476124, "unidadhidr": null, "areatotal": 0.0 }, "geometry": { "type": "Point", "coordinates": [ -70.475512966078313, -13.779919391118439 ] } },
{ "type": "Feature", "properties": { "aaa": "Madre de Dios", "ala": "Tambopata - Inambari", "resolucion": "RD 0043-2021", "fecha": "11\/02\/2021", "archivo": "64-RD-0043-2021-02.pdf", "codlugarus": null, "lugaruso": "\"CANTERA DE MATERIAL DME (ESPINAPAMPA Y OLLACHEA)\"", "uso": "Otros Usos", "clase": "Autorización", "volumen": 65594.94, "area": 0.0, "modulo": 0.0, "usuario": "INTERSUR CONCESIONES S.A.", "documento": "RUC: 20511130124", "fuentetipo": null, "fuente": "Río OLLACHEA", "volumenfue": null, "cur": 2.0210043046412202e+19, "organizaci": null, "bloquecodi": null, "bloquenomb": null, "coordenada": null, "departamen": null, "provincia": "Carabaya", "distrito": "Ollachea", "juntausuar": null, "comisionco": null, "fecharegis": null, "validado": null, "pozo": null, "codpozo": null, "numfila": 1, "datum": "WGS 84 (UTM)", "zona": 19, "este": 341164, "norte": 8475082, "unidadhidr": null, "areatotal": 0.0 }, "geometry": { "type": "Point", "coordinates": [ -70.469357046396368, -13.789375391662016 ] } },
{ "type": "Feature", "properties": { "aaa": "Madre de Dios", "ala": "Tambopata - Inambari", "resolucion": "RD 0044-2021", "fecha": "12\/02\/2021", "archivo": "64-RD-0044-2021-02.pdf", "codlugarus": null, "lugaruso": "\"LOCALIDAD DE PACAJE - HUANUTUYO\"", "uso": "Otros Usos", "clase": "Autorización", "volumen": 15831.12, "area": 0.0, "modulo": 0.0, "usuario": "OPERADORA SURPERÚ S.A.", "documento": "RUC: 20544268873", "fuentetipo": null, "fuente": "Río MACUSANI \/ Río TOCCA", "volumenfue": null, "cur": 2.0210044046412083e+19, "organizaci": null, "bloquecodi": null, "bloquenomb": null, "coordenada": null, "departamen": null, "provincia": "Carabaya", "distrito": "Macusani", "juntausuar": null, "comisionco": null, "fecharegis": null, "validado": null, "pozo": null, "codpozo": null, "numfila": 1, "datum": "WGS 84 (UTM)", "zona": 19, "este": 343437, "norte": 8448756, "unidadhidr": null, "areatotal": 0.0 }, "geometry": { "type": "Point", "coordinates": [ -70.449816084650905, -14.027464931404678 ] } },
{ "type": "Feature", "properties": { "aaa": "Madre de Dios", "ala": "Tambopata - Inambari", "resolucion": "RD 0046-2021", "fecha": "12\/02\/2021", "archivo": "64-RD-0046-2021-05.pdf", "codlugarus": null, "lugaruso": "PREDIO \"PAMPATIANA\"", "uso": "Agrario", "clase": "Licencia", "volumen": 89990.0, "area": 0.0, "modulo": 0.0, "usuario": "NICO YONATAN RAMOS CACERES", "documento": "DNI: 46246858", "fuentetipo": null, "fuente": "Quebrada PUJUCUCHO", "volumenfue": null, "cur": 2.0210046046403097e+19, "organizaci": null, "bloquecodi": null, "bloquenomb": null, "coordenada": null, "departamen": null, "provincia": "Carabaya", "distrito": "Macusani", "juntausuar": null, "comisionco": null, "fecharegis": null, "validado": null, "pozo": null, "codpozo": null, "numfila": 1, "datum": "WGS 84 (UTM)", "zona": 19, "este": 325595, "norte": 8452258, "unidadhidr": null, "areatotal": 0.0 }, "geometry": { "type": "Point", "coordinates": [ -70.614772402228368, -13.99476685226745 ] } },
{ "type": "Feature", "properties": { "aaa": "Madre de Dios", "ala": "Tambopata - Inambari", "resolucion": "RD 0052-2021", "fecha": "22\/02\/2021", "archivo": "64-RD-0052-2021-03.pdf", "codlugarus": null, "lugaruso": "Quicho Escalera", "uso": "Agrario", "clase": "Licencia", "volumen": 24138.85, "area": 2.0, "modulo": 12069.43, "usuario": "COMUNIDAD CAMPESINA  DE QUICHO", "documento": null, "fuentetipo": null, "fuente": "Quebrada ESCALERA", "volumenfue": null, "cur": 2.0210052046403072e+19, "organizaci": null, "bloquecodi": null, "bloquenomb": null, "coordenada": null, "departamen": null, "provincia": "Carabaya", "distrito": "Ollachea", "juntausuar": null, "comisionco": null, "fecharegis": null, "validado": "AHUARANCCA", "pozo": null, "codpozo": null, "numfila": 1, "datum": "WGS 84 (UTM)", "zona": 19, "este": 323404, "norte": 8486967, "unidadhidr": null, "areatotal": 2.0 }, "geometry": { "type": "Point", "coordinates": [ -70.632862079908605, -13.680916533133852 ] } },
{ "type": "Feature", "properties": { "aaa": "Madre de Dios", "ala": "Tambopata - Inambari", "resolucion": "RD 0056-2021", "fecha": "26\/02\/2021", "archivo": "64-RD-0056-2021-05.pdf", "codlugarus": null, "lugaruso": "\"CRENTRO RECREACIONAL LAS INTIMPAS-LOCALIDAD MAZUKO\"", "uso": "Recreativo", "clase": "Licencia", "volumen": 8303.75, "area": 0.0, "modulo": 0.0, "usuario": "CV HOLDINGS S.R.L.", "documento": "RUC: 20542823543", "fuentetipo": null, "fuente": "Manantial AGUA DULCE 1 \/ Manantial AGUA DULCE 2", "volumenfue": null, "cur": 2.0210056046409134e+19, "organizaci": null, "bloquecodi": null, "bloquenomb": null, "coordenada": null, "departamen": null, "provincia": "Tambopata", "distrito": "Inambari", "juntausuar": null, "comisionco": null, "fecharegis": null, "validado": null, "pozo": null, "codpozo": null, "numfila": 1, "datum": "WGS 84 (UTM)", "zona": 19, "este": 352384, "norte": 8552760, "unidadhidr": null, "areatotal": 0.0 }, "geometry": { "type": "Point", "coordinates": [ -70.361616156676334, -13.08777767685115 ] } },
{ "type": "Feature", "properties": { "aaa": "Madre de Dios", "ala": "Tambopata - Inambari", "resolucion": "RD 0058-2021", "fecha": "26\/02\/2021", "archivo": "64-RD-0058-2021-05.pdf", "codlugarus": null, "lugaruso": "Vivienda Familiar Rural (Predio Rústico Quebrada Seca, Parcela 091", "uso": "Doméstico - Poblacional", "clase": "Licencia", "volumen": 630.73, "area": 0.0, "modulo": 0.0, "usuario": "LEANDRO VALDEZ AUCA", "documento": "DNI: 04808023", "fuentetipo": null, "fuente": "Manantial JUANITA", "volumenfue": null, "cur": 2.0210058046402097e+19, "organizaci": null, "bloquecodi": null, "bloquenomb": null, "coordenada": null, "departamen": null, "provincia": "Tambopata", "distrito": "Inambari", "juntausuar": null, "comisionco": null, "fecharegis": null, "validado": null, "pozo": null, "codpozo": null, "numfila": 1, "datum": "WGS 84 (UTM)", "zona": 19, "este": 352031, "norte": 8550719, "unidadhidr": null, "areatotal": 0.0 }, "geometry": { "type": "Point", "coordinates": [ -70.364973223095788, -13.106211258865381 ] } },
{ "type": "Feature", "properties": { "aaa": "Madre de Dios", "ala": "Tambopata - Inambari", "resolucion": "RD 0065-2021", "fecha": "04\/03\/2021", "archivo": "64-RD-0065-2021-05.pdf", "codlugarus": null, "lugaruso": "VIVIENDA RURAL (Fundo rústico Jukca Cachil)", "uso": "Doméstico - Poblacional", "clase": "Licencia", "volumen": 630.73, "area": 0.0, "modulo": 0.0, "usuario": "JESUS ALEXEY VILLAGRA DELGADO", "documento": "DNI: 29609560", "fuentetipo": null, "fuente": "Manantial JUCCA CACHI", "volumenfue": null, "cur": 2.0210065046402171e+19, "organizaci": null, "bloquecodi": null, "bloquenomb": null, "coordenada": null, "departamen": null, "provincia": "Carabaya", "distrito": "Ollachea", "juntausuar": null, "comisionco": null, "fecharegis": null, "validado": null, "pozo": null, "codpozo": null, "numfila": 1, "datum": "WGS 84 (UTM)", "zona": 19, "este": 342348, "norte": 8480050, "unidadhidr": null, "areatotal": 0.0 }, "geometry": { "type": "Point", "coordinates": [ -70.458128315941508, -13.7445337212918 ] } },
{ "type": "Feature", "properties": { "aaa": "Madre de Dios", "ala": "Tambopata - Inambari", "resolucion": "RD 0069-2021", "fecha": "15\/03\/2021", "archivo": "64-RD-0069-2021-02.pdf", "codlugarus": null, "lugaruso": "\"PROYECTO \"CENTRAL HIDROELÉCTRICA SAN GABÁN III\"\"", "uso": "Otros Usos", "clase": "Autorización", "volumen": 916436.2, "area": 0.0, "modulo": 0.0, "usuario": "HYDRO GLOBAL PERU S.A.C.", "documento": "RUC: 20600538251", "fuentetipo": null, "fuente": "Quebrada PAYACHACA \/ Quebrada SAN ISIDRO \/ Quebrada SANSARI \/ Quebrada INTERCUENCA \/ Río SAN GABAN \/ Río SAN GABAN", "volumenfue": null, "cur": 2.0210069046412116e+19, "organizaci": null, "bloquecodi": null, "bloquenomb": null, "coordenada": null, "departamen": null, "provincia": "Carabaya", "distrito": "San Gaban", "juntausuar": null, "comisionco": null, "fecharegis": null, "validado": null, "pozo": null, "codpozo": null, "numfila": 1, "datum": "WGS 84 (UTM)", "zona": 19, "este": 455166, "norte": 8500516, "unidadhidr": null, "areatotal": 0.0 }, "geometry": { "type": "Point", "coordinates": [ -69.414391543323688, -13.563441621270927 ] } },
{ "type": "Feature", "properties": { "aaa": "Madre de Dios", "ala": "Tambopata - Inambari", "resolucion": "RD 0071-2021", "fecha": "16\/03\/2021", "archivo": "64-RD-0071-2021-02.pdf", "codlugarus": null, "lugaruso": "\"Servicio del Corredor Vial Pro Región Puno - Paquele 01 PE-3SM, PE-3SN, PE-34M, PE-34N, PE-34Ñ. PE-340 Y PE-34P\"", "uso": "Doméstico - Poblacional", "clase": "Autorización", "volumen": 208647.2, "area": 0.0, "modulo": 0.0, "usuario": "CONSORCIO VIAL 67", "documento": "RUC: 20603516967", "fuentetipo": null, "fuente": "Río HUARI HUARI \/ Quebrada MASSIAPO 1 \/ Quebrada  MASSIAPO 2 \/ Quebrada CHONTABAMBA \/ Quebrada CAMARON \/ Quebrada  PAMPA YANAMAYO 1 \/ Quebrada HUANCASAMANA \/ Quebrada  PAMPA YANAMAYO 2 \/ Quebrada  PA", "volumenfue": null, "cur": 2.0210071046402126e+19, "organizaci": null, "bloquecodi": null, "bloquenomb": null, "coordenada": null, "departamen": null, "provincia": "Sandia", "distrito": "Alto Inambari", "juntausuar": null, "comisionco": null, "fecharegis": null, "validado": null, "pozo": null, "codpozo": null, "numfila": 1, "datum": "WGS 84 (UTM)", "zona": 19, "este": 467670, "norte": 8433780, "unidadhidr": null, "areatotal": 0.0 }, "geometry": { "type": "Point", "coordinates": [ -69.299593859882009, -14.167031712328628 ] } },
{ "type": "Feature", "properties": { "aaa": "Madre de Dios", "ala": "Tambopata - Inambari", "resolucion": "RD 0072-2021", "fecha": "16\/03\/2021", "archivo": "64-RD-0072-2021-02.pdf", "codlugarus": null, "lugaruso": "\"Servicio del Corredor Vial Pro Región Puno - Paquete 01 PE-3SM, PE-3SN, PE·34M, PE-34N, PE-34Ñ, PE·340 Y PE-34P\"", "uso": "Otros Usos", "clase": "Autorización", "volumen": 347499.6, "area": 0.0, "modulo": 0.0, "usuario": "CONSORCIO VIAL 67", "documento": "RUC: 20603516967", "fuentetipo": null, "fuente": "Quebrada OJAYANI \/ Río ACHASIRI \/ Río ACHASIRI \/ Río ACHASIRI \/ Quebrada COASA \/ Quebrada CUTICARCA \/ Quebrada ESQUEMA1 \/ Quebrada ESQUEMA2 \/ Laguna TOMATOMANI \/ Quebrada TAMBOLIMA \/ Río SACOMAYO", "volumenfue": null, "cur": 2.0210072046412165e+19, "organizaci": null, "bloquecodi": null, "bloquenomb": null, "coordenada": null, "departamen": null, "provincia": "Carabaya", "distrito": "Coasa", "juntausuar": null, "comisionco": null, "fecharegis": null, "validado": null, "pozo": null, "codpozo": null, "numfila": 1, "datum": "WGS 84 (UTM)", "zona": 19, "este": 374220, "norte": 8441680, "unidadhidr": null, "areatotal": 0.0 }, "geometry": { "type": "Point", "coordinates": [ -70.165127781678166, -14.092971788938312 ] } },
{ "type": "Feature", "properties": { "aaa": "Madre de Dios", "ala": "Tambopata - Inambari", "resolucion": "RD 0073-2021", "fecha": "16\/03\/2021", "archivo": "64-RD-0073-2021-02.pdf", "codlugarus": null, "lugaruso": "\"Servicio del Corredor Vial Pro Región Puno - Paquete 01: PE-3SM, PE-3SN, PE-34M, PE-34N, PE-34Ñ, PE-340 y PE-34P\"", "uso": "Otros Usos", "clase": "Licencia", "volumen": 278193.6, "area": 0.0, "modulo": 0.0, "usuario": "CONSORCIO VIAL 67", "documento": "RUC: 20603516967", "fuentetipo": null, "fuente": "Río MACUSANI \/ Río MACUSANI \/ Laguna MACUSANI \/ Laguna MACUSANI 2 \/ Quebrada PIRHUANI \/ Laguna JAPU JAPU \/ Quebrada CCARCCAPUNCO \/ Quebrada ESPIRITU \/ Laguna AYAPATA \/ Quebrada SUSUYA \/ Río AYAPATA", "volumenfue": null, "cur": 2.0210073046412182e+19, "organizaci": null, "bloquecodi": null, "bloquenomb": null, "coordenada": null, "departamen": null, "provincia": "Carabaya", "distrito": "Macusani", "juntausuar": null, "comisionco": null, "fecharegis": null, "validado": null, "pozo": null, "codpozo": null, "numfila": 1, "datum": "WGS 84 (UTM)", "zona": 19, "este": 359359, "norte": 8461338, "unidadhidr": null, "areatotal": 0.0 }, "geometry": { "type": "Point", "coordinates": [ -70.30176345250625, -13.914565863077872 ] } },
{ "type": "Feature", "properties": { "aaa": "Madre de Dios", "ala": "Tambopata - Inambari", "resolucion": "RD 0084-2021", "fecha": "26\/03\/2021", "archivo": "64-RD-0084-2021-02.pdf", "codlugarus": null, "lugaruso": "Campanillayoc", "uso": "Agrario", "clase": "Licencia", "volumen": 36178.29, "area": 3.0, "modulo": 12059.43, "usuario": "COMITÉ DE USUARIOS DE AGUA CAMPANILLAYOC", "documento": null, "fuentetipo": null, "fuente": "Quebrada CAMPANILLAYOC", "volumenfue": null, "cur": 2.0210084046403105e+19, "organizaci": null, "bloquecodi": null, "bloquenomb": null, "coordenada": null, "departamen": null, "provincia": "Carabaya", "distrito": "Ituata", "juntausuar": null, "comisionco": null, "fecharegis": null, "validado": "AHUARANCCA", "pozo": null, "codpozo": null, "numfila": 1, "datum": "WGS 84 (UTM)", "zona": 19, "este": 362039, "norte": 8460717, "unidadhidr": null, "areatotal": 3.0 }, "geometry": { "type": "Point", "coordinates": [ -70.276992781082399, -13.920310704895591 ] } },
{ "type": "Feature", "properties": { "aaa": "Madre de Dios", "ala": "Tambopata - Inambari", "resolucion": "RD 0085-2021", "fecha": "30\/03\/2021", "archivo": "64-RD-0085-2021-05.pdf", "codlugarus": null, "lugaruso": "Proyecto Minero  BETO EL TRIUNFADOR (070022408)", "uso": "Minero", "clase": "Licencia", "volumen": 40000.0, "area": 0.0, "modulo": 0.0, "usuario": "MIDAS INDUSTRY LLC S.A.C", "documento": "RUC: 20604705747", "fuentetipo": null, "fuente": "Acuífero INAMBARI", "volumenfue": null, "cur": 2.0210085046408155e+19, "organizaci": null, "bloquecodi": null, "bloquenomb": null, "coordenada": null, "departamen": null, "provincia": "Tambopata", "distrito": "Inambari", "juntausuar": null, "comisionco": null, "fecharegis": null, "validado": null, "pozo": null, "codpozo": null, "numfila": 1, "datum": "WGS 84 (UTM)", "zona": 19, "este": 393811, "norte": 8579326, "unidadhidr": null, "areatotal": 0.0 }, "geometry": { "type": "Point", "coordinates": [ -69.978599459616817, -12.849316657086046 ] } },
{ "type": "Feature", "properties": { "aaa": "Madre de Dios", "ala": "Tambopata - Inambari", "resolucion": "RD 0093-2021", "fecha": "21\/04\/2021", "archivo": "64-RD-0093-2021-05.pdf", "codlugarus": null, "lugaruso": "VIVIENDA RURAL  (Fundo Rural Porvenir)", "uso": "Doméstico - Poblacional", "clase": "Licencia", "volumen": 430.7, "area": 0.0, "modulo": 0.0, "usuario": "ANGEL PEDRO YERKO ZLATAR MENDIZABAL", "documento": "DNI: 04828568", "fuentetipo": null, "fuente": "Quebrada BENI", "volumenfue": null, "cur": 2.0210093046402109e+19, "organizaci": null, "bloquecodi": null, "bloquenomb": null, "coordenada": null, "departamen": null, "provincia": "Quispicanchi", "distrito": "Camanti", "juntausuar": null, "comisionco": null, "fecharegis": null, "validado": null, "pozo": null, "codpozo": null, "numfila": 1, "datum": "WGS 84 (UTM)", "zona": 19, "este": 305900, "norte": 8530002, "unidadhidr": null, "areatotal": 0.0 }, "geometry": { "type": "Point", "coordinates": [ -70.791754215483792, -13.29085022823992 ] } },
{ "type": "Feature", "properties": { "aaa": "Madre de Dios", "ala": "Tambopata - Inambari", "resolucion": "RD 0094-2021", "fecha": "22\/04\/2021", "archivo": "64-RD-0094-2021-03.pdf", "codlugarus": null, "lugaruso": null, "uso": "Poblacional", "clase": "Licencia", "volumen": 57710.86, "area": 0.0, "modulo": 0.0, "usuario": "JUNTA ADMINISTRADORA DE SERVICIOS DE SANEAMIENTO (JASS) DEL CENTRO POBLADO RURAL DOS DE MAYO", "documento": null, "fuentetipo": null, "fuente": "Quebrada LOROAURORA \/ Manantial AGUA CRISTALINA", "volumenfue": null, "cur": 2.021009404640111e+19, "organizaci": null, "bloquecodi": null, "bloquenomb": null, "coordenada": null, "departamen": null, "provincia": "Tambopata", "distrito": "Inambari", "juntausuar": null, "comisionco": null, "fecharegis": null, "validado": "AHUARANCCA", "pozo": null, "codpozo": null, "numfila": 1, "datum": "WGS 84 (UTM)", "zona": 19, "este": 352658, "norte": 8553825, "unidadhidr": null, "areatotal": 0.0 }, "geometry": { "type": "Point", "coordinates": [ -70.359036526085148, -13.078163290306708 ] } },
{ "type": "Feature", "properties": { "aaa": "Madre de Dios", "ala": "Tambopata - Inambari", "resolucion": "RD 0119-2021", "fecha": "15\/06\/2021", "archivo": "64-RD-0119-2021-04.pdf", "codlugarus": null, "lugaruso": "Yurac Cancha", "uso": "Agrario", "clase": "Licencia", "volumen": 67532.8, "area": 5.6, "modulo": 12059.43, "usuario": "COMITÉ DE USUARIOS DE AGUA YURAC - CANCHA", "documento": null, "fuentetipo": null, "fuente": "Quebrada PACOPACONI \/ Quebrada PACOPACONI", "volumenfue": null, "cur": 2.0210119046403146e+19, "organizaci": null, "bloquecodi": null, "bloquenomb": null, "coordenada": null, "departamen": null, "provincia": "Carabaya", "distrito": "Ituata", "juntausuar": null, "comisionco": null, "fecharegis": null, "validado": "AHUARANCCA", "pozo": null, "codpozo": null, "numfila": 1, "datum": "WGS 84 (UTM)", "zona": 19, "este": 359597, "norte": 8454743, "unidadhidr": null, "areatotal": 5.6 }, "geometry": { "type": "Point", "coordinates": [ -70.299894675223797, -13.97419441944378 ] } },
{ "type": "Feature", "properties": { "aaa": "Madre de Dios", "ala": "Tambopata - Inambari", "resolucion": "RD 0123-2021", "fecha": "30\/06\/2021", "archivo": "64-RD-0123-2021-04.pdf", "codlugarus": null, "lugaruso": "PPACCHAQUCHO HUANCARANI", "uso": "Agrario", "clase": "Licencia", "volumen": 119945.67, "area": 7.13, "modulo": 16822.67, "usuario": "COMITÉ DE USUARIOS DE AGUA PPACCHAQUCHO HUANCARANI", "documento": null, "fuentetipo": null, "fuente": "Quebrada HUANCARANI \/ Quebrada PAJCHA CUCHO \/ Manantial HUANCARANI", "volumenfue": null, "cur": 2.0210123046403113e+19, "organizaci": null, "bloquecodi": null, "bloquenomb": null, "coordenada": null, "departamen": null, "provincia": "Carabaya", "distrito": "Ayapata", "juntausuar": null, "comisionco": null, "fecharegis": null, "validado": "AHUARANCCA", "pozo": null, "codpozo": null, "numfila": 1, "datum": "WGS 84 (UTM)", "zona": 19, "este": 355711, "norte": 8477603, "unidadhidr": null, "areatotal": 7.13 }, "geometry": { "type": "Point", "coordinates": [ -70.334683723609828, -13.76735349004877 ] } },
{ "type": "Feature", "properties": { "aaa": "Madre de Dios", "ala": "Tambopata - Inambari", "resolucion": "RD 0124-2021", "fecha": "06\/07\/2021", "archivo": "64-RD-0124-2021-03.pdf", "codlugarus": null, "lugaruso": null, "uso": "Agrario", "clase": "Licencia", "volumen": 151409.0, "area": 0.0, "modulo": 0.0, "usuario": "COMITÉ DE USUARIOS DE AGUA KISARUMA CABRA CANCHA", "documento": "DNI: 43220733", "fuentetipo": null, "fuente": "Quebrada KISARUMA", "volumenfue": null, "cur": 2.0210124046403072e+19, "organizaci": null, "bloquecodi": null, "bloquenomb": null, "coordenada": null, "departamen": null, "provincia": "Carabaya", "distrito": "Ayapata", "juntausuar": null, "comisionco": null, "fecharegis": null, "validado": null, "pozo": null, "codpozo": null, "numfila": 1, "datum": "WGS 84 (UTM)", "zona": 19, "este": 355312, "norte": 8476878, "unidadhidr": null, "areatotal": 0.0 }, "geometry": { "type": "Point", "coordinates": [ -70.338411079815074, -13.773887235232475 ] } },
{ "type": "Feature", "properties": { "aaa": "Madre de Dios", "ala": "Tambopata - Inambari", "resolucion": "RD 0130-2021", "fecha": "30\/07\/2021", "archivo": "64-RD-0130-2021-04.pdf", "codlugarus": null, "lugaruso": "JUCHANI PUNCO", "uso": "Agrario", "clase": "Licencia", "volumen": 78200.58, "area": 6.5, "modulo": 12030.86, "usuario": "COMITÉ DE USUARIOS DE AGUA JUCHANI PUNCO", "documento": null, "fuentetipo": null, "fuente": "Quebrada JUCHANI PUNCO \/ Quebrada JUCHANI PUNCO", "volumenfue": null, "cur": 2.0210130046403125e+19, "organizaci": null, "bloquecodi": null, "bloquenomb": null, "coordenada": null, "departamen": null, "provincia": "Carabaya", "distrito": "Ayapata", "juntausuar": null, "comisionco": null, "fecharegis": null, "validado": "AHUARANCCA", "pozo": null, "codpozo": null, "numfila": 1, "datum": "WGS 84 (UTM)", "zona": 19, "este": 355039, "norte": 8477984, "unidadhidr": null, "areatotal": 6.5 }, "geometry": { "type": "Point", "coordinates": [ -70.340878943803972, -13.763875611715418 ] } },
{ "type": "Feature", "properties": { "aaa": "Madre de Dios", "ala": "Tambopata - Inambari", "resolucion": "RD 0138-2021", "fecha": "31\/08\/2021", "archivo": "64-RD-0138-2021-03.pdf", "codlugarus": null, "lugaruso": null, "uso": "Poblacional", "clase": "Licencia", "volumen": 5045.73, "area": 0.0, "modulo": 0.0, "usuario": "JUNTA ADMINISTRADORA DE SERVICIOS DE SANEAMIENTO (JASS) DEL SECTOR CUYO MOCCO - ACHAYPIÑA", "documento": null, "fuentetipo": null, "fuente": "Manantial JAHUACCA 3", "volumenfue": null, "cur": 2.0210138046401085e+19, "organizaci": null, "bloquecodi": null, "bloquenomb": null, "coordenada": null, "departamen": null, "provincia": "Carabaya", "distrito": "Corani", "juntausuar": null, "comisionco": null, "fecharegis": null, "validado": "AHUARANCCA", "pozo": null, "codpozo": null, "numfila": 1, "datum": "WGS 84 (UTM)", "zona": 19, "este": 331592, "norte": 8460634, "unidadhidr": null, "areatotal": 0.0 }, "geometry": { "type": "Point", "coordinates": [ -70.558753643405495, -13.919422202967786 ] } },
{ "type": "Feature", "properties": { "aaa": "Madre de Dios", "ala": "Tambopata - Inambari", "resolucion": "RD 0147-2021", "fecha": "08\/09\/2021", "archivo": "64-RD-0147-2021-06.pdf", "codlugarus": null, "lugaruso": "Central Hidroeléctrica Angel I Angel II y Angel III", "uso": "Energético", "clase": "Licencia", "volumen": 499.89, "area": 0.0, "modulo": 0.0, "usuario": "GENERADORA DE ENERGIA DEL PERU S.A.", "documento": "RUC: 20417773542", "fuentetipo": null, "fuente": "Río CHIAMAYO \/ Río CHIAMAYO \/ Río CHIAMAYO", "volumenfue": null, "cur": 2.0210147046405095e+19, "organizaci": null, "bloquecodi": null, "bloquenomb": null, "coordenada": null, "departamen": null, "provincia": "Carabaya", "distrito": "Ollachea", "juntausuar": null, "comisionco": null, "fecharegis": null, "validado": null, "pozo": null, "codpozo": null, "numfila": 1, "datum": "WGS 84 (UTM)", "zona": 19, "este": 334768, "norte": 8488633, "unidadhidr": null, "areatotal": 0.0 }, "geometry": { "type": "Point", "coordinates": [ -70.527717225067633, -13.666527821385253 ] } },
{ "type": "Feature", "properties": { "aaa": "Madre de Dios", "ala": "Tambopata - Inambari", "resolucion": "RD 0175-2021", "fecha": "22\/10\/2021", "archivo": "64-RD-0175-2021-05.pdf", "codlugarus": null, "lugaruso": "Proyecto Minero \"Señor Cautivo\", dentro de DM SEÑOR CAUTIVO (Código Nº 040000602)", "uso": "Minero", "clase": "Licencia", "volumen": 28392.0, "area": 0.0, "modulo": 0.0, "usuario": "MINERMIN GOLD E.I.R.L.", "documento": "RUC: 20490925121", "fuentetipo": null, "fuente": "Acuífero INAMBARI \/ Acuífero INAMBARI", "volumenfue": null, "cur": 2.0210175046408122e+19, "organizaci": null, "bloquecodi": null, "bloquenomb": null, "coordenada": null, "departamen": null, "provincia": "Manu", "distrito": "Huepetuhe", "juntausuar": null, "comisionco": null, "fecharegis": null, "validado": null, "pozo": null, "codpozo": null, "numfila": 1, "datum": "WGS 84 (UTM)", "zona": 19, "este": 346751, "norte": 8554535, "unidadhidr": null, "areatotal": 0.0 }, "geometry": { "type": "Point", "coordinates": [ -70.413472838072835, -13.071452555676913 ] } },
{ "type": "Feature", "properties": { "aaa": "Madre de Dios", "ala": "Tambopata - Inambari", "resolucion": "RD 0184-2021", "fecha": "10\/11\/2021", "archivo": "64-RD-0184-2021-05.pdf", "codlugarus": null, "lugaruso": "Vivienda dentro del predio rural con Código de Referencia Catastral N°: 9_3508550_133253", "uso": "Doméstico - Poblacional", "clase": "Licencia", "volumen": 547.5, "area": 0.0, "modulo": 0.0, "usuario": "VICTORIA APAZA AQUINO DE CANCAPA", "documento": "DNI: 04815049", "fuentetipo": null, "fuente": "Quebrada LUNA", "volumenfue": null, "cur": 2.0210184046402093e+19, "organizaci": null, "bloquecodi": null, "bloquenomb": null, "coordenada": null, "departamen": null, "provincia": "Tambopata", "distrito": "Inambari", "juntausuar": null, "comisionco": null, "fecharegis": null, "validado": null, "pozo": null, "codpozo": null, "numfila": 1, "datum": "WGS 84 (UTM)", "zona": 19, "este": 352942, "norte": 8554407, "unidadhidr": null, "areatotal": 0.0 }, "geometry": { "type": "Point", "coordinates": [ -70.356388766203821, -13.072915712660665 ] } },
{ "type": "Feature", "properties": { "aaa": "Madre de Dios", "ala": "Tambopata - Inambari", "resolucion": "RD 0185-2021", "fecha": "12\/11\/2021", "archivo": "64-RD-0185-2021-05.pdf", "codlugarus": null, "lugaruso": "Proyecto Minero \"Cabecera Caychive 2000\", dentro de DM CABECERA CAYCHIVE 2000 (Código Nº 010060293)", "uso": "Minero", "clase": "Licencia", "volumen": 30240.0, "area": 0.0, "modulo": 0.0, "usuario": "MINERA AURÍFERA SUR AMAZÓNICO S.R.L.", "documento": "RUC: 20527162174", "fuentetipo": null, "fuente": "Acuífero INAMBARI", "volumenfue": null, "cur": 2.0210185046408094e+19, "organizaci": null, "bloquecodi": null, "bloquenomb": null, "coordenada": null, "departamen": null, "provincia": "Manu", "distrito": "Huepetuhe", "juntausuar": null, "comisionco": null, "fecharegis": null, "validado": null, "pozo": null, "codpozo": null, "numfila": 1, "datum": "WGS 84 (UTM)", "zona": 19, "este": 335397, "norte": 8560154, "unidadhidr": null, "areatotal": 0.0 }, "geometry": { "type": "Point", "coordinates": [ -70.517860106545257, -13.020065663743415 ] } },
{ "type": "Feature", "properties": { "aaa": "Madre de Dios", "ala": "Tambopata - Inambari", "resolucion": "RD 0195-2021", "fecha": "01\/12\/2021", "archivo": "64-RD-0195-2021-04.pdf", "codlugarus": null, "lugaruso": "\"COMUNIDAD NATIVA DE SAN LORENZO\"", "uso": "Poblacional", "clase": "Licencia", "volumen": 8684.7, "area": 0.0, "modulo": 0.0, "usuario": "JUNTA ADMINISTRADORA DE SERVICIOS DE SANEAMIENTO (JASS) DEL CENTRO POBLADO RURAL COMUNIDAD NATIVA DE SAN LORENZO", "documento": "DNI: 44968605", "fuentetipo": null, "fuente": "Quebrada LA CURVA", "volumenfue": null, "cur": 2.0210195046401184e+19, "organizaci": null, "bloquecodi": null, "bloquenomb": null, "coordenada": null, "departamen": null, "provincia": "Quispicanchi", "distrito": "Camanti", "juntausuar": null, "comisionco": null, "fecharegis": null, "validado": null, "pozo": null, "codpozo": null, "numfila": 1, "datum": "WGS 84 (UTM)", "zona": 19, "este": 333573, "norte": 8539688, "unidadhidr": null, "areatotal": 0.0 }, "geometry": { "type": "Point", "coordinates": [ -70.535823237760923, -13.204966488250053 ] } },
{ "type": "Feature", "properties": { "aaa": "Madre de Dios", "ala": "Tambopata - Inambari", "resolucion": "RD 0207-2021", "fecha": "14\/12\/2021", "archivo": "64-RD-0207-2021-04.pdf", "codlugarus": null, "lugaruso": null, "uso": "Poblacional", "clase": "Licencia", "volumen": 24913.47, "area": 0.0, "modulo": 0.0, "usuario": "JUNTA ADMINISTRADORA DE SERVICIOS DE SANEAMIENTO (JASS) - MIRAFLORES", "documento": null, "fuentetipo": null, "fuente": "Manantial Jilari Puka K'aka \/ Manantial Ccololopata", "volumenfue": null, "cur": 2.021020704640118e+19, "organizaci": null, "bloquecodi": null, "bloquenomb": null, "coordenada": null, "departamen": null, "provincia": "Sandia", "distrito": "Cuyocuyo", "juntausuar": null, "comisionco": null, "fecharegis": null, "validado": "AHUARANCCA", "pozo": null, "codpozo": null, "numfila": 1, "datum": "WGS 84 (UTM)", "zona": 19, "este": 441944, "norte": 8399978, "unidadhidr": null, "areatotal": 0.0 }, "geometry": { "type": "Point", "coordinates": [ -69.538712725472678, -14.472231485761984 ] } },
{ "type": "Feature", "properties": { "aaa": "Madre de Dios", "ala": "Tambopata - Inambari", "resolucion": "RD 0218-2021", "fecha": "23\/12\/2021", "archivo": "64-RD-0218-2021-02.pdf", "codlugarus": null, "lugaruso": "Proyecto de Exploración Minera “Usicayo”", "uso": "Minero", "clase": "Autorización", "volumen": 1457.06, "area": 0.0, "modulo": 0.0, "usuario": "PALAMINA S.A.C.", "documento": "RUC: 20601780781", "fuentetipo": null, "fuente": "Quebrada TOLTOJERE \/ Quebrada ACERUNE", "volumenfue": null, "cur": 2.0210218046408217e+19, "organizaci": null, "bloquecodi": null, "bloquenomb": null, "coordenada": null, "departamen": null, "provincia": "Carabaya", "distrito": "Usicayos", "juntausuar": null, "comisionco": null, "fecharegis": null, "validado": null, "pozo": null, "codpozo": null, "numfila": 1, "datum": "WGS 84 (UTM)", "zona": 19, "este": 397071, "norte": 8442420, "unidadhidr": null, "areatotal": 0.0 }, "geometry": { "type": "Point", "coordinates": [ -69.953449300920681, -14.087211826970032 ] } },
{ "type": "Feature", "properties": { "aaa": "Madre de Dios", "ala": "Tambopata - Inambari", "resolucion": "RD 0219-2021", "fecha": "23\/12\/2021", "archivo": "64-RD-0219-2021-08.pdf", "codlugarus": null, "lugaruso": "Proyecto Minero \"Josue Luis\", en el DM JOSUE LUIS, de Código Nº 070029506", "uso": "Minero", "clase": "Licencia", "volumen": 90000.0, "area": 0.0, "modulo": 0.0, "usuario": "LEONARDO HUAMÁN HUANCA", "documento": "RUC: 10242831310", "fuentetipo": null, "fuente": "Acuífero INAMBARI", "volumenfue": null, "cur": 2.0210219046408217e+19, "organizaci": null, "bloquecodi": null, "bloquenomb": null, "coordenada": null, "departamen": null, "provincia": "Tambopata", "distrito": "Inambari", "juntausuar": null, "comisionco": null, "fecharegis": null, "validado": null, "pozo": null, "codpozo": null, "numfila": 1, "datum": "WGS 84 (UTM)", "zona": 19, "este": 393249, "norte": 8576670, "unidadhidr": null, "areatotal": 0.0 }, "geometry": { "type": "Point", "coordinates": [ -69.983871669807939, -12.873311452047879 ] } },
{ "type": "Feature", "properties": { "aaa": "Madre de Dios", "ala": "Tambopata - Inambari", "resolucion": "RD 0221-2021", "fecha": "29\/12\/2021", "archivo": "64-RD-0221-2021-05.pdf", "codlugarus": null, "lugaruso": "Vivienda dentro del predio rural con Código de Referencia Catastral Nº : 9_3408560_061333", "uso": "Doméstico - Poblacional", "clase": "Licencia", "volumen": 473.07, "area": 0.0, "modulo": 0.0, "usuario": "FORTUNATO MERCADO QUISPE", "documento": "DNI: 04824602", "fuentetipo": null, "fuente": "Quebrada Ena", "volumenfue": null, "cur": 2.0210221046402163e+19, "organizaci": null, "bloquecodi": null, "bloquenomb": null, "coordenada": null, "departamen": null, "provincia": "Manu", "distrito": "Huepetuhe", "juntausuar": null, "comisionco": null, "fecharegis": null, "validado": null, "pozo": null, "codpozo": null, "numfila": 1, "datum": "WGS 84 (UTM)", "zona": 19, "este": 342441, "norte": 8561477, "unidadhidr": null, "areatotal": 0.0 }, "geometry": { "type": "Point", "coordinates": [ -70.452850370760956, -13.008478029754437 ] } },
{ "type": "Feature", "properties": { "aaa": "Madre de Dios", "ala": "Tambopata - Inambari", "resolucion": "RD 0014-2022", "fecha": "31\/01\/2022", "archivo": "64-RD-0014-2022-05.pdf", "codlugarus": null, "lugaruso": "Proyecto Minero Metálico, en el DM TEJADA 2004, de Código N° 040021804", "uso": "Minero", "clase": "Licencia", "volumen": 1472827.2, "area": 0.0, "modulo": 0.0, "usuario": "VIOLETA BACA CASAS", "documento": "RUC: 10432549343", "fuentetipo": null, "fuente": "Quebrada TEJADA", "volumenfue": null, "cur": 2.0220014046408196e+19, "organizaci": null, "bloquecodi": null, "bloquenomb": null, "coordenada": null, "departamen": null, "provincia": "Quispicanchi", "distrito": "Camanti", "juntausuar": null, "comisionco": null, "fecharegis": null, "validado": null, "pozo": null, "codpozo": null, "numfila": 1, "datum": "WGS 84 (UTM)", "zona": 19, "este": 292410, "norte": 8539694, "unidadhidr": null, "areatotal": 0.0 }, "geometry": { "type": "Point", "coordinates": [ -70.915548679736787, -13.202351929947206 ] } },
{ "type": "Feature", "properties": { "aaa": "Madre de Dios", "ala": "Tambopata - Inambari", "resolucion": "RD 0016-2022", "fecha": "01\/02\/2022", "archivo": "64-RD-0016-2022-05.pdf", "codlugarus": null, "lugaruso": "“Rehabilitación, Mejoramiento, Conservación y Explotación del Corredor Vial Interoceánico Perú-Brasil” “Urcos-Puente Inambari”.", "uso": "Otros Usos", "clase": "Autorización", "volumen": 124488.89, "area": 0.0, "modulo": 0.0, "usuario": "ODEBRECHT PERÚ OPERACIONES Y SERVICIOS S.A.C.", "documento": "RUC: 20544263642", "fuentetipo": null, "fuente": "Quebrada PALCAHUAYJO \/ Río PALQUILLA \/ Río PALQUILLA \/ Quebrada JOCHA \/ Quebrada MAMABAMBA \/ Quebrada SAN PEDRO \/ Quebrada MIRAFLORES \/ Río SAN MIGUEL \/ Quebrada HUACYUMBRE I \/ Quebrada HUACYUMBRE", "volumenfue": null, "cur": 2.022001604641212e+19, "organizaci": null, "bloquecodi": null, "bloquenomb": null, "coordenada": null, "departamen": null, "provincia": "Quispicanchi", "distrito": "Marcapata", "juntausuar": null, "comisionco": null, "fecharegis": null, "validado": null, "pozo": null, "codpozo": null, "numfila": 1, "datum": "WGS 84 (UTM)", "zona": 19, "este": 272877, "norte": 8491356, "unidadhidr": null, "areatotal": 0.0 }, "geometry": { "type": "Point", "coordinates": [ -71.099502078634572, -13.637738059542388 ] } },
{ "type": "Feature", "properties": { "aaa": "Madre de Dios", "ala": "Tambopata - Inambari", "resolucion": "RD 0025-2022", "fecha": "08\/02\/2022", "archivo": "64-RD-0025-2022-05.pdf", "codlugarus": null, "lugaruso": "Proyecto \"GALLO DE ORO 2002\", dentro de DM GALLO DE ORO 2002, de Código Nº 040002202", "uso": "Minero", "clase": "Licencia", "volumen": 20649.96, "area": 0.0, "modulo": 0.0, "usuario": "MINERA TRANSOCEANICA S.A.C.", "documento": "RUC: 20527397309", "fuentetipo": null, "fuente": "Acuífero INAMBARI \/ Acuífero INAMBARI", "volumenfue": null, "cur": 2.0220025046408151e+19, "organizaci": null, "bloquecodi": null, "bloquenomb": null, "coordenada": null, "departamen": null, "provincia": "Manu", "distrito": "Huepetuhe", "juntausuar": null, "comisionco": null, "fecharegis": null, "validado": null, "pozo": null, "codpozo": null, "numfila": 1, "datum": "WGS 84 (UTM)", "zona": 19, "este": 339050, "norte": 8558449, "unidadhidr": null, "areatotal": 0.0 }, "geometry": { "type": "Point", "coordinates": [ -70.484274422288152, -13.035673203955129 ] } },
{ "type": "Feature", "properties": { "aaa": "Madre de Dios", "ala": "Tambopata - Inambari", "resolucion": "RD 0046-2022", "fecha": "23\/02\/2022", "archivo": "64-RD-0046-2022-06.pdf", "codlugarus": null, "lugaruso": "Sector Chimpaccocha", "uso": "Poblacional", "clase": "Licencia", "volumen": 13596.0, "area": 0.0, "modulo": 0.0, "usuario": "JUNTA ADMINISTRADORA DE LOS SERVICIOS DE SANEAMIENTO- JASS DEL SECTOR CHIMPACCOCHA DE LA COMUNIDAD CAMPESINA DE CCOLLASUYO", "documento": null, "fuentetipo": null, "fuente": null, "volumenfue": null, "cur": 2.0220046046401171e+19, "organizaci": null, "bloquecodi": null, "bloquenomb": null, "coordenada": null, "departamen": null, "provincia": "Quispicanchi", "distrito": "Marcapata", "juntausuar": null, "comisionco": null, "fecharegis": null, "validado": null, "pozo": null, "codpozo": null, "numfila": 1, "datum": "WGS 84 (UTM)", "zona": 19, "este": 292183, "norte": 8498583, "unidadhidr": null, "areatotal": 0.0 }, "geometry": { "type": "Point", "coordinates": [ -70.92058683207182, -13.573870360377711 ] } },
{ "type": "Feature", "properties": { "aaa": "Madre de Dios", "ala": "Tambopata - Inambari", "resolucion": "RD 0047-2022", "fecha": "23\/02\/2022", "archivo": "64-RD-0047-2022-05.pdf", "codlugarus": null, "lugaruso": "Proyecto Minero Lirios 2, en el DM Lirios 2, de Código N° 070007302", "uso": "Minero", "clase": "Licencia", "volumen": 31512.0, "area": 0.0, "modulo": 0.0, "usuario": "BENEDICTA HANCCOCCALLO VDA DE QUIÑONES", "documento": "RUC: 10238598961", "fuentetipo": null, "fuente": "Quebrada MACHO", "volumenfue": null, "cur": 2.0220047046408176e+19, "organizaci": null, "bloquecodi": null, "bloquenomb": null, "coordenada": null, "departamen": null, "provincia": "Manu", "distrito": "Huepetuhe", "juntausuar": null, "comisionco": null, "fecharegis": null, "validado": null, "pozo": null, "codpozo": null, "numfila": 1, "datum": "WGS 84 (UTM)", "zona": 19, "este": 346961, "norte": 8556166, "unidadhidr": null, "areatotal": 0.0 }, "geometry": { "type": "Point", "coordinates": [ -70.411452577467557, -13.05671904653869 ] } },
{ "type": "Feature", "properties": { "aaa": "Madre de Dios", "ala": "Tambopata - Inambari", "resolucion": "RD 0048-2022", "fecha": "23\/02\/2022", "archivo": "64-RD-0048-2022-05.pdf", "codlugarus": null, "lugaruso": "Proyecto Minero Señor Cautivo II, dentro de DM SEÑOR CAUTIVO II (Código Nº 040000702)", "uso": "Minero", "clase": "Licencia", "volumen": 28392.0, "area": 0.0, "modulo": 0.0, "usuario": "MINERA NUEVA FE S.A.C.", "documento": "RUC: 20527171246", "fuentetipo": null, "fuente": null, "volumenfue": null, "cur": 2.022004804640818e+19, "organizaci": null, "bloquecodi": null, "bloquenomb": null, "coordenada": null, "departamen": null, "provincia": "Manu", "distrito": "Huepetuhe", "juntausuar": null, "comisionco": null, "fecharegis": null, "validado": null, "pozo": null, "codpozo": null, "numfila": 1, "datum": "WGS 84 (UTM)", "zona": 19, "este": 347295, "norte": 8556959, "unidadhidr": null, "areatotal": 0.0 }, "geometry": { "type": "Point", "coordinates": [ -70.408332207160797, -13.04956716943936 ] } },
{ "type": "Feature", "properties": { "aaa": "Madre de Dios", "ala": "Tambopata - Inambari", "resolucion": "RD 0050-2022", "fecha": "25\/02\/2022", "archivo": "64-RD-0051-2022-03.pdf", "codlugarus": null, "lugaruso": null, "uso": "Poblacional", "clase": "Licencia", "volumen": 12299.07, "area": 0.0, "modulo": 0.0, "usuario": "JUNTA ADMINISTRADORA DE SERVICIOS DE SANEAMIENTO (JASS) DE LA ASOCIACIÓN DE VIVIENDA OLLANTA", "documento": null, "fuentetipo": null, "fuente": "Manantial OLLANTA", "volumenfue": null, "cur": 2.0220050046401184e+19, "organizaci": null, "bloquecodi": null, "bloquenomb": null, "coordenada": null, "departamen": null, "provincia": "Tambopata", "distrito": "Inambari", "juntausuar": null, "comisionco": null, "fecharegis": null, "validado": "AHUARANCCA", "pozo": null, "codpozo": null, "numfila": 1, "datum": "WGS 84 (UTM)", "zona": 19, "este": 352256, "norte": 8552109, "unidadhidr": null, "areatotal": 0.0 }, "geometry": { "type": "Point", "coordinates": [ -70.362828948639603, -13.093656538259703 ] } },
{ "type": "Feature", "properties": { "aaa": "Madre de Dios", "ala": "Tambopata - Inambari", "resolucion": "RD 0059-2022", "fecha": "08\/03\/2022", "archivo": "64-RD-0059-2022-05.pdf", "codlugarus": null, "lugaruso": "DM Quebrada Cuatro Amigos (Código 040006496)", "uso": "Minero", "clase": "Licencia", "volumen": 37800.0, "area": 0.0, "modulo": 0.0, "usuario": "V & C MINING RESOURCES S.R.L", "documento": "RUC: 20490916726", "fuentetipo": null, "fuente": "Acuífero INAMBARI", "volumenfue": null, "cur": 2.0220059046408163e+19, "organizaci": null, "bloquecodi": null, "bloquenomb": null, "coordenada": null, "departamen": null, "provincia": "Manu", "distrito": "Huepetuhe", "juntausuar": null, "comisionco": null, "fecharegis": null, "validado": null, "pozo": null, "codpozo": null, "numfila": 1, "datum": "WGS 84 (UTM)", "zona": 19, "este": 346310, "norte": 8558128, "unidadhidr": null, "areatotal": 0.0 }, "geometry": { "type": "Point", "coordinates": [ -70.417354289380128, -13.03894993479714 ] } },
{ "type": "Feature", "properties": { "aaa": "Madre de Dios", "ala": "Tambopata - Inambari", "resolucion": "RD 0066-2022", "fecha": "17\/03\/2022", "archivo": "64-RD-0066-2022-03.pdf", "codlugarus": null, "lugaruso": "Campamento Uruhuasi", "uso": "Otros Usos", "clase": "Autorización", "volumen": 6307.2, "area": 0.0, "modulo": 0.0, "usuario": "OPERADORA SURPERU S.A.", "documento": "RUC: 20544268873", "fuentetipo": null, "fuente": "Quebrada TUPURI", "volumenfue": null, "cur": 2.0220066046412182e+19, "organizaci": null, "bloquecodi": null, "bloquenomb": null, "coordenada": null, "departamen": null, "provincia": "Carabaya", "distrito": "San Gaban", "juntausuar": null, "comisionco": null, "fecharegis": null, "validado": null, "pozo": null, "codpozo": null, "numfila": 1, "datum": "WGS 84 (UTM)", "zona": 19, "este": 342665, "norte": 8484460, "unidadhidr": null, "areatotal": 0.0 }, "geometry": { "type": "Point", "coordinates": [ -70.454951304930802, -13.704687866097283 ] } }
]
}
